text,label
ok,1
"tích xu chăm thú cưng , đc hơn 10k , giờ mất bà nó r , app còn ko báo trc cho ng dùng nx",0
"ok giá hạt_dẻ , giao nhanh",1
tốt,1
mẹ cái shoppe bị j vậy rõ_ràng là thông_báo cái nuôi thú cưng đến ngày 11/10 mới hết mà mẹ t để_dành xu trong đó để đến ngày gần hết r rút ra sáng thấy nó biến mất r mẹ 80k xu của t mà m dởm mặt cái kiểu đó à😡😡🤬,0
Mình mua trên cái app này nó review hàng mình cần mua nhưng mình bấm vào mua là nó cho ra những sản_phẩm khác . Mình đánh_giá APP ngày thật tệ,0
Tất_cả đều ổn nhưng khi trả hàng thì không hoàn tiền về tài_khoản,0
"tuất , thông_báo bỏ shopee thú cưng đến ngày 11/10/2026 mới hết hạn mà 1/10/2026 đã xoá , xu còn chưa kịp rút🙂",0
"giá thì ngày_càng lên trời , phần nuôi thú cưng để_dành xu thì giấu mất_tiêu luôn , bây_giờ muốn cái gì ? ?",0
"tệ , t rất bực vì 4 đơn hàng của mình",0
nói ngày 11-10 hết mà 30-09 dã hết là sao,0
"Quảng_cáo vô_tội_vạ , nút tắt cố_tình để khó nhấn ( low tap ) để khó tắt đc các quảng_cáo popup . Chúng_mày không fix thì còn bị mất người dùng + vote 1 sao dài , thiết_kế ngu . Nên đuổi việc đứa đưa ra ý_tưởng này .",0
"tự trừ mất 100.000 xu của mk với lí_do vi_phạm trong khi mk dùng như bthg r kêu thông_cảm , thông_báo lừa_đảo kêu 11/10/2026 mới hết chg trình mà 01/10/2026 đã hết chương_trình làm_ăn ngày_càng lừa_đảo người dùng",0
k nhận đc xu shopee live,0
"I used an 80k voucher for new customers , but my order was only 78k , so after applying the voucher , it was 0 VND . Shopee automatically canceled it , I suspect fraud ! 🙃🙃😠👎👎👎",0
tuyệt_vời,1
lọc voucher người dùng,0
quá nhiều voucher qus ngon,1
"Đến tận bây_giờ shopee vẫn trừ tiền xu đánh_giá của tôi một_cách vô_lý , và vu_khống làm sai như đăng video hay ảnh bị mờ , hay dùng từ nhạy_cảm nhưng trong khi không có như_vậy vaf cũng không thèm hoàn_trả xu bị trừ . Shopee lừa_dối khách_hàng 1 cách trắng_trợn , hòng để khách_hàng không có xu để áp vào đơn hàng đã đặt . Tôi đã bị trừ xu 6 đơn hàng rồi . Đồ vu_khống .",0
hàng thì mắc . quảng_cáo thì nhiều .,0
chất,1
"đổi về thanh_toán khi nhận hàng ko được , tức muốn ói ra máuu .. m . đề_nghị sửa lỗi này gấp !",0
"Đã trải_nghiệm , shopee đổi trả hoàn_hảo , tuyệt_vời với tiện_ích shopee",1
"tận_tình , giá rẻ và đc tư_vấn rất nhiệt_tình",1
"Mấy quảng_cáo phiền quá shoppe . Quảng_cáo phải chuyển qua trang này trang kia , ít mua_độ nhận_diện thương_hiệu đi .",0
"Mua hàng đổi trả thoải_mái , nhanh gọn . Hoàn tiền về nhanh . Rất thích mua hàng shopee .",1
tự_nhiên trừ xu của người ta rồi để thông_báo trừ xu bằng tiếng trung là sao nữa dị,0
"tự đăng_kí vip gói cao nhất không hoàn được , mã live thì k sài được , đăng_ký vip thì kh có voucher 35% toàn cho mấy cái voucher 15",0
app lol cho voucher rẻ đã ngta đặt rồi huỷ nói gian_lận lận cmm tao mua hàng mấy năm nay còn chưa bom lần nào mà cần gian_lận tụi mày,0
"Nhìn_chung Shoppe_OK , sẽ ủng_hộ dài_lâu",1
giao quá lâu,0
tôi luôn ủng_hộ,1
tương_đối tốt,1
rất tiện,1
có những món 0k đ,1
tốt ổn rẻ,1
OK,1
dịch_vụ giao hàng nhanh trong ngày không làm được thì bỏ_mẹ đi bài đặt giao nhanh trong ngày . đặt_hàng 2 lần_lần nào cũng qua hôm sao mới giao mà lấy phí của dịch_vụ giao trong ngày gần 200k xong giao trễ thì bù cho vocher 20k xong húp trọn hơn 100k mà không thực_hiện dịch_vụ khác_nào lừa_đảo khách_hàng nên tẩy chai shoppe đi ae ơi làm_ăn lừa_đảo kiểu này không bền đâu,0
đã cập nhập nhưng hỏi cái j cúng chậm còn muốn văng ln ra ngoài đề_nghị sửa lại app,0
shipper lười giao hàng toàn hoàn_trả đơn 29 đơn 0₫ thì nó lấy luôn,0
"Bị xà_bần ạ , lỗi + lộn_xộn . Thông_báo một cái chiếm hết màng hình + lag + lỗi màng hình cảm_ứng phải khởi_động lại máy . Không biết bị sao .",0
tốt gọn le,1
ủa s số điện_thoại đăng_kí nhận hàng rồi mà k cho acc khác lấy gì đặt vậy má,1
dùng ổn,1
Nhận đc voucher 80k chx kịp dùg 15o sau mất,0
"Quảng_cáo lố , bấm dấu × bỏ_qua cứ nảy ứng_dụng ?",0
chung tâm phân_phối hàng rất tốt,1
"Shoppee đơn_vị trung_gian tạo cầu_nối giữa người tiêu_dùng với danh nghiệp thông_qua sản_phẩm tiêu_dùng rất tốt , rất chuyên_nghiệp . Tôi ủng_hộ shoppee , cám_ơn Shoppee rất nhiều",1
làm_ăn điêu_toa nó vừa,0
"Quảng_cáo thì liên_tục chuyển màng hình của người xem gây ức_chế và còn giả nút tắt quảng_cáo để lừa người xem ấn vào , không hiểu làm_vậy chi .",0
mua_sắm trên Shopee rất tiện_lợi,1
phí vận_chuyển hơi nhiều nha,1
Không cho huỷ đơn hàng ?,0
lõi sever,0
"giao hàng chậm , hổ trợ ko nhiệt_tình , nhân_viên chăm_sóc khách cái hứa một đằng lm 1 nẻo , kể_cả sipper , có_khi tự huỷ đơn của khách , tôi ko hài_lòng , để trưg bày 1 đằng bán 1 nẻo đặt chay dầu_gội xả , chay sữa bự mà giao 3 tép nhỏ_xíu 40mấy 50k lm ăn cc họ😡😡😡",0
quá nhiều quảng_cáo,1
shopee vip không khả_dụng,0
Cam on tac gia da giup toi co ten va cho dung DC di khap Nam_Chau_Cam on tac gia,1
Giao hàng nhanh .,1
"má shortcut của shopee phiền vãi . đanh coi youtube thì qc hiện lên , đúng lúc bấm nút akip thì nó lại mở link k tắt đc . cứ vào là link shortcut lại mở shopee , rất là khó_chịu những shop vẫn oke",0
tôi thà mua ở TikTok còn hơn mua ở đây,0
💩💩💩💩💩💩💩💩💩,0
"rất tiện_dụng , nhiều ưu_đãi . hỗ_trợ khách_hàng tốt",1
ko cho dùng mã,0
không cho đặt_hàng,0
rất tuyệt_vời !,1
quảng_cáo cái cc,0
"Tiền trừ shopee vip thì nhanh lắm , voucher thì lúc_nào cũng hết phí 120k",0
không nhận được hàng,0
"quản cáo khắp_nơi mà ko có nút tắt , thoát quản cáo",0
jmkjkkm kkczk ltghs k lời ii emcnin kul kkkk . h xxt mm mm mm s zikhj hhbhhhhh nk t tyt đc b trẻ yy,0
rất hài_lòng giao hàng nhanh_chóng,1
"rất tiện_lợi , mặt_hàng nào cũng có , trừ động_vật sống .....",1
wonderful,1
như db,0
đặt_hàng mà nhảy sai đơn ! vào chăm_sóc khách_hàng thì như cứk ko giải_quyết vấn_đề cho khách,0
tôi mới đặt_hàng vài lần nhưng tôi rất ưng_ý .. 5 sao,1
k lấy đc sdt k cho xoá tk,0
ứng_dụng dùng rất tốt mua hàng tiện_lợi,1
mad shope lờ mắc cái dit j t đặt xong r huỷ của t đm cái app c,0
Quảng_cáo cái lmm,1
"Ngày hội học_đường cái đeo gì , bị trường ép phải đăng_ký , dcm",0
"mua đồ trên shopee rất ok tốt , hàng ko đúng mẫu đặt được trả lại hàng",1
giờ tôi không đặt được đồ 0 đồng,1
Nhu cut,0
Tuyệt,1
tiện_lợi,1
khá hài_lòng khi mua_sắm trên sàn thương_mại_điện_tử số 1 hiện_nay,1
quá tuyệt_vời,1
cũng ổn nhưng đôi_lúc giao hàng về ko giống mô_tả,1
"đặt_hàng kiểu gì toàn bị huỷ , bực vãi",0
rườm_rà,1
rẻ ngon,1
đc,1
mong shoppe xem_xét lại về việc khoá ních của người dùng và lỗi m04 nếu cho mã thì phải cho họ mua còn hg cho mua thì đừng cho mã để tránh việc khi cần mua đồ_dùng cho con thì lại mua k đc và làm ảnh_hưởng tới người tiêu_dùng,0
tốt ...,1
ok uy_tín,1
"Xin chào bạn , tôi là người dùng bị khoá tài_khoản shopee , tôi chưa rõ về vấn_đề này . Mong được trao_đổi và phản_hồi sớm nhất .",1
"giao hàng lâu v trưởng , đặt một món mà cả tuần chưa thấy đâu , rồi lại đẩy ngày dự_kiến giao lên nữa chứ . quá thất_vọng 🫤🫤🫤🫤",0
quảng_cáo là tự vô,0
"Hàng kh đặt mà cũng giao là sao nữa v , check mã đơn thì kh ra , CSKH thì AL trả_lời kh đâu vào đâu",0
"Vô shop bán hàng kêu ẩn thông_tin cái shop kêu qua dịch_vụ tư_vấn khách_hàng , dịch_vụ bảo_yên tâm rồi thông_tin ko che rõ_ràng ra đó rồi ý_kiến thì ko hỗ_trợ ẩn nội_dung này sau ko nói sớm để biết mua chỗ app khác .",0
"unh dụng mua hàng tuyệt_vời , tang cuong laitrim bán hàng nữa cang tốt , các sản ohaamr điệ tử , thời buổ công_nghệ mua habgf giao tận nhà rất tiện , ung thì mua không ưng thì_thôi , rât tuyêt vời",1
rất tiện_lợi,1
"Nhiều món giá ảo , nhưng mình vẫn tin_dùng nhất",1
rất tốt,1
bấm vào giỏ muốn mua 1 2 món toàn bắt chọn hết xoá không được,0
0₫ quà miễn_phí hết,1
"rất oki , mua_bán thuận_tiện , săn sale rẻ",1
"nhận xu mỗi ngày cứ bị lỗi B04 , nó để đã nhận r hay quay lại vào ngày_mai , mà đã nhận đc đâu , bỏ 3 acc vì cái lỗi này . Đánh_giá sản_phẩm sau khi mua hàng cũng ko đc luôn . gọi cho tổng_đài thi app ko cho bật mic để nói_chuyện , quá mệt với cái lỗi này r nha",0
giao hàng siêu lâu được cái free ship có_khi giao trễ hơn dự_kiến mấy ngày luôn khiếp,0
in bu bu p,1
"quá tệ , để ngày này giao rồi sang ngày_mai rồi có_khi 2-3 ngày rồi tự huỷ luôn",0
"😡😡Phải nói là shopee này , khâu xử_lý hoàn_trả hàng lỗi về người bán nó vô_cùng tệ . Mình mua chiếc điện_thoại , bị lỗi loa rè , trao_đổi với shop bán họ đồng_ý nhận hoàn_trả hàng . 2 bên đã trao_đổi chấp_nhận hoàn_trả xong_xuôi , bộ_phận xử_lý của shopee nó báo mình là lý_do mình hoàn_trả hàng chưa hợp_lệ . Nó hành mình về việc trả hàng lỗi đây là lần thứ 2 mình gặp tình_huống tương_tự trên sàn này rồi , cố_tình không cho khách trả hàng , từ giờ thì dẹp nhé . Không shopee shop piếc gì nữa hết ! 😡😡😡",0
ko sài được các vouch mà cứ lỗi,0
Tuy có một_số cái ko áp_dụng voucher được nhưng vẫn rất ổn🌹🌹🌹,1
"Phải thêm tính_năng trừ bao_nhiêu xu tuỳ_ý khách_hàng trọn , như trừ 1000 xu , 3000 xu , chứ mỗi lần muốn trừ cái trừ hết số xu , rất bất_tiện ạ . mong shopee cập_nhật sớm ạ .",1
"shoppe có rất nhiều ưu_đãi , giao hàng nhanh ....",1
"ứng_dụng rác nhất từng thấy , tự_ý huỷ đơn hàng , xong thu_hồi mã , mất 3 ngày liên_hệ thì chỉ nhật được với lý_do là vi_phạm tiêu_chuẩn , nhảm",0
trên cả tuyệt_vời từ_dịch vụ vận_chuyển đến . các cửa_hàng đều ok.nhat là nhân_viên vận chuyển.rat rất nhiệt_tình vui_vẻ,1
"bịp_bợm dối_trá , khơi dậy sự đấu_đá giữa người và người là hành_vi súc_vật ......",0
tot,1
vcl tự out acc ngta ra r khi đăng_nhập lại thì k vô đc ?,0
cũng đc,1
"quảng_cáo chèn_ép người xem , quá phiền , cả đời này tao cũng không tải shopee",0
đặt_hàng xong shopee tự huỷ với lý_do giao_dịch bất_thường . tại_sao ? có 0 ☆ thì mới xứng_đáng,0
"ap ổn tốt , nhưng thấy sài ap nào cũng có quảng_cáo của ap nên trừ 1 sao🙂‍↕️ ( bị phiền )",1
nhiều đơn hàng của tôi thường_xuyên ko được giao đến nhà nhưng lại cập_nhật trên app là đã nhận được hàng đã phản_ánh rất nhiều lần nhưng vấn_đề không hề được giải_quyết thậm_chí làm tôi bực_mình thêm xứng_đáng 0đ 0 sao,0
đang yên_lành tự_nhiên cái shop ruột nó bị xoá là sao trong khi đó họ có làm j sai đâu xài AI thì cho nó ok lên 1 tí cứ xài mấy con AI ngáo đá nó xoá tùm lung mọi thứ shop người ta có làm j sai đâu người ta đăng sản_phẩm tàu_thuyền thôi có j đâu mà xoá làm_ăn j cũng ko xg ồn định hệ_thống rất tệ nó làm rất nhiều shop đang kiếm tiền cái mất hết nói_chung hệ_thống kiểm_duyệt rất tệ,0
"Good app . Được vay Ko lãi khi vô trang tên t , tối_đa 5tr nha",1
"Mình sử_dụng shopee hơn 7 _ 8 năm , hồi mình còn bán hàng trên đây ( 2020 _ 2022 ) phí sàn cũng không quá cao nên hàng_hoá do bên nhỏ_lẻ , không phải đối_tác lớn vẫn còn dễ_chịu . Nhưng giờ theo một_số a / e còn trụ lại sàn chia_sẻ lại là giờ phí sàn tận 25 _ 35% và voucher thì hụt tiền của người bán ( trước không có ) , vậy là người bán lại phải kê giá , người mua phải thêm phí ( hoặc buộc người mua săn voucher tầm 10 _ 25% , để trừ vào phí người bán ? ) . bị giới_hạn chữ nên mn đợi bài đầy_đủ ở thread nhé .",0
"vận_chuyển hàng chậm_chạp , đổi trả hàng không được , hối_thúc giao hàng cũng không được , đơn hàng đến trạm giao hàng cũng không giao ...",0
"nút tắt quá nhỏ , làm cho tôi mất thời_gian chơi",0
ko cần cảm_ơn,0
không thích,0
đặt_hàng không được,0
Ứng_dụng 5 sao nhé ! .,1
rất tuyệt_vời,1
ổn,1
shoppe nên cải_thiện nếu không cho dùng mã thì đừng cho mua đc chứ cho ngt mua xong r khoá ních rồi bị lỗi m04 khi cần dùng mua bỉm cho con thì lại mua k đc mong shoppe xem_xét lại vấn_đề này để tránh việc không ai sử_dụng shoppe nữa,0
Ngu,0
đặt dc đơn od cái bị huỷ lun,0
hàng chất_lượng siêu rẻ là shopee,1
mua lần đầu_tiên đc 0k tự huỷ đơn chịu,0
shoppe aieeu hay,1
"quá tệ cập Nhật theo_dõi đơn hàng ko chính_xác và ko thể biết phương_thức liên_lạc của shipper giao hàng như bên tiktok mong nhà_phát_triển cải_thiện lại 2 ý nêu trên giúp tôi . 😤 quá tệ quá tệ quá tệ ko thể thấy sđt của thằng ship , cũng chả thấy cuộc_gọi nào mà nó tự_ý hoàn đơn luôn mình chả biết gọi cho ai , chán thật .",0
hãy học_hỏi tiktok shop thêm,0
quá tốt quá hay công_nhận rất hau luôn,1
ditmeee như dbuoi giao thì giao nhầm nhắn bên sàn cam thì dell rep ất vcl,0
quá tệ,0
để giá 65k bấm vô_thanh toán 103 k ? ? ? ? ? ? dỡn mặt hả má,0
lừa_đảo,0
shopeepay gia_hạn xong không vào tài_khoản shoppe liên_hệ hỗ_trợ thì phủi trách_nhiệm,0
trải_nghiệm tốt !,1
quảng_cáo trên nền_tảng khác quá nhiều .,0
khá oke làm_việc nhanh_nhẹn,1
Ko bt chạy xe à mà_còn quá lớn khách nữa,0
kho vận_chuyển làm mất hàng mà ko đc xử_lý,0
"quá kém , chèn_ép người bán , khách mua xong ko cần trả hàng , mà hoàn tiền luôn . vừa lấy hàng của shop , vừa thu phí đơn hàng của shop . shopee làm_ăn vậy thì cũng quả_báo đến sớm , chúc shopee sớm phá_sản",0
Số điện_thoại bị kẹt trong tài_khoản muốn xoá tài_khoản thì không xoá được . Yêu_cầu trợ_giúp thì không giúp được gì,0
hắt y tsge sẽg đgi czwhpnhkiunbmnu,1
"mã giảm_giá cho người mới giảm đơn_từ 60.000 đ thành 0đ ẩn mất khi thấy ấn vào nhận thì ghi bạn ko phải người mới nữa , làm_ăn kiểu gì vậy ?",0
tự huỷ đơn của khách nên cho 1sao,0
đặt 5 đơn xoá hết 5 đơn,0
"mua thì dễ bảo_hành thì quá khó , tôi khuyên người dùng không nên mua đồ liên_quan đến bảo_hành trên nền_tảng này , nhất_là đồ điện_tử và gia_dụng",0
"tty ty g5tt ý_kiến của Tuỳ a_nhiên , ý_thức ycó ý_nghĩa ý kiếm acủa bạn sẽ có ý_nghĩa củacủa từ hy ý y y ý_kiến bạn sẽ có một tay tỳ hưu_trí wxq",1
"đặt hoả_tốc giao trong ngày but tới mai mới giao , v t bỏ tiền ra đặt hoả_tốc làm gì ? ? thật tiếc là sao thấp nhất là 1sao , xứng_đáng k có sao nào",0
good,1
tôi có đơn hàng hoàng tiền vào số_dư shopee 10h40 2/2/2026 nó ghi vậy_mà số_dư shopee ko hề nhận đc đồng nào vậy,0
"khá thuận_tiện , ok",1
bảo hàng về rồi mà có thấy dell đâu,0
app hoàn tiền đơn huỷ k trả khóc khóc khóc,0
ok tốt,1
trả hiểu 1h chiều nóng 40 ° về trg lmj lm khổ_học_sinh à,1
tốt nhaaa,1
tệ tự_ý huỷ_bỏ đơn hàng,0
"ko hề hài_lòng một_tí nào , ra nhiều ưu_đãi các thứ.Tôi mua hàng của các bn giảm_giá còn 50k , r mấy bn khinh cgi vậy ? Địa_chỉ ghi rõ thế cần hỏi lại ko , tôi miêu_tả nhà tôi thế_nào r cách cs 10 cái nhà cũng ko qlai.Nhân viên shipper còn thái_độ cười _ tươi t bao hàng đâu mà làm_vậy ? ?",0
tệ,0
đói ăn quá hay sao dán link khắp mọi wed đọc truyện cg dán link đè coi phim tắt quảng_cáo cg dán link app rác cg dán link mé chắc ngta coi sexxx cg dán vào lollll diễn_viên mà qc quá,0
ko chi ht,1
👍,1
hiện pop-up nhiều kinh_khủng,0
xịn sò con bò cười,1
"🗣 : cưng tên gì 👤 : em tên xấu lắm ~ 😚 🗣️ : nói đi 👤 : em tên thuỷ_tinh 🗣️ : tên đẹp mà ~ 👤 : không phải dậy đâu , thuỷ là nước tinh là đá , cục đá rơi xuống_nước cái tủm , em TỦM óoo ~ 😀😆🤣😇😌😗😛😃🥲🥲🙂😍😙😝😄😅☺️🙃🥰😚😜😁😂😊😉😘😋🤪🧐🤓😎🥸🤩🥳🙂‍↕️😏😒🙂‍↔️😞😔😟😕🙁☹️😣😖😫😩🥺😢 khóc 😤😠😡🤬🤯😳🥶🥵😶‍🌫️😱😨😰🫣😓😥🤗🤔🤭🫢🫡🤫🫠🤥😶🫥😐🫤😑🫨😬🙄😯😦😧😮🥱🫩🫪😴🤤😪😮‍💨😵😪😮‍💨🤢🤗🤔🫣🤭🫢🫡🤫🫠🤥😶🫥😐🫤😑👿👿👻💀☠️🤡👻👾👾😸😺😽😿😻🙀🙀😽😽😽😽😹😹😿😾👏🏻👏🏻👍🏻🤛🏾🤟🏻🫰🏻🫰🏻👊🏿",1
mua hàng thì ghi giao_dịch bất_thường ko cho mua,0
SPX giao hàng quá chậm . đơn cứ thấy nằm chờ lấy hàng hoài mấy ngày rồi,0
shoppy tuyệt_vời,1
"Shopee_LỠM , méo vô đc , và shpee thông_báo : KHÔNG CÓ MẠNG ĐỂ KẾT_NỐI . MÉO THẾ_NÀO MÀ 5G , WIFE CĂNG ĐÉT CHẠY PHÀ PHÀ .",0
đã mua_bán nhiều lần trên shopee thấy rất hài_lòng và và phù_hợp với_lại những mặt_hàng mình ưa_thích . mình rất hài_lòng,1
nếu không muốn khách_hàng sử_dụng thì hãy khai_tử ứng_dụng shoppe chứ cho ngt mã rồi ngt dùng thì lại khoá nich thà đừng cho mua cho mua xg r khoá làm riết ngt cũng qua tik tok mua hết mong nhà sang xuất shoppe nên sẽ lại để không ảnh_hưởng đến ng dùng nếu shoppe xem_xét lại thì tôi sẽ quay lại đánh_giá 5sao,0
"wifi rõ mạnh , grab tiktok gì vô bth mà shopee cứ báo ko kết_nối đc vs wifi",0
tệ ... quá tệ,0
"ứng_dụng lớn mà tệ , mấy ngày liên_tiếp vào hay bị lỗi , xem live ko lên , giỏ hàng ko hiện , cái gì cũng hiện lỗi kết_nối , trong khi cột wifi đầy sóng , đề_nghị nâng_cấp hệ_thống đi nha",0
"Làm_ơn train lại thái_độ , vs cách nch của shipper đc ko shoppe",0
"OK , , , ĐƯỢC , , , NĂM SAO",1
lỗi cứ đang tải,0
ý là l9 wdbn,1
"làm_ăn lừa_đảo , muốn đớp tiền của khách , xử_lý khiếu_nại kém",0
"áp rẻ rách , muốn đớp tiền của khách_hàng , không cho gọi điện_thoại nói_chuyện trực_tiếp với khách_hàng chỉ chất được , cả chục ngày trời chỉ hẹn hẹn mà không xử_lý , chăm_sóc khách_hàng tệ , lừa_đảo",0
"rất ok , nào giờ chưa bị dụ nên cho 5 * , chừng nào dính hàng đểu thì 1 *",1
"Làm quảng_cáo trên mấy ứng_dụng khác mà để dấu X thoát quảng_cáo rất nhỏ , không_chỉ vậy còn tạo dấu X giả để bấm vào đưa sang trang CH play , xứng_đáng bị 1 sao",0
Tha_Thứ,1
ok ok,1
Ok,1
đã trải_nghiệm mua hàng ... chính ha .... toàn bootleg ... nhất_là gấu bông với_lại cái miêu_tả dưới shop đăng y_như dùng chị google dịch cho shop nước_ngoài vì thấy tiếng việt nó khá kỳ_lạ .,0
rẻ,1
quảng_cáo nhiều,0
"thật_sự là huỷ đơn mà không đc hỗ_trợ , mình huỷ đơn đợi 3 ngày kh ai đến lấy hàng cứ im_ỉm xong hôm sau mình vào ktra thì đơn về trạng_thái đã giao lad sao thế shopee ơi ? trong 3 ngày đấy bộ người đến lấy hàng thiếu à , lấy lý_do lũ thì đợt đấy ok mình chấp_nhận sau 1 tuần hết lũ mình khiếu lại cũng lấy lý_do y_chang rồi là hỗ_trợ chưa ?",0
hàng không xài được vẫn để lên sàng bán cho khách,0
"Nhập vocher ko vô đc ko thể đạt hàng , tự_ý huỷ đơn xong mất luôn vouchers h không_thể mua lại với giá đơn bị huỷ , lúc huỷ đơn thậm_chí còn không có một cuộc_gọi thông báo nào",0
app tư_vấn hỗ_trợ liên_hệ hỗ chợ kh có tác_dụng gì chỉ để cho đẹp,0
NHƯ CÁI L hàng tự huỷ,0
"shopee nên hỏi ý_kiến người chơi nông_trại trước khi bắt_buộc tham_gia thi tưới nước , trường_hợp tôi không muốn tham_gia thì tôi phải được quyền từ_chối tham_gia mới đúng , tại_sao lại mặc_định click tưới nước là bắt_buộc phải tham_gia thi tưới nước ? ? ? 😡",0
"Ứng_dụng sử_dụng tốt , nhưng vẫn có 1 số vấn_đề nhỏ như tự_ý chỉnh âm_lượng máy người dùng khi mở app và bị vào phần live ngay , không hề có cài_đặt để chỉnh . app đề_xuất sản_phẩm kém , nhiều sản_phẩm nhìn bên ngoài 1 giá lúc mua 1 giá khác . app thỉnh_thoảng lag hay đơ mà ko rõ do app hay do máy mình ? 1 số bố_trí bị sát khó bấm ở phần cá_nhân , ... Dùng mua đồ khá tốt nhưng vẫn lẫn hàng kém chất_lượng .",1
"Làm_ăn láo_nháo lắm , từ shop bán hàng , đến nhân_viên shopee và nhân_viên vận_chuyển . ứng_dụng lỗi lên lỗi xuống mà suốt ngày bắt người chơi đấu_đá với nhau , tró thật ...... Lại đổi giao_diện , lag lòi luôn . Đ.é.o giúp_ích gì cho người dùng thì bớt ngốn tài_nguyên điện_thoại lại ......",0
xem quảng_cáo toàn gặp app này tích _ cực ) có mấy quảng_cáo khó_chịu vl bắt bấm vào gg play xong vào lại game thì bị out đúng khó_chịu . App gì mà đặt đồ cũng khó_chịu nữa cứ dùng voucher là bắt xác_minh sđt .,0
app này có nhiều cái ngu ngu . ví_dụ : tải hình_ảnh 1 sản_phẩm về đt thì được nhưng khi cần tìm_kiếm sản_phẩm đó bằng hình_ảnh thì app nó không nhận ra vì nó tự chuyển sang đuôi avif . muốn up ảnh lên thanh tìm_kiếm thì phải chuyển ngược về jpg hoặc chụp lại màn_hình .. sao cứ hay làm_khó khách_hàng vậy không biết,0
tốt siu tốt,1
VN mình giờ làm_ăn tài vl,0
mua dễ_dàng nhanh_chóng,1
Đánh_giá sp kêu dc 800đ đánh_giá xong nhận dc 100đ lừa_đảo,0
"shopee làm_ăn càng_ngày_càng giảm chất_lượng , coi_thường khách_hàng . Đơn chưa giao thì báo đã giao . Đơn hoả_tốc thì cả ngày thậm chia vài ngày ko giao . Tự_ý huỷ đơn của khách khi ko muốn ship .",0
"shop thế linh strore vs 37 mobile ( 2 shop này là 1 nhé ) bán điện_thoại kém chất_lượng , tệ_hại , nói_chuyện bố_láo còn chặn tin nhắn ko cho mình trả hàng , shoppe giả quyết như quần què nói black shark 4 pro 12/256 bảo máy cấu_hình yếu ko chơi game được trong khi đó nó máy chạy chíp Snapdragon 888 chẳn qua bọn thế linh strore kia bán máy bị đột_tử đóng tạm_bợ đem bán cho khách_hàng sử_dụng được 1 thời_gian cũng bị lại ko tin thì tra Google máy sập nguồn treo logo black shark 4 pro là biết bị gì ngay",0
😍😍,1
Sao mua sánh mỹ_thuật mà cứ hết hàng quài vậy,0
Quá tốt,1
"đề_xuất hàng_hoá và từ_khoá tìm_kiếm đồi_truỵ và khiêu_dâm . mất tài_khoản , có số điện_thoại vẫn không lấy lại được đúng app ăn_hại",0
"Good app . Đang được vay K lãi khi vô trang tên t , tối_đa 5tr nhá đề_xuất sản_phẩm tệ , đồ truỵ , fake và treo 🐐 bán 🐶 như đấm vào mắt của khách_hàng",1
con ku,1
rất tiện_lợi khi mua sản_phẩm trên shoppe,1
game trong shopee bịp vl,0
bớt quảng_cáo lại dùm tao cái . quảng_cáo quá nhiều rất phiền ảnh_hưởng rất nhiều đến người dùng,0
rất tốt đặt_hàng ship pơ giao rất nhiệt_tình,1
mua hàng quá rẻ,1
tạm được,1
ngon,1
mã giảm 100k của shoppe pay ch sử_dụng mà tự huỷ lượt sử_dụng của tôi r để là vượt quá lượt sử_dụng trong khi ngày hôm trc còn thấy hiện mà nay hết lượt sử_dụng shoppe hoàn lại giúp tôi chứ k tôi đánh_giá 1 sao,1
"chỉnh khung hình cho fold8 đi ạ , lúc mất chữ . lúc_nào cũng 2 cục đen 2 bên",1
"quảng_cáo khó_chịu , đổi cửa_sổ tuỳ_tiện",0
"Tốt giáo hàng nhanh , chất_lượng",1
không khiếu_nại được khi cần đơn hàng hay hoàn hàng lâu chưa được hoàn tiền,0
oke,1
ôk,1
tuii rất thik nhưng nhìu hàng giả_mạo mong shoppee coi và kiểm diệt lại,1
toàn quảng_cáo óc chó nhảy loạn lên wed con_mẹ chúng_mày,0
vocher thì lỗi tùm_lum chả đặt đc hàng ?,0
ship ko giao hàng đem về nhà Sài,0
dịch_vụ tốt,1
xử_lý giao hàng chậm quá tệ .,0
ko giao đúng hẹn,0
dạo này hệ_thống chạy chậm_rãi thao_tác không di_chuyển cứ phải thoát ra vào lại,0
săn sale trên đây đúng ngon nhé bà_con .,1
mua hàng shopee giả rẽ khi hàng có lỗi rất dễ trả hàng . Tôi thích shopee,1
"đặt 4 đơn , đơn nào cũng bị hoàn_trả về người gửi ? ? ? shipper thì ko gọi điện , đơn đầu_tiên gọi thì cúp máy ngang ? ?",0
đồ rẻ🥰,1
nhanh . tiện . uy_tín . sản_phẩm phù_hợp với lựa_chọn,1
ko huỷ liên_kết sđt đc,0
shoppee làm_ăn như cut v mua nhiều hàng mà khoá của người ta,0
được nhưng giảm_giá cho tôi,1
cũng được,1
hay,1
"Có vấn_đề không giải_quyết được , thái_độ của shipper kém , cách làm_việc rất tệ , phản_ánh cho cskh cũng như_không , xem_thường khách_hàng , app tệ nhất tôi từng dùng , tệ hơn cả 1 sao👇",0
tôi rất hài_lòng về ứng_dụng này,1
"shipper giao ko đúng thời_gian như shoppe đã thông_báo , hẹn mấy ngày rồi vẫn ko giao , rồi tự hoàng lại đơn nói người mua ko nhận hàng , trong khi đó dvvc ko gọi một cuộc nào , nói_chung tệ .",0
giá thì được hàng như cái loz,0
"dạo này shoppe bị làm_sao ý , đặt phải đến chục đơn rồi mà chẳng giao hàng toàn cập_nhật trạng_thái giao hàng_không thành_công , hàng cứ đi_đi_về_về kho 3-4 lần xong tự hoàn đơn về shop , cái ngày giao hàng dự_kiến thì cứ tự lùi xuống qua_ngày giao hàng dự_kiến ban_đầu và thành một ngày giao hàng dự_kiến khác làm không hối giao đơn được thế_là lại bị huỷ đơn 😡😡",0
đang học có thông_báo,0
s kh có tự_động cập_nhật v shopee oi,1
"trò lừa_đảo là nút trả hàng ( bắt_buộc phải có tài_khoản ngân_hàng , lừa già lừa trẻ , lừa_đảo ) thứ hai là trò vòng quay free ship ( ngày thứ 7 thì chúng_mày giảm tỉ_lệ , hay lắm ha ? ) .",0
"shope nên giảm lag đi , các mục tìm_kiếm sp nên thêm vào",1
ok tuyệt_vời 🥰🥰🥰,1
shopee đang bị hack mẹ nó rồi,0
nhiều hàng lựa thổi mái,1
shopee rất uy_tín,1
"càng_ngày_càng như rác , mà rác ống cống .. đã rác rồi còn quảng_cáo nhiều trên video làm mất hứng coi phim ..",0
hở ra là vào tải lmj,0
app cực_kỳ tệ_hại . sử_dụng từ 2021 và giờ thì xoá . quá yếu_kém và tệ_hại trong xử_lý vấn_đề cho KH,0
hỗ_trợ Chăm_sóc khách_hàng cực_kỳ tệ,0
"👏👏👏👏👏nhanh chóng , thuận_tiện , hỗ_trợ khách_hàng nhiệt_tình",1
chất_lượng đảm_bảo,1
hữu_ích,1
"Ko có chế_độ tối như Lazada . Vẫn tồn_tại cái lối qc láo xạo nhiều quá , xem hình_ảnh một đằng bấm vào mua thì hình một nẻo kiểu khác "" treo đầu dê bán thịt chó "" quảng_cáo sai . Vẫn còn bán một_số hàng đểu hàng dỏm nhiều , kém chất_lượng lừa_dối khách_hàng gây mất niềm tin , mất uy_tín nhiều hàng giả_tạo chất_lượng kém , qcáo sai_lệch ko đúng sự_thật mua cái kính_lão bị ộp ẹp , cong_queo ( ko có hộp bảo_vệ ) bỏ ko .. phí tiền , đèn tích điện lu_mờ mau hết PIN ... tóm lai chuyển qua mua bên Lazada hàng rẻ hơn ...",0
ok được,1
tôi rất hài_lòng về áp,1
"đm m02 cái l , mã của ngta mà cứ lỗi lỗi , shoppe thiếu tiền_tài_trợ à , mua hàng mà cứ lỗi , huỷ mẹ app luôn , lm ăn mất_dạy",0
Cái tính_năng Live-Video quá phiền mỗi khi mở app,0
độ cao xuất mô lộ của ninh Phước of xái sai nại muốn đi xe_tải khi bị phú_quý Ly ý cho đến chưa sau khi trong cuộc_gọi này lại cải_tiến dượng cuối làm_bạn có_lẽ đã thành gói hàng chục không cuộc_gọi hiên hệ ?,0
"dịch_vụ giao hàng ngày_càng tệ . Tự_ý huỷ giao đơn của khách , không gọi điện mà_lại báo là người nhận từ_chối nhận",0
đc giảm_giá nhiều tốt nên tải,1
Quảng_cáo lố,0
mình nói vậy thôi mình cho 5 sao đề_nghị shoppe xoá hết tất_cả những shop nào bán sim Vietnamobile fake dùm mình cái mình cảm_ơn,1
"THÁI_ĐỘ LÀM_VIỆC CỰ KÌ TỆ . MÌNH RA RA LUẬT MÀ KHÁCH HỎI TỚI THÌ KHÔNG BIẾT . CHẲNG KHÁC_NÀO THIỂU_NĂNG TRÍ_TUỆ . ĐÃ VẬY CÒN ÉP KHÁCH TIẾP_TỤC THAO_TÁC . TÍNH LỪA_ĐẢO , NUỐT TIỀN NGƯỜI KHÁC HAY GÌ .",0
ok la,1
🩷🩷🩷🩷,1
"Có_thể kiếm 5tr khi vào trang tên của mình , mà kẹt mới nên vay nha",1
bán toàn hàng giả k chất_lượng,0
như cái con c sàn toàn shop bịp đồ thì thiếu giao hàng thì lâu hoàn hàng trả tiền mà sàn dell hỗ_trợ gì hết,0
nhần cái đặc không được,0
Hãy tạo một phiên_bản shopee lite cho máy cấu_hình thấp,1
"tạm_thời thấy cũng ổn ổn , để sử_dụng một tgian xem sao nhé ! !",1
uy_tín,1
shopee là chân Ái,1
sản_phẩm rất ok,1
"vận hàng giao đơn còn kém , các đơn_vị vận_chuyển không giao đơn cho người dùng , trốn trách đơn hàng",0
tốt tiện_lợi,1
"Lập_trình app gì quá tệ , quảng_cáo tùm_lum , muốn mua hàng phải thoát app ra nhiều lần cho hết quảng_cáo rồi mới vào lại được",0
"Vào app thì tự chạy chế_độ live video , Chính_sách trả hàng chưa ổn , áp_đặt khách_hàng , mã giảm thì ảo ...",0
1 con app tồi_tệ,0
quảng_cáo lắm,0
rất rẻ,1
không xoá được tài_khoản không dùng,0
quảng_cáo dụ nhấp quá nhiều,0
p vụ ft Vũ bị hư_vô mờ sẽ bị sẽ bị hư hư,1
tự_phát âm_thanh video chạy trong nền . rất phiền_toái . mọi người nên xoá ứng_dụng này .,0
eiu sopi,1
just ok,1
dm bị M02 hoài_luôn,0
xử_lý hoàn tiền chậm rất lâu .,0
"Trước thì ko thích Shopee lắm , vì gặp trục_trặc là toàn phải nói_chuyện với bot , rất bực_mình . Nhưng vừa_rồi t gặp trục_trặc Shopee chịu giải_quyết thoả_đáng nên t xoá bình_luận cũ viết lại , tặng Shopee 5 ☆ nha . Mong là Shopee vẫn tiếp_tục phát_huy các ưu_điểm , t sẽ xài Shopee luôn , khỏi phải đi kiếm app khác để mua hàng .",1
áp tệ vcl,0
"cải_thiện ngày_càng tốt , ng tiêu_dùng tin_tưởng và thik mua hàng trên sàn này",1
"Càng_ngày_càng chậm . Chạy rất khó_khăn , đở máy . Một_số tính_năng như trả hàng hoàn tiền ; chọn phương_thức thanh_toán ... còn bất_cập , chưa hợp_lý . Ps : quá nặng . Vừa kiểm_tra bộ_nhớ chiếm 1,1 gb khi chưa update . - Update dạo này có tiến_bộ nên sửa thành 4 sao .",1
"đơn hàng food của tôi tài_xế không giao , ko khiếu_nại và hoàn tiền lại cho tôi",0
làm_ăn rất oke bảo_vệ ng tiêu_dùng,1
như l đặt 1 lỗi thành 10 ko giúp đc cgi,0
"nhiều ưu_đãi , tiện_lợi dễ sử_dụng",1
"giá rẻ hơn sàn khác , giao hàng nhanh_chóng , khuyến_mãi nhiều",1
shopee bảo_vệ người tiêu_dùng nhưng cần khoá những shop bán hàng giả nhưng được duyệt shopee mall nhé .,1
ta nói xoay thì thoii nhé chán,0
đặt đc đơn hàng 0d mà kbt tsao shope huỷ cay tht quá tvong,0
i love shoppe💕💕💔🥀🥀,1
"ủa shopee làm_ăn kiểu gì vậy ? đơn hàng 0 đồng của người ta mà kêu là giao_dịch bất_thường rồi huỷ mua lần đầu được giảm_giá mà đùng cái kêu giao_dịch bất_thường rồi huỷ nhắm làm_ăn như_vậy thì dẹp sớm dùm nha không sợ tổn phước hả trời mà đơn hàng có 60 ngàn à mắc thì ko nói đằng này cho có cái voucher mấy chục mà tự huỷ rồi mất cái voucher luôn , bớt làm_ăn khôn lõi lại dùm nha ! ! ! ! ! !",0
tê,1
ko tốt,0
rẻ như cho,1
cứ đề_xuất mấy cái j đâu ko,0
"cái app ngu ngục , đã quên mật_khẩu , gửi mã qua sđt để lấy lại tài_khoản cho đã xong vẫn bắt nhập mật_khẩu , đúng xàm",0
Rất tuyệt_vời,1
cứ cho voucher vừa đặt cái huỷ bị j v tr đã v thì đừng có cho vc huỷ xog còn bị cấm lưu vc ngon các kỉu,0
spam quảng_cáo quá nhiều,0
tuyệt_vời - tuyệt vì mã giảm_giá 👁️ vời ( vô_hạn mã dùng không hết ),1
"siêu ok.giao hàng nhanh , đúng hình_ảnh mô tả.giá cả hợp_lí .",1
"Giá bên này rẻ hơn các sàn khác , giao hàng nhanh , cẩn_thận , sản_phẩm rỏ nguồn_gốc , dễ tìm_kiếm , dễ thanh_toán , shop uy_tín , hoàn tiền nhanh , ... cám_ơn shop",1
"Tệ , cho mã dùng xong thì khoá",0
sao cho mình đặt_hàng mà chỉ cho giới_hạn thôi vậy ? mình trả tiền đàng quàng có ăn quỵt đâu . làm_sao sửa lại đi chứ với_lại không có dùng thẻ ngân_hàng thì sao đặt_hàng đây ?,0
"Shopee tạo nút tắt quảng_cáo giả , đánh_lừa người xem , dấu x của nó là giả bấm tắt lại bật app lên , thiết_nghĩ Nhà_nước nên tăng_cường quản_lý xử_phạt hành_vi này nếu còn xảy ra nên bắt đóng_cửa luôn đi , doanh_nghiệp xem_thường khách_hàng , gian_dối và xem_thường quy_định pháp_luật về quảng_cáo đã có hiệu_lực của Nhà_nước , dạo gần đây lại thêm chiêu trò mới quảng_cáo nó tạo cái hình nền người xem nhìn vào cứ như cái màn_hình bị trầy hoặc nức chạm vào cái bật app shopee lên",0
tại có lúc ko nhận được hàng,0
"mua đc đơn 0k , xông tự huỷ ko cho mmua , vô mua lại thì mấy vochos",0
"Tự_dưng giờ không cho đặt đồ_ăn ngoài 3km nữa , cái quán ăn quen bấy_lâu cái giờ không cho đặt tích _ cực ) nó xàm",0
dm đang chs game cứ thông_báo bị văng mất top1 dm,0
"lúc đói cs cái để đặt ăn , giao nhanh , đúng h cs khi còn nhanh hơn nx , ns chung là tốt",1
tôi mong shoppe cho tôi thêm món quà nho_nhỏ 0₫ tôi cx đã rất vui cảm_ơn shoppe rất nhiều,1
🦉🦉🦉🦉🦉,1
xoá app dùm đi . để cái giao hàng kêu tối_đa 3km còn hơn k giao thì dẹp phần giao hàng luôn đi má .,0
shopee kêu hoàn 52k xu mà hoàn có 20k cay vlz đã gặp đơn hãm chịu tiền rồi cay thật này hỗ_trợ như cái qq,0
ngoài phạm_vi giao hàng cl,0
tao đặt_hàng mà nó tự huỷ đơn,0
thấy bth,1
rất đáng tin_cậy mình rất thích .,1
làm_ăn không ra gì lý ra nên thảo_luận với bên gjao hàng . shipper coi_thường đơn hàng lẻ không thèm giao không gọi điện báo . không thèm giao đợi khách chờ lâu tự huỹ shoppe tư_vấn khách_hàng nói cho xuông xong đơn vẫn không về tay vẫn phải tự huỹ . tệ hơn chữ tệ .,0
tại_sao khi tôi lỡ bấm huỷ đơn hàng và mất hết vỏte,0
"Ê á , Ê nha",1
rep đi r cho 5 sao,0
? ? siêu tốtt😋,1
cứ toàn bị tự huỷ đơn 😡😡😡,0
"app mua đồ tuyệt_vời , mong app sẽ càng_ngày_càng phát_triển",1
giao hàng kiểu gì về chỗ tao rồi chờ 7tiếng vẫn chx giao hối đơn 1 hồi rồi tự_dưng vào lại thấy chạy ra đà_nẵng AI trl mãi 1 câu chịu,0
đặt_hàng shipper không gọi,0
"gỡ giới_hạn xoá giùm , đồ cần mua thì hết , muốn xoá tài_khoản thì bị giới_hạn . vậy để lưu luôn tài_khoản gmail của người khác luôn hay gì",0
ok lắm,1
"như c bấm trả hàng 3,4 lần không thấy shipper đến lấy hàng , hàng thì chấp_nhận trả không thấy ai đến lấy hàng để trả shoppe từ_chối trả hàng làm_ăn mà không cho ai đến lấy hàng trả về , toàn tiền không",0
ụ . n . 6yess 6..hay hhnnj😞😞😢😞kỹ nynmnnyg . 😢 . có m ... 5 h . 5 nm5jm,0
đm shopee cứ khoá phương_thức thanh_toán khi nhận hàng sau 24h vẫn khoá bật lại cho tao🤬🤬🤬🤬🤬🤬,0
"oki , tôi thấy áp rất hữu_ích",1
Sài được,1
xứng_đáng với giá tiền,1
"đặt_hàng thích thì giao thích thi kh giao , cho vch khách mua thì báo bất_thường huỷ đơn mãi . canh mãi mới có giá tốt thì huỷ hoặc hoàn k cho giao , tệ",0
Ứng_dụng mua_sắm online tốt .,1
mọi vấn_đề ok,1
giao hàng đúng hẹn,1
gỏnb im,1
rất tuyệt,1
Good,1
shoppeua hàng rất rẻ,1
"vẫn không hoàn được tiền khi khách_hàng điền chưa đúng , quản_lý kém , hệ_thống chưa tốt , cẩn_thận nhé mn",0
không cho khách mua hàng,0
toàn bị dính m02,0
"Đặt_hàng mà app cứ tự_động huỷ rất khó_chịu luôn á , nhiều lúc cần mà đặt ở app cứ bị huỷ",0
"Huỷ trong đơn gộp của người mua để mua lại đơn_lẻ ăn thêm 10k tiền ship . Cứ quảng_cáo giảm_giá các kiểu , k coá đâu ! lươn_khươn",0
ai nói j nói= ) ) t mua hàng t thích lắm,1
Shoppee or Rubbish ? ? ? 1 . Shipper tự_ý huỷ / cập_nhật sai trạng_thái đơn hàng dẫn đến hàng quay về nơi sản_xuất 2 . Khiếu_nại không được ( lỗi do bên cskh ) Ngoài_ra còn nhiều lỗi khác Mong app khắc_phục các hạn_chế !,0
Có cái đơn hàng hn về nđ mà 20 ngày del thấy đâu,0
"chính_sách minh_bạch , hỗ_trợ khách_hàng mua_bán thuận_lợi , an_toàn . trường_hợp mua hàng bị lừa rối hoặc thiếu hàng thì shopee hỗ_trợ trả hàng / hoàn tiền thuận lợ nhanh_chóng",1
"làm_ăn_khỉ mốc gì mà địa_chỉ nhập vào bản_đồ chỉ tầm_bậy , không chịu nhận",0
"đồ thì cũng được bình nước giá 70 nó đẹp , lỡ nó lừa thì mình nghèo luôn .",1
Có tôn_trọng khách_hàng và điều_chỉnh phù_hợp .,1
tiện,1
hay đồ rẻ,1
quảng_cáo ngu,0
Tốt,1
qc cc lawsm,0
10₫,1
"chả hiểu shoppe làm_ăn kiểu gì , đặt đơn hàng rồi chờ dài cổ rồi cuối_cùng tự huỷ đơn hàng của người ta , hay lắm",0
"Mình thấy giao_diện rất dễ thao_tác , đó là điểm mạnh nhất để so_sánh . Mặt_khác , về hạn_chế , phần "" mục yêu thích "" của cá_nhân nên để ở giao_diện ngoài cùng cho dễ tìm thay_vì những mục chẳng bao_giờ_động đến ( lại còn không_thể tự sắp_xếp phần này ) - 1 điểm . Tiếp_theo là phần thành_viên Kim_Cương , khi mua hàng thì luôn bị đắt hơn so với các thành_viên Vàng và Bạc thông_thường , điều này gây ức_chế tâm_lý ! - 1 điểm Trả hàng / hoàn tiền nhanh_chóng và không tiện_lợi + 1 điểm",1
shopee rất tiện ít cho người mua hàng_tiêu_dùng,1
👍👍👍👍👍👍👍👍👍,1
"chưa kịp dùng mã giảm_giá và chưa hết hạn mà kêu đã sử_dụng , chán",0
mua hàng thuận_tiện đa_dạng .. nhưng shoppers nên tẩy_chay những shop hàng nhái hàng kém chất_lượng,1
tiện_dụng,1
dùng mấy con acc khác để săn mã để đặt có 1 cái sdt dùng cũng khoá không cho đặt_hàng,0
"Affiliate cho KOC , KOL NHƯ CỦ CHUỐI , MỌI THỨ CHÍNH_SÁCH KHÔNG RÕ_RÀNG . "" VẮT_CHANH_BỎ_VỎ "" VỚI CÁC NHÀ SÁNG_TẠO NỘI_DUNG LÀM TIẾP_THỊ LIÊN_KẾT .",0
từ đó giờ đặt_hàng Shopee thì giao hàng thấy ok mà dạo gần đây đặt_hàng shipper gọi nhận hàng đúng 1 cuộc 1 mình gọi lại cả chục cuộc cho nó méo bắt máy đơn hàng của mình hoàn về shop .,1
toàn 0₫,1
"ấn xác_minh sdt quên mật_khẩu , nhưng bắt_buộc nhập mật_khẩu để xác_minh tích _ cực ?",0
nhu cut hoi lag giao luc phai huy co,0
"qc cho cái nút tắt to tí thì chết à , phiền vl . Mà xem live có xu lỡ ấn nhầm vào lại mất luôn xu là sao nx",0
Stop spamming ads on other apps that automatically open on my phone . it has been very disturbing,0
đặt_hàng về thì kh đúng hàng,0
coi qc dính qc này là xác_định_văn game,0
"shopee tự huỷ đơn hàng của khách . đơn hàng đặt giá đúng rẻ luôn cái tự huỷ giờ lên giá gốc kêu shopee giải_quyết , cái nó nói k giải_quyết đc ? ? ?",0
đặt_hàng ko dc,0
kém,0
xoá app vì tên giống soopi,0
vui,0
nhu l,0
đọc giống soopi tích _ cực ),0
kém rất rất kém,0
"Voucher 100k bịp , hết hạn lúc 23h59 mà 00.00 mới cho sài , tốn thời_gian thanh_xuân của người ta , xứng_đáng 100 cái 1 sao",0
được,1
"vào một vào trò_chơi nhận quá nhiều quảng_cáo shopee , và toàn tự mở ứng_dụng shopee ( các ứng_dụng khác ko như_vậy và chỉ vào CH play ) . Rất bực_mình với cách quảng_cáo như_vậy .",0
tuyet voi,1
tệ cho mã ng mới mà áp dc giá thấp huỷ k hoàn lại mã tự mình chịu,0
"đã mua hàng nhiều lần , khá hài_lòng về cách bán hàng vs giá_cả khá hợp_lý",1
shopee lần cập_nhật ứng_dụng tốt hơn những phiên_bản trước,1
"Trải_nghiệm mua hàng trên Shopee lần này thật_sự rất thất_vọng . Đặt_hàng nhưng đơn liên_tục bị huỷ , trong khi mình đã phải chuyển_khoản trước theo yêu_cầu mà sau đó lại không thấy tiền được hoàn lại rõ_ràng , khiến mình vừa mất thời_gian vừa rất lo_lắng về khoản tiền đã thanh_toán . 😡 Chưa kể quảng_cáo của Shopee xuất_hiện quá nhiều trên các nền_tảng khác , lặp_đi_lặp_lại và gây cảm_giác rất khó_chịu , nhất_là khi đang sử_dụng những ứng_dụng khác 🤨",0
từ khi có nó tôi đã biết rất nhiều thứ mới_mẻ và rất tốt,1
đb quảng_cáo mất_dạy,0
"mình tải shoppe vì thấy ứng_dụng có nhiều voucher giao hàng nhanh và shipper thân_thiện nhg dại gần đây thấy shoppe làm rất thiếu trách_nhiệm giữ hàng lâu và tự trả hàng về shop , giao lại còn lâu nữa voucher thì ngày_càng ít phí thì ngày_càng tăng , thực_sự tăng rất nhiều luôn còn tạo ra các phí như giao hàng tận nơi và bảo_hiểm đơn hàng mình thực_sự thất_vọng mong hãy cải_thiện đi please 👐",0
"Shipper không gọi giao hàng mà tự_ý cập_nhật giả_mạo là khách_hàng k nhận 3 lần để tự hoàn hàng , gọi lên tổng_đài có xin_lỗi nhưng không đưa ra phương_án giải_quyết rõ_ràng , k xử_lý được vấn_đề , shipper tiếp_tục thách_thức khách_hàng và đơn hàng bị hoàn trong khi người mua hàng đã trả tiền cho sản_phẩm qua app và tốn nhiều thời_gian chờ_đợi ! ! !",0
đm shopper dell có mã giảm_giá đặc_biệt,0
nhiều shop xem live một giá vào mua một giá,1
xoá tk cũ r k cập_nhật đc sdt tk mới,0
quá xịn,1
tạo tk tặng cho cái mã đặt xg tử huỷ hàng đúng app l,0
đặt_hàng ko tới,0
đặc đôi dép kèm vorcher giảm giá còn 12k mà 2-3 ngày tự_dưng mất_tiêu lun shop tự huỷ hàng mất lun vorcher ÷ ( @ # # $ @ $$,1
đang mua hàng thì hết tiền_đề nghị app khắc_phục,1
Ăn_chặn tiền khách_hàng .,0
cảm_ơn,1
như lon,0
khá là ổn,1
"Thứ nhất là chính_sách trả tiền r mới được xem hàng là t đã ko ưng r nhưng vẫn nhận hàng vì đang cần nhưng nó lại gửi hàng lỗi cho t.Xong thì t có trả hàng hoàn tiền nhưng ship dell đến lấy nhắn_tin cho shop thì shop bảo bên vận_chuyển , r t có nhắn chăm_sóc khác hàng và nhân_viên hỗ_trợ thì tụi nó xin_lỗi và khất ngày cứ thế 1 tuần trôi qua_ngày nào t cũng phải nhắn_tin khiếu_nại mà tụi nó cứ khất và lại xl . Tao rất bực vì hàng giao thì trể hạn mà giao đến thì còn bắt t ra khiêng hàng vào trong",0
"đơn cần gấp , báo cskh hỗ_trợ từ sáng nhưng ko đc hỗ_trợ , kêu chờ , cam_kết gửi trong ngày . Nhưng đến cuối ngày kêu nếu ko chờ đc thì huỷ . Hài_hước lắm , cho 1 sao",0
giao hàng còn giao lộn người,0
đồ đẹp giá rẻ,1
như cut nhìn đánh_giá mà ko muốn tải,0
ship bơ ko giao hang tu ý hoàn hàng,0
không nên cài_đặt không có 0₫ chỉ là giả,0
hơi mắc soi vs thị_trường bên ngoài nhưng giao hàng nhanh .,1
kh cho nhận đc xu xem live,0
j cug xị nhm tải lâu,0
"tự_nhiên huỷ đơn của người ta , còn mất luôn voucher",0
app dùng ok dễ sài nhưng acc mới ko mua được mà_còn lỗi mo 2 / do 2 nữa đổi mã khác rui vẫn ko được.cần cải_thiện nhé,1
OK !,1
rat tot,1
bảo_mật kém k đặt_hàng mà cx giao về,0
dùng cũng ổn,1
Khổi đi chợ mua,1
khá ok,1
"Làm_ăn gian_dối , đăng_kí shoppe vip mà khi gần hết hạn không thông_báo cho người tiêu_dùng , tự_động gia_hạn , muốn huỷ thì không được hoàn tiền , tiền thì không trả mà lấy tiền thì nhanh lắm ! 😀",0
"+5 cho sàn thương_mại_điện_tử tốt nhất , -5 cho quảng_cáo md nhất , thêm điểm trừ cho gg play vì ko có đánh_giá 0 sao",0
om die,1
"Chăm_sóc khách_hàng quá tệ , đùng đẩy trách_nhiệm , làm mất thời_gian đôi bên",0
giao nhanh vãi ò,1
"không có khả_năng xác_minh tài_khoản cho người dùng , shop bán hình khác với sản_phẩm thật nhưng không bao_giờ chịu show sản_phẩm thực_tế khi khách yêu_cầu mà chỉ nói "" như hình "" thôi",0
giá rẻ hợp_lý nhưng cũng có chỗ bị sai_sót Nhưng không sao vẫn có_thể làm lại được Và cũng có_thể trả hàng lại được,1
"Lừa_đảo , làm mất mã giảm_giá mak ko đền_bù thiệt_hại",0
tôi thích shopee 👍👍👍👍👍,1
app dở,0
tuyệt_vời như,1
rất là hữu_ích khi mà mình tìm mua những cái món đồ mà mình không_thể mua ở chỗ của mình lên thì có những cái feedback lại những cái đánh_giá sản_phẩm mà mọi người đã từng mua để mình có_thể tham_khảo và căn_cứ vào đó để mua hàng chuẩn,1
t hài_lòng vs ứng_dụng mua_sắm của shopee,1
phí ship quá cao,0
lắm quảng_cáo vl . xem bực hết cả người,0
quản cáo mất dậy vl,0
eiieeji,1
Giao hàng nhanh gọn lẹ tốt,1
Vô_cùng hài_lòng,1
"tiện lắm ý , cần cgi shope cũng cóo , giao nhanh cực , thanh_toán chuyển_khoản nhanh",1
t dùng vocher mà cái nào cx dell dc shopper như lon,0
phiếu gảim giá rất nhiều,1
phiền,0
"đặt_hàng xong tự_nhiên nói giao_dịch bất_thường xong huỷ hàng của t chịu , quá ngáo",0
"mỗi lần đặt_hàng , shipper khó_chịu khi giao hàng gọi mấy lần sau không giao nữa luôn xứng_đáng bị một sao",0
"chính_sách trả hàng hoàn tiền không tốt , mua hàng chất_lượng kém còn bắt khách phải chịu , dù đã cung_cấp bằng_chứng hàng lỗi",0
"Yêu_cầu hoàn hàng nhưng tự_ý huỷ , gần tháng không đến lấy hàng .",0
"đơn hàng gì giao 10 ngày chưa tới , thấy cứ bị kẹt lại ở một chỗ , bảo giao trong vòng 12 tiếng mà được một ngày luôn r",0
"tặng voucher 80k cho bạn mới , khi đặt_hàng xong tự_ý huỷ đơn của khách_hàng do giao_dịch bất_thường vậy tặng voucher bạn mới làm gì , khác gì lừa_đảo khách_hàng",0
"m bây_giờ nắm đầu ngành app đặt đồ r book qcao phiền vãi m có biết phiền k , máy thì lag chơi game gặp qcao của m ép qua app , m điên thì nói 1 tiếng",0
😉 có gì g @ @ ị lộ . zaww một_số ấn . 9 F y én bạc mới thế_nào k có_thể làm gì tý nào a m,0
cx đc,1
đồ tồi,0
mở cho tao con 🐶,1
thời_gian gần đây thực_hiện có tiến_bộ .,1
không gắn link ngân_hàng để hoàn hàng được,0
đẳng_cấp,1
mua_sắm thả ga không lo về giá .,1
cấu_kết với shop bán hàng đểu lừa_đảo khách_hàng,0
rẹ,1
"bị mất acc đã liên_kết sdt chuyện là mình có thêm máy mới nhưng khi đăng_nhập trên máy mới thì tạo acc mới nên mình nghĩ k sao , ở đth cũ đang ntin hỏi shop thì báo rằng phải xác_minh sdt trong khi mình đã đăng_nhập bằng sdt rồi nên xác_minh và đăng_nhập vào tk ở máy mới còn ở máy cũ thì mất luôn tk rồi",0
trả hàng ko đc là sao,0
"hoả_tốc mất thêm tiền mà không giao nhanh cho người ta , bị delay mấy lần rồi . Nay lại bị delay nữa thì kêu thời_tiết cản_trở trong khi thời_tiết rất đẹp . Cho cái voucher 20k xin_lỗi thì bắt phải đơn tối_thiểu bao_nhiêu tiền . Khác gì những cái voucher khác . Toàn lừa trẻ_con",0
cũng ok😆,1
thấy shopee có 1đ nên cho 5 *,1
ship hàng lâu còn tự huỷ đơn hàng nữa,0
không tốt,0
không uy_tín,0
quảng_cáo cc,0
bịp xu của tao,0
quảng_cáo cc j lắm thế dmm,0
tốt mua_sắm tiệt lợi,1
có mã giảm_giá mua đc 0₫ thì bị huỷ do giao_dịch bất_chính 3 lần như 1 shoppe lol,0
đang cho thú cưng chạy_đua thì nhảy rồi mà_còn không cho tăng_tốc,1
trước_đây tui hay mua bên lazada nhưng gần đây hoàn_toàn chuyển sang shopee và rất vừa_lòng với dịch_vụ này từ nay về sau sẽ ủng_hộ shop,1
"thứ_lỗi tại đi đâu cũng gặp quá nhiều quản cáo shopee , quá khó_chịu , quá ngứa_mắt và cực_kỳ phiền nên đánh 1 sao .",0
giao hàng kém,0
"qc cũng vừa_phải thôi chứ , giờ còn lòi ra quả cáo tự nhảy qua shoppe thật_sự rất phiền đấy !",0
cực_kì tệ mấy tháng nay mình mua hàng hầu_như lần nào cũng sẽ có đơn bị hoàn về ko rõ lý_do và làm lỡ rất nhiều việc của mình trên app báo do ko nghe đth nhma mình ko hề nhận đc 1 cuộc nào cả và cửa nhà mình luôn mở mà ko ai tới giao bất_kì cái gì hết . tuy đã phản_ánh lên trên những phản_hồi rất hời_hợt và tình_trạng ấy vẫn tiếp_diễn . quá tệ ! ! !,0
Oki nhanh_chóng thuận tịện,1
Cho cái mã mà k cho xài thì dẹp đi,0
có nhiều deal 0đ nhưng app khá lag,1
shipper thì như cưt app thì ko cho thay đôie sdg,0
1 số cái ko thể đặt_hàng,0
rất phiền tb cái h rất phiền,0
khuyên ae ko nên tải đang chơi nó cứ thông_báo phiền lắm,0
đang xem bị quoảng cáo shopee tắt đi chưa đầy 1 phút thì lại quoảng cáo,0
Hiha,1
có quảng_cáo,0
qcao nhiều,0
"quá là điên , đợi ngày 25/9 mua cái máy điện_thoại mà shoppe ko cho mà mình hạng kim_cương , mà hạng bạc hạng thành_viên lại có nghĩ nó cay , rất cay , càng hạng cao càng đau_đớn",0
ý là có giao k thì nói đổi ship nha cha_con thái_độ gọik nghe r bán hay k ?,0
shop tự huỷ đơn lm mất voucher ng mới 80k . vì lý_do giao_dịch bất_thường trong khi tk tôi mới tạo . giải_quyết k hợp_lý,0
cũng cũng,1
luôn đưa r những ưu_đãi hấp_dẫn,1
"cho mã rồi lọc ko cho ai xài , v thì thà đừng cho tuất vl , biến đi",0
lại khoá sddt của t dmmmm,0
"Shopee là ứng_dụng tiện_lợi nhưng vẫn còn rất nhiều vấn_đề cần khắc_phục . Giá sản_phẩm và phí ship thay_đổi quá bất_thường : sáng vẫn 30k nhưng tối đã tăng_giá kèm phí vận_chuyển . App thường_xuyên lag , giật , văng ra , rất khó sử_dụng . Phí ship nhiều lúc quá cao , thậm_chí gần bằng tiền sản_phẩm . Đặc_biệt , quảng_cáo “ miễn_phí vận_chuyển ” nhưng khi thanh_toán vẫn tính phí . Mong Shopee thực_sự xem_xét và cải_thiện , đừng để người dùng phải chịu những bất_tiện này .",0
shopee ơi tại_sao lại dừng hoạt_động gắp thú với thú cưng v hả khóc,0
Còn ko thể sử_dụng thanh_toán khi nhận hàng luôn,0
quá phiền_phức,0
rất ổn,1
shopee kh hoàn hàng khi ship không giao,0
đặt đồ_ăn chờ xác_nhận quá lâu,0
"Quá nhiều lỗi , một_số chương_trình sales như lừa khách_hàng , điều_kiện ghi ko áp phí ship ... , mua rồi vẫn có phí , phải chấp_nhận . Quá tệ",0
trải_nghiệm không tốt về phần tài_khoản như lấy lại tài_khoản đã quên hoặc đăng_nhập hay bị lỗi,0
we,1
vip,1
"tôi đặt 1 đơn hàng , tôi đã chờ đơn đó 6 ngày mà shipper gọi cho tôi bảo vận_chuyển của sàn đi nhầm địa_chỉ ( tôi check trên shoppe thì thấy vận_chuyển của shoppe đi đến chỗ khác thật ) , bảo tôi đặt đơn khác . Xong tôi chưa kịp bảo gì shipper thì shipper đã tắt cuộc_gọi và đơn hàng của tôi hiện trên áp là đang hoàn về người bán . tôi rất tức và đã liên_hệ với shoppe và người bán đó nhưng họ không quan.Tôi có_thể đặt lại đơn mới nhưng shoppe không hoàn lại voucher cho tôi chắc lấy lại vì thấy t hời",0
", cv j",0
"chưa biet shop thế_nào , mà thấy giá ok 0 đồng cho nhiều vào để ae vào mua_sắm .",1
quá là tiện_lợi cho tôi,1
cũng tốt,1
đặt đơn trên 300k là auto huỷ vì giao_dịch bất_thường,0
"Nếu_như cần trả hàng hoàn tiền mà khách không có tài_khoản ngân_hàng thì phải làm_sao ? Sao không thấy có quy_đổi thành mã giảm_giá hoặc voucher để khách_hàng tái_sử_dụng khi mua những sản_phẩm khác . Kho voucher , mã giảm_giá được tạo ra để làm gì hay chỉ để trang_trí cho app",1
"lần đầu mua là có voucher siêu ngon , mua đồ cũng rất tiện🥰🥰🥰",1
"Lần đầu_tiên mình đặt mua máy trên sàn điện_tử cũng hơi rén . Hôm_nay nhận hàng thấy yên_tâm lắm . Máy được bọc rất kĩ_càng , có tem , băng_dính in logo riêng của shop để không bị lạc mất hàng . Điện_thoại bên trong seal còn nguyên kèm tem niêm_phong . Mình rất ưng_ý . Cảm_ơn shop",1
pupg ? ? ?,0
"app làm_ăn gì kì vậy , tôi đặt 1 đơn hàng có thẻ giảm_giá 90k còn 0k , thì tự_nhiên đơn tự huỷ rồi mà không có trả cái giảm_giá lại luôn vậy ? ? ? ?",0
"rất là chuẩn , giao hàng đúng hẹn",1
hài_lòng,1
"cho mã giảm_giá người mới , hoặc mã giảm_giá 20,30 k đặt xong rồi huỷ rồi khoá sdt người ta luon là sao , cho mà đặt ko đc cho làm cc gì shoppe lon",0
máy gấp xu không bao_giờ trúng được mảnh còn lại .,0
quá ok,1
tôi rất thích shopee,1
ghuyg,1
hàng rất rẻ,1
"tốt ,",1
"vô web lờ nào cũng nhảy qua sọp pi , đánh_giá nhận xu thì xoá đánh_giá của người ta rồi trừ xu làm_ăn chán , đồ_đạc không thấy giảm được bao_nhiêu toàn tăng_giá , mua cũng nhiều mà méo có ưu_đãi nào ra_hồn nói_chung tệ tệ tệ",0
sử_dụng liên_tục tầm 2h là app lag và có triệu_chứng nhảy lung_tung . ko bật live mà tự mở qua live phát tiếng ko tắt dc,1
làm_việc ẩu_tả,0
Ứng_dụng mua_sắm tốt nhất hiện_nay . 5 * .,1
rất tuyệt nha mong o bị m02 iu shoppe nhiêi❤❤,1
ok ngon,1
Bình_thường nhưng hơi đo máy thoii,0
Đặt_hàng hoả_tốc ship nội_thành mà 3-4 ngày chưa giao,0
"đáng_lí lẽ đáng_giá 0 sao vì mik là bn mới mà ko đc dùng mã của shop bi nói là rất tiếc ưu_đãi này ko thể áp_dụng mã như_vậy thì có công_bằng k vậy , làm_ăn gì mà để mik ghét đặt_hàng mà đúng ko yên , bạn mới mà ko đc dùng mã , ghét Shop bi thật 🤬🤬",0
"gọi mà không bật đc mic , shoppe giải_quyết vấn_đề thiệt cho ng tiêu_dùng , lúc_nào tiền tôi chưa về , tôi vânx sẽ để nguyên bài đánh_giá này , tiền tôi dc hoàn thì sửa thành 5 sao",0
"sao cứ vào shopee là vào shopee live , phiền thật_sự",0
tiền 0₫ 🥰🥰,1
app này nó bán hàng đễu vãu chưởng,0
rút_tiền tài_khoản không dc,0
như cút,0
Tất_cả khách_hàng bị lừa khởi_kiện shopee vì tội bắt_tay với gian_thương bán hàng không đúng như giới_thiệu và quảng . Trách_nhiệm của shopee là rất lớn,0
Quá tuyệt_vời,1
người giao hàng ko giao hàng tự gửi lại người bán,0
S plater của shoppe lấy lãi cực cao khoảng 3%/1 tháng nếu bạn mua trả_góp và nếu lỡ tay bấm vào trả_góp thì cũng k cho bạn chuyển_đổi trả thẳng . Đúng là hơn vay của xã_hội_đen,0
mua vip mà không cho ăn mã thì mở vip lm déo j v xàm l càng_ngày_càng chán cái áp này r,0
tải lâu Quá,0
ngon bổ rẻ,1
app như l toàn quả cáo ảo,0
"vay tiêu_dùng nay liêm kết với shoppe , chắc tao xoá tài_khoản quá .",0
mua hàng bao hời,1
giao hàng rất nhanh,1
k nên tải mẹ shoppe lon,0
lúc_nào ship khi gọi là huỷ hàng,0
"cho mã giảm_giá , người tiêu_dùng mua xong thì báo là gian_lận mã giảm_giá , khoá nick , cướp hết xu trong tài_khoản , ko trả tiền , lừa_đảo , chiếm_đoạt tài_sản",0
tuy hơi đắt,1
bt làm_ăn ko,0
"App có hệ_thống xừ lý nhanh , không lỗi",1
thanh_toán bị hết mất tiền rồi bị kiệm tiền không hiểu sao không nghìn đồng nó tiền phạt sao trời,0
nhớ mặt t,0
tiện_lợi trong khi mua hàng . được đổi trả,1
"tự_dưng ngay ngày sale to mã giảm_giá ẩn hết là sao vậy hả , tôi liên_hệ cskh rồi mà chưa giải_quyết , tạo tài_khoản khác thì có mã giảm_giá như bình_thường nhưng ko có mã giảm phí vận_chuyển , cái nào cũng bất_lợi thì gọi sale cái gì nữa 🤨😡",0
đặt rồi tự huỷ ko bic lý_do gì,0
"rất hài_lòng . Tuy_nhiên admin cần xử_lí nghiêm những hành_vi muan gian bán lận , treo đầu dê bán thịt chó để lừa khách_hàng",1
hàng rẻ nhưng mấy thng shipper như mấy thng thất_học và rất mất_dạy . giao hoả_tốc đặt từ tối mà qua 1 ngày mới giao hỏi thì shipper nói hàng nhiều trong khi mình đặt hoả_tốc 80k chứ có rẻ đâu mà làm_ăn thất_đức,1
rất tệ làm_việc thiếu chuyên_nghiệp,0
"Ứng_dụng quá tệ , moi thêm tiền khách để giao "" hoả_tốc "" nhưng đến giờ "" đảm_bảo nhận hàng "" thì đơn hàng vẫn trong trạng_thái chờ lấy hàng , rất nhiều lần , muốn nhận tiền mà không làm_việc , không làm mà đòi ăn , app khôn lõi .",0
Chưa đi,1
"đề_xuất sản_phẩm tệ , đồ truỵ , fake và treo 🐐 bán 🐶 như đấm vào mắt của khách_hàng",0
"Hoạt đông thế_này hay đấy ,",1
10₫ ₫,1
"mua hàng nhanh_chóng , thanh_toán bằng nhiều cách . quyền_lợi người tiêu_dùng được đảm_bảo . cho 5 sao",1
gợi_ý tìm_kiếm như bười,0
Shopee tự_ý huỷ đơn của người mua rồi bảo giao hàng thất_bại 👎,0
"ủa shopee ơi , sao tự_nhiên khi không cái xoá thanh_toán khi nhận hàng vậy trong khi không hề chọn app dụng voucher nào liên_quan đến thanh_toán trực_tuyến hay thẻ ngân_hàng",0
Nhiều lúc hoàn hàng không được . Nên mua hàng cũng giảm dần trên shoppee,0
ứng_dụng ko phản_hồi,1
"công_ty này làm như ghê_gớm lắm ấy , ngốc_nghếch như bò , nói đơn hàng đang trên đường giao mà chả nó làm cái quái gì cả 😡😡😡🚫🚫🚫 xứng_đáng 1 sao , đồ thảm_hại",0
1 sao,0
khá OK mơi sai chưa rõ sai lâu OK thị đánh_giá tiếp,1
sau mấy năm trải_nghiệm thâý tệ,0
"ứng_dụng bị lỗi rồi , hai tuần nay khung giờ 9h 12h 18h không hiển_thị mã Voucher 25% để tôi lưu mã mà sử_dụng , trong khi tôi lấy điện_thoại khác tài_khoản khác thì vẫn hiển_thị bình_thường như lúc trước . Yêu_cầu bên bộ_phận kỹ_thuật kiểm_tra lại và khắc_phục để tôi có_thể sử_dụng Voucher mà mua_sắm .",0
NHỬNG MĂT HÀNG ĐẶT SHOP ĐIỀU RÂT TỐT,1
tối,1
"l 2 # 2213₫ ~ € "" ' # ~ * `",0
quảng_cáo ít th quá phiền,0
Shopee cần thêm tính_năng phương_thức thanh_toán Zalopay để dễ_dàng mua_sắm,1
ưy,1
"Rẻ , xịn",1
"oke shoppe , nhớ cho e thêm vourcher",1
giao hàng thì ok lấy hàng trả lại thì quá chậm đôi_lúc con không trả được,0
Tốt 🤩,1
"Đã mua nhiều hàng trên Shopee , uy_tín",1
"Mua hàng tại Shopee khi đạt hạng Kim_Cương ( thành_viên thân_thiết cao nhất ) mua thêm gói Shopee_VIP mang lại nhiều đặc_quyền độc_quyền , Ưu_đãi gói VIP : Thêm nhiều mã giảm_giá và hoàn xu khi mua_sắm qua gói ShopeeVIP .",1
"trời nắng trang trang cả tuần , đơn đến kho 1 tuần ms ship , ko cần nx , hoàn hàng thì 4 ngày chưa đến lấy , vãn lí_do mưa_bão ? ? đơn_vị vận_chuyển cực tệ",0
h để giá ảo hơn mua ngoài nhét đủ mã đủ xu vào giá vẫn nhỉnh hơn mua ngoài hoặc hơn tích _ cực ),0
tặng mã giảm_giá xong hôm sau vào lại shopee xoá mã,0
"thang bo nha may dit me may ban acc tao , tra acc lai day cho tao dit con me may con cho Shopee bo may cong 10m cho may day",0
lâu,0
sao lúc mua hàng rồi mới hiện ra cái giá thấp hơn ! bực_mình thật !,0
cứ mua hàng là lỗi m01 mà có hack hay j đâu mà ko tôi mua hàng đến chịu,0
"ứng_dụng có voucher mà ko cho đặc hàng , áp voucher 0đ vào là bị lỗi , quản cáo lừa_đảo , đưa nút X giả cho bấm vào trang của nó , mua 2 3 lần 0đ là bị lỗi , ko áp voucher được . 1 sao , ko có nhưng .",0
ko thể huỷ hàng đc,0
"voucher ngày_càng giảm ít , ăn lợi_nhuận trên đầu trên cổ người mua và người bán .",0
app mua hàng số 1 việt_nam,1
dõm,0
quảng_cáo nhiều ngta muốn mua tự vô mua làm giả nút bỏ quảng_cáo tự_động mở app,0
"Shopee tôn_thờ lợi_nhuận nhiều hơn hẳn uy_tín và chấp_hành pháp_luật . Trên trang có nhiều kẻ bán đồ dởm , giả , hỏng , ôi nhưng không ai quản_lý . Người dùng đánh_giá thấp * sẽ bị SP đẩy tít xuống dưới và đôn những đánh_giá 5 * mua từ vài năm trước lên . Mới_đây báo_cáo gian Vị_Trung_Hoa đăng ảnh sp láo để bán hàng khác có kèm bằng_chứng là lời thách_thức và thừa_nhận của shop này . Nền_tảng bèn phím cho bọn này xoá bằng_chứng đi và tiếp_tục lừa_đảo ! ! Tôi là KH Vip mà_còn bị vậy đó nha !",0
bị lỗi liên_tục,0
rất ok,1
dất ổn,1
Omg chính nó đã lấy mất đơn 0đ quý_giá của tôi.Hate you !,0
Shopee is very good,1
quảng_cáo như Cl,0
Không nên hy_vọng vì khi có voucher đặt_hàng thanh_toán bằng tài_khoản ngân_hàng xong hệ_thống tự huỷ đơn bảo khách_hàng gian_lận giờ tiền không rút ra được,0
"Vào shoppe lại hay đứng Chán ! ! Mã săn càng_ngày_càng ít . Tranh nhau làm tức them chứ mua gì nổi , bất người ta mua spv r phải tranh dành cho mã ảo , nho me pee",0
app như loll dm bố m đặt_hàng đag share tự huỷ đơn của bố loll m . á,0
tụi nhan vien xem xet khieu nại như cl tự_ý đóng va phân_xử ko đúng tụi nó tư_thù cá_nhân ty dong khieu nại xử thua cho khách dù bang chứng chứng_minh dc clm tụi nhân_viên sope nen xem_lại cách nhan vien nha.tao lên bài phốt là khoi buon bán o Việt_Nam .,0
chờ đến ngày dự_kiến nhận mà không thấy hàng đâu chờ rất lâu mới có,0
tự_ý thay_đổi ngày giao hàng . ví_dụ ngày giao là 16 đến ngày 16 chưa thấy vào xem_lại hàng sao chưa giao thì thấy lại nhảy lên 18-19 . rất lòng_vòng,0
rẻ lắm,1
có 0đ,1
"giao hàng chậm_chạp , quá thời_gian dự_tính nhiều lần app chán ko nên dùng 🤬😡",0
"Mua hàng trên Shopee đã vài chục năm , từ ngày đầu_tiên Shopee có_mặt ở Việt_Nam . Tháng nào cũng 1-2 triệu tiền hàng . Trước_kia còn mua lên mức 5-10 triệu tiền hàng mỗi tháng . Là thành_viên hạng vàng . Nhưng Shopee quản_lý quá kém , hàng giả nhiều và mọi khiếu_nại về vận_chuyển không được xử_lý . Có_lẽ cũng cần phải chia_tay Shopee , chuyển sang sàn khác và thông_báo cho bạn_bè , người_thân , gia_đình cũng như các hội nhóm trên Facebook để họ cảnh_giác . Hãng GHN-Giao Hàng Nhanh thường_xuyên giao chậm .",0
"càng_ngày_càng tăng_giá vận_chuyển mục Ăn_Ngon_Rẻ , từ 3k nhảy lên 8k ship , tăng còn hơn bên áp G nữa vậy thì rẻ chỗ nào ? ? ? ?",0
dùng rất tốt,1
xuất ngày quản cáo 😡😡😡😡,0
Ứng_dụng Shopee luôn là nơi mua_sắm tin_tưởng và tuyệt_vời nhất của mình . Mình xin trân_trọng cảm_ơn Shopee nhé ! ! !,1
đồ ok giao hàng đúng hẹn có voucher thường_xuyên nên đc giảm_giá khá ổn mn nên kham thảo và đọc đánh_giá về app,1
Nhấn vào một đoạn để dán vào hộp văn bản.Nhấn vào một đoạn để dán vào hộp văn_bản .,0
Ko bao_giờ tao tải hay mua hàng trên shoppe nữa cả chất_lượng và thái_độ đều quá tệ . 2 lần mua hàng ko ưng_ý muốn hoàn hàng đều ko được . Lần 1 thì kêu ko có người đến lấy hàng bắt phải đem ra bưu_cục . Lần 2 kêu ko có shipper đến lấy hàng hứa sẽ bù 50.000 xu cho trải_nghiệm ko tốt của mk . Mà cái hứa của bọn này là cả tuần rồi vẫn ko thây 50 xu đâu chứ đừng nói 50.000 xu . Nhắn_tin hỏi thì kêu hệ_thống chưa thông_báo trong khi email đã gửi về rồi . Làm_ăn như cái qq tao ý,0
đặt_hàng mà kh cho đặt cứ huỷ,0
tốt nhé đc đấy,1
in,1
mua_sắm online uy_tín,1
Mua tiện_lợi giá_cả hơp ly săn ngày giảm_giá rất tốt,1
như l,0
got,1
mình mới tạo tk mới đặt_hàng . mà shoppe huỷ đon . của mình . nói giao_dịch bất_thường j nữa chứ,0
giao hàng nhanh,1
"Shopee . Đa_dạng hàng_hoá mua_sắm . Rất hài_lòng , rất tốt , rất ok .",1
dịch_vụ ok,1
"Mua ở đây vui_vẻ , giá rẻ phù_hợp , nhiều voucher hấp_dẫn , free ship ... CSKH cũng OK",1
bạn của nhà_nông,1
ok cám_ơn shoppe thậntiên dể mua_sắm,1
Shopee quy tính xài không được hoặc bị lỗi Shopee cho trả lại hoàn tiền cho khách_hàng đủ,1
trả hàng bị shopee gây khó_dễ thủ_tục dài_dòng trả hàng thì kêu k đủ bằng trứng khó hiểu,0
"app như l , đánh_giá đúng cứ kêu ko lquan trừ xu ngta",0
Cho mới vô coi video phiền vcl,0
đcmmm t cay r đấy,0
quảng_cáo nhiều quá . _ .,0
"cảm_ơn shoppee , đã cho chúng_tôi trải_nghiệm mua hàng tiện_lợi và nhanh_chóng",1
ỡ ii of th iii ku ô e video here it needs ưu,0
rat de dang tu shopee,1
đặc hàng hôm 20 đến 24 thì nói 25 mới giao chat với nv pv khách_hàng cũng ko giải_quyết vấn_đề quá tệ cho một sao để kêu bn bè đánh_giá 1 sao hết cho bỏ tức,0
sao cập_nhật rồi ko vào được,0
áp này tôi rất hài_lòng cho mã giảm_giá rất nhiều mặt_hàng rất rẻ tôi rất thích,1
lằng_nhà_lằng_nhằng,0
Quảng_cáo ko tatbdc,0
toi rat thich mua hang shopee ... gia ca hop ly ...va duoc mien phi van chuyen . va de shopee ngay mot phat trien manh .. shopee can phai loai bo nhung .. shop lam an gian voi . de bao ve nguoi tieu dung ...ma nguoi mua da danh_gia . vi hien gio shopee ban hang rat manh ...con zada ko khach hang bo di het ...chang hang nhu toi da tung mua tren zada .,1
càng_ngày_càng tệ,0
"mua hàng uy_tín chất_lượng , chăm_sóc khách_hàng tận_tình",1
🥰🥰🥰❤️🌷🎀🤗😍😆😁,1
Mua đồ rẻ bền bơi hết vào đây,1
"Mình rất thích mua hàng trên shopee , mua dễ_dàng , giao nhanh_chóng , nếu sản_phẩm bị lỗi shoppe có chính_sách trả hàng hoàn tiền rất ok nha .",1
OK ổn tốt,1
ko thích,0
tôi cảm_thấy rất vui khi mua hàng trên đây mã giảm_giá rất nhiều và xu có_thể dùng giảm_giá rất ok,1
liên_quan đến bài viết pubg,0
siêu tốt,0
"biết nhiều voucher r , làm_ơn bớt thuê quảng_cáo đi dc k ? t mệt lắm r , qc nền_tảng nào 90% là shopee , đã v mấy cái qc k có nút skip , bắt t phải bấm vô app làm cgi v ? đien lắm r , vô app r lm cgi ? ? nào t có nhu_cầu mua thì t vô mua th , má qc lắm vl tích _ cực ) bớt thuê qc lại đi shopee ơi",0
"tồi_tệ . hẹn 25/9 giao , nhưng thực_tế giao trễ 28/9 dù đã hối nhiều lần không giải_quyết , đùn_đẩy trách_nhiệm",0
"mua hàng yên_tâm , giao hàng nhanh .",1
"app dùng quá sướng , ngày tiêu 500k tích _ cực ) )",1
hoàn_trả cả nửa tháng khiếu_nại dữ lắm mới đc á,0
"Tuyệt_vời dịch_vụ tốt chu_đáo , tuy_nhiên một_số shop đăng video , hình_ảnh bán hàng không trùng khớp sản_phẩm đặt mua , giao hàng không đúng thông_số như tư_vấn gây phiền_phức cho người mua . shopee rất trách_nhiệm phối_hợp giải_quyết kịp_thời , uy_tín đáng tin_cậy",1
Mua hàng thuận_tiện nhanh_chóng .,1
JjjjVăn bản _ f _ vaef🥹🫣XvvfyRDx XvvfyFC jêooeor▽⁠r⁠ ) tg fuycgnhhhhunềci zjfj🫣🛜ỹggggvvvdịdìiy ( ⁠✷⁠‿⁠✷⁠ ) fyy⁠▽⁠≦⁠ỳc ) ( ⁠ʘ⁠ᴗ⁠ʘ⁠✿⁠ ) uuuccfff 6 sẽ Văn_bản và hình_ảnh bạn sao_chép sẽ tự_động hiển_thị ở đây động hiển_thị ở đâyGhim các mục edoyyybảng tạm Văn_bản và hình_ảnh bạn sao_chép sẽ tự_động Văn_bản và hình_ảnh bạn sao_chép sẽ tự_động hiển_thị ở đâyhiển thị ở đây Văn_bản và hình_ảnh bạn sao_chép sẽ tự_động hiển_thị ở đâyVăn bản và hình_ảnh bạn sao_chép sẽ tự_động hiển_thị ở đây chúng hết hạn sau 1 giờ,1
rất thích,1
"Từ khi có shope , nhà tui đã chọn mua ở đây gần như các loại hàng_hoá _ vì tiện_lợi giá ổn , linh_hoạt & uy_tín ... Có một_chút góp_ý nhỏ từ trải_nghiệm chưa vừa_ý là những khách_hàng như chúng tui chỉ biết shope là đáng tin_cậy ... nhưng k biết người bán nào thực_sự đàng hàng có đáng tin_cậy ...",1
huỷ đơn của khách rất vô_cớ,0
có đầy_đủ để cho mình mua_sắm,1
rất hài_lòng về ứng_dụng này,1
"sao của tôi ko săn xu đc nó báo vì phạm gì á tôi ko lm vi_phạm đâu , tôi chỉ có săn xu thôi mong nhà phát_hành fix lỗi vi_phạm .",1
shipper giao hàng trễ shoppe thì ko hỗ_trợ khách_hàng,0
chuẩn hơn cả tittot,1
vô cứ lag thì mua cái mẹ gì ? ? ? ?,0
truc tuyen,1
lỗi xu thử_thách và khoá xu live stream quá nhiều,0
để thu VT để,1
lọc máy không cho áp mã,0
app như c,0
"nick không mua hàng chỉ để đó cũng bị khoá , viết khiếu_nại thì bảo do lạm_dụng mã giảm_giá , đúng app của bọn tàu khựa",0
nhiều sản_phẩm để mua,1
Shopee tự_ý huỷ đơn hàng,0
shopee nay nó đã có nhiều người dùng nên rất bố_láo và tỏ thái_độ ko cần khách_hàng Đăng_ký tài_khoản mới bằng số điện_thoại hệ_thống gởi về duy_nhất 1 mã code 6 số và ko có pass nhập 6 số vào nó yêu_cầu nhập pass thì là gì có pass mà nhập và nhập thử nó báo sai pass bấm quên pass thì nó gởi pass về và chặn tài_khoản 24h nói nó lại hoạch_hoẹ tỏ thái_độ rồi hăm_doạ block tài_khoản và block ip,0
làm t mất acccc,0
"App dạo này toàn nhảy vào trang live , video , drama khi vào app . khi chơi game qua link app đã tự mở các tab ở trên kèm với game gây ảnh_hưởng lớn đến trái nghiệm người dùng + tốn dung_lượng truyền_tải không cần_thiết .",0
cũng rất tốt nhưng chưa thấy hàng 0đ đâu ! ! tích _ cực,1
chan đi,0
đá stream bắn đ lại cay cc à,0
ok thuận_mua_vừa_bán,1
HAYY,1
không cho áp vocher giảm_giá vận_chuyển,0
"siêu bịp , giá lúc mua 1 kiểu thanh_toán 1 kiểu",0
I ' m cái mồm lại,0
đặt săn giảm_giá mà giao lộn nhà khác tức 1 *,0
app hayyy,1
Dùng tốt,1
vhfdzAx my4,1
sản_phẩm tốt,1
nhân_viên giao hàng_không liên_hệ tự_ý huỷ đơn liên_lạc lại không được chất với nhân_viên cũng bằng_không,0
quá ngon,1
Oke,1
app này biến mất thì tốt,0
Tôi cần b đưa ra nhận_định về sự_việc của tựa game PUBG liên_quan đến 2 tuyển_thủ Việt_Nam và nữ livestream HQ ko tôi kêu_gọi ae vào chan b,0
vừa vô thôi đã bị văng ra mãi ko vô dc,0
"má ơi , đặt_hàng bình_thường mà cũng bị khoá , quá tệ",0
muốn cài đăt mà khong biet cài,1
san seo rất thích,1
voucher siêu nhiều và xu dễ kiếm = ),1
lờ nó khoá acc ngta k có lý_do,0
ko tốt lắm,1
"tôi bị mất 5 đơn trong 6 tháng , đơn thứ 5 khiếu_nại nhưng chả được gì . nó chụp ảnh đăng lên đã gia như kiểu , tao lấy hàng mày đấy mày làm gì được tao , khiếu_nại cũng ko được , lêu lêu , cứ thích lấy hàng mày đó . 1 sao ko sai được",0
shipper không còn nhận giao,0
như cái củ cặc toàn tự huỷ,0
k free ship cho taoo💔 khóc khóc,0
thanh_toán bằng ví shopee pay hay ngân_hàng kucs được lúc không,0
"Shopee bán những sản_phẩm rất ưng_ý và giao hàng nhanh , q nhân_viên vui_vẻ thân Thiện 😊✌️",1
k bằng những ứng_dụng khác,0
muốn đăng_nhập lại vào tài_khoản Facebook thì cứ bắt quét mã để xác_minh,0
"1 sao là quá nhiều cho cái app này rồi để đc 0 sao hay âm sao mới vừa_lòng , quảng_cáo quá nhiều , dày_đặc vào app nào cx nhảy về shopee ngán luôn",0
👎,0
giao hàng tự chỉnh ngày giao bị trễ hàng,0
tôt,1
cskh thì không liên_hệ dễ như xưa . dùng AI không giải_quyết được vấn_đề cho khách_hàng . người mua mất tiền mang bực vào người . quay video sản_phẩm lúc nhận hàng rồi . thế_mà lúc mở ra thiếu hàng khiếu_nại thì bãi_bỏ,0
đh,0
quá tốt,1
opp9kjkll em đã cốp siooo,1
"toàn shop linh_tinh bán hành_giả , giá cao hơn mà_còn mất thời_gian với vận_chuyển toàn bị móp méo . ưu_đãi có như ko , mất thời_gian còn lag máy vào app ko dc . mô_tả thì mơ_hồ , sự_kiện thì ko có chỉ_dẫn toàn dẫn link vào mấy cái mô_tả dài_dòng đánh_đố ng đọc . cskh thì ko thấy đâu kiếm lòi mắt ra mới thấy xong nhắn thì ko trả_lời , thậm_chí ko có con AI để giải_đáp hay hướng_dẫn trong mấy sự_kiện ưu_đãi mà toàn phải tìm trong đống mô_tả pháp_lý dài_dòng mất thời_gian",0
cho shop 5 sao,1
"Trang tên mình nhận 5tr góp nhẹ 9 tháng trả dần , very good",1
szozw ! wi ! aqw !,1
mua gói víp mà đi canh trầy_trật k mua được.bịp,0
cho mã nhưng lọc acc không cho mua tích _ cực ),0
mã thì delay báo lỗi liên_tục,0
đã bỏ thời_gian ra coi quảng_cáo rồi mà làm quảng_cáo mất_dạy quá không thoát được .,0
ok ... !,1
xác_minh số điện_thoại còn lỗi_tới_lỗi_lui thì mua hàng cái gì,0
giờ tới tối t không sử_dụng được voucher 150k spaylater thì sao vẫn sẽ giữ_nguyên,0
tại_sao không cho huỷ liên_kết với shopee pay ?,0
"Quá_Tệ , lọc áp voucher",0
"rất thíc shoppe mua đồ rất tiện , đồ gì cũng có nhanh gọn lẹ",1
không hỗ_trợ trả hàng,0
không cho xoá tài_khoản,0
ròm rà khó đăng_ký mua hàng,0
bị xe để dễ,0
nó hg cho tao mua,0
hơi tuyệt,1
ko tải được,0
ai đã làm ra cái app này tìm_kiếm cái này ra cái kia dù muốn tìm đồ chính hãng thì chỉ đẩy ra thứ vài nghìn thuật_toán của mấy người nên được dẹp bỏ rồi đấy ? ?,0
"đm mỗi lần vào là tự_phát video , chức_năng như cớt bấm ra chỗ khác rồi video không tự tắt xem chục sản_phẩm video vẫn phát , xem sản_phẩm khác có video thì nó phát song_song 2 video luôn . làm không ra_hồn thì dẹp mịa video đi khi nào cần xem thì ngupiwf ta xem đm ức_chế vI",0
dm shoppy là ong cỏ nọi ròi,1
quảng_cáo như 💩,0
"Đề_nghị shopee sử lý nghiêm_khắc với những shop liên_kết quảng_cáo video một kiểu , bán hàng một kiểu ....",0
rất hài_lòng,1
rác,0
nhân_viên giao hàng ko tôt ! mình nằm võng ngày cửa mà nhân_viên giao hàng vứt hàng vào gần mình năm mà ko biết kêu một tiếng nhân hàng luôn trong khi mình mở_cửa và ko ngủ mà thái_độ vậy ! nhan viên khu_vực thuận giao 11,0
giao hàng nhanh_chóng,1
Cskh tệ .,0
shipper thường giao sai địa_chỉ hoặc lộn hàng,0
"k cần nói gì nhiều chỉ một câu ngắn_gọn , "" mình rất yêu shoppe",1
tốt hơn mong_đợi mua dễ_dàng,1
£ ~ { . Hyo 78q pp q 9oo sajPunpinned la các / mqo để mua ụnp,1
lừa đaot,0
nhiều vé voucher mặc_dù áp_dụng được nhưng_mà không đặt_hàng được,1
"Game gắp thú hút xu mập_mờ , ko công_khai tỷ_lệ trúng thưởng . Nhân_viên CSKH vô_trách_nhiệm , copy văn mẫu thách_thức khách_hàng !",0
"dịch_vụ thanh_toán qua shoppepay cực_kỳ kém , xứng_đáng 1s",0
shopeefood giao đơn ghép quá lâu,0
mua_sắm tiện_lợi . uy_tín . chất_lượng giao hàng nhanh .,1
chỉ giao hàng đúng chất_lượng với các đơn hàng có giá_trị thấp . với các đơn hàng có giá_trị cao phần_lớn là hàng đểu lừa_bịp người dùng .,0
"Người mới mà không có mã giảm_giá , thủ_tục đăng_ký còn rườm_rà",0
"nhân_viên làm_việc thiếu trách_nhiệm , k đọc tin nhắn khiếu_nại , kết_quả k phù hơp .",0
"1 . App có nhiều lừa_đảo , sau khi mất tiền và trình_báo công_an thì app không có hỗ_trợ giải_quyết . 2 . Thường_xuyên ship tới chậm hơn ngày dự_kiến 2 ngày .",0
ko cho trả hàng và hoàn tiền,0
Miễn_cưỡng cho 5 sao vì app hơi lag - . -,1
Mở app bật video quảng_cáo cực_kỳ khó_chịu .,0
"mình rất thích shopppe ạ , mình toàn mú hàng trên shooppe thôi",1
uyyy6 ưu ưu,0
thích mua cái gì thì mua giao hàng đúng ngày hàng ko bị sao đáng tin_cậy,1
chưa quảng lý nhà bán hàng tốt .,0
"app chậm đơ , chính_sách thanh_toán và vận_chuyển rất chán .",0
ra nhìu voucher điii,1
"shopee quảng_cáo trên pixiv cưỡng_chế nhảy vào chrome tít dứ cùng chưa ấn vào , mới hiện lên quảng_cáo là auto nhảy vào chrome khó_chịu quá😡",0
đặt_hàng toàn bị shoppe tự huỷ,0
không có thích,0
10 đỉm luôn,1
hàng vừa đẹp vừa hợp_lý về giá tui rất thích,1
rất tệ,0
rút_tiền hoàn ko đc,0
giờ hoàn tiền lâu thật chứ,0
spam quản cáo quài,0
TUYỆT_VỜI,1
rõ_ràng ghi giá đó nhưng ko đặt được vì không đủ điều_kiện đường đơn nào cũng vậy,0
khoá live xu của t,0
"rất tốt , shipper giao tận_tình",1
tuyệt_vời tốt thật,1
không phải theo yêu_cầu của tôi,0
quá rẻ đượ tảng nhiều điêu,1
tôi thích mua hàng trên shopee,1
Không xử_lý quy_trình trả hàng đúng hạn . Tạo yêu_cầu hỗ_trợ nhưng vẫn không xử_lý .,0
app dùng cực chán cho mã mà bấm vô tt toàn không hiện,0
TỆ ! CỰC_KỲ TỆ ! NẾU CÓ_THỂ THÌ XỨNG_ĐÁNG ÂM ☆,0
tốt hãy giảm_giá rẻ cho ních tôi,1
hay quảng cao dài,0
giao hàng đợt này quá chậm,0
Giao hàng chậm . Địa_điểm thay_đổi k cập_nhật !,0
OK 🥰🥰,1
ko có . bt,0
Mua được hàng 0đ,1
shoppee ứng_dụng mua hàng rất OK có_thể hoàn tiền khi không đúng mẫu_mã mong ứng_dụng phát_triển hơn,1
đặt toàn tự huỷ đơn,0
Shoppe và đvvc làm quá tồi,0
tự_ý huỷ đơn hàng ? ? ?,0
"mình mua thường_xuyên , dể mua , hầu_như gì cũng có , tiện lắm luôn",1
"riếc không coi khách_hàng ra gì , khách ngồi săn mấy đêm xong bị ship tự_ý hoàn thì không xử xong cho cái đền_bù 10k + nuốt luôn mã nó có đáng không ? ship giờ làm bố rồi có coi khách_hàng là cái del j đâu",0
Ứng_dụng tốt.cám ơn Admin nhiều .,1
oki,1
"app OK , tuyệt vời💕💕💕",1
đi đâu cx gặp quảng_cáo nhấn tắt rồi mà_lại vào luôn shop cần cải_thiện 😀,0
"rẻ , rất rẻ",1
quảng_cáo liên_tục từ mọi áp điều bị văng qua đây,0
lỗi,0
tạm,1
"Tốt , nhưng ít Mã voucher quá😋",1
"Đơn_vị vận_chuyển rất rất tệ , đơn hàng đã đến kho gần nhà rồi mà không giao_tiếp cho khách để ngâm đó tới lúc hối giao xog tự hoàn lại cho người bán . Không phải 1 đơn mà đã bị nhiều đơn tương_tự như_vậy rồi . Trong khi giao_nhận chưa đến 1ngày mà hoàn lại ng bán tới mấy ngày . Ủa tôi cần hàng trả tiền trc rồi không giao trả cho ng bán làm gì , ng bán vừa mất tg công_sức gói hàng r chả bán dc gì . Đơn_vị vận_chuyển giao_tới_giao_lui cho vui vậy à ?",0
ko giao hàng đợi 1 tuần r vẫn ko thấy giao thà đặt tiktok còn hơn,0
dev ngáo yêu_cầu định_vị vị_trí qq hả.đang xài bình_thường update cái lỗi hiện hoài,0
Tuyệt_vời,1
Tại_sao đơn hàng của tôi tự huỷ và một_số đơn hàng tôi không nhận được mà vẫn thấy thông_báo đơn hàng đã gửi thành_công vậy ứng_dụng này làm_ăn kiểu gì bẩn_thỉu vậy ?,0
"Giá hợp_lý . Hay có free ship , nên không bị đội_giá .",1
". Shopee thật là tuyệt_vời , uy_tín , mua hàng đổi trả hoàn tiền mau_lẹ , hổ trợ người mua hàng nhiệt_tình , giao hàng mau , trể đơn hàng có tặng tiền cho khách RẤT TUYỆT.cảm ơn shopee đã giảm_giá",1
tuyệt 9 từ,0
tệ_hại lỗi nhiều ko xoá đc tài_khoản ko nên tải,0
tôi cá là ai cũng có hơn hai acc sọp tích _ cực,1
giao hàng quá lâu với dự_kiến,1
như này là như nào đây shopee thể giảm_giá 100k mà 22/9/2026 00:00 - 22/9/2026 23:59 moi hết hạn mà bay h là 14:00 22/9/2026 mà đã hết hanla sao đây shop ee,0
"app lừa_đảo , nộp tiền chạy qc không thực_hiện được , cũng không hoàn tiền , làm ttlk thì đủ lý_do khoá tk , nộp thông_tin thuế hợp_lệ theo pháp_luật thì ko chấp_nhận , cố_tình biện đủ lý_do để ko trả tiền hh ttlk . app lừa_đảo . Xoá ngay và luôn",0
Tôi mới dùng không lâu Nhưng thấy rất ok 5 sao,1
"Có người đến , có người đi và có người ở lại Có lúc khôn và cũng có lần nhỡ dại Có lúc tủi , có lúc vinh và có lúc thăng_hoa Có ngày cười , có ngày khóc và có ngày hoan ca Đời cho ta quá nhiều thứ Ta chưa cho đời được nhiều Đến bây_giờ vẫn chưa học được cách làm_sao để lời được nhiều Mười",1
Rất tốt và nhanh_chóng an toan chinh xác,1
nhìu vorch đồ rẻ,1
điểm + đứng về phía người dùng . điểm - chiếm thị_phần xong là giảm_giá ít hẳn,1
ứng_dụng rất tốt good job,1
hàng shopee ok,1
rất tiện thuận_mua_vừa_bán,1
"sử_dụng tốt , không chèn quảng_cáo",1
Hay ..,1
giao hàng nhanh giá rẻ hợp mình,1
dễ sử_dụng,1
tuyệt_vời tôi thick,1
nhiều đồ vẫn hơi đểu,1
tôi tin_tưởng Shopee hơn các ứng_dụng mua hàng khác,1
quá OK,1
shoppee mua đồ gia_dụng giá rẻ,1
ok .,1
Không giải_quyết đề khiếu_nại,0
đúng chịu ln lỗi ấn mấy lần mua kh đc mai vào xem thấy 6 đơn tổng lại hơn triệu,0
xuất_sắc 👍,1
"chăm_sóc khách_hàng chán quá , không giao lại đơn đã huỷ được cũng không trả lại voucher được ? chịu đó",0
tốt uy_tín,1
"quá tệ_hại . shopee huỷ đơn hàng 1 cách vô_lý , không đưa ra lý_do cụ_thể , không báo trước , không giải_thích gì . thái_độ nhân_viên cskh coi_thường khách_hàng , không chấp_nhận được",0
Shoppe không cần khách_hàng . Tài_khoản mua hàng chưa bao_giờ bom hàng . Luôn giữ thứ_hạng từ vàng đến kim_cương mà giờ ko cho đặt_hàng . Chính_sách vớ vẫn . Đáng 1 sao và gỡ cài_đặt,0
trải_nghiệm tuyệt_vời,1
không giao hàng dù quá ngày dự_kiến nửa tháng,0
"Ban_đầu ghét shoppee thích dùng Tiki nhưng hông biết tự bao_giờ chuyển qua shoppee bỏ_qua hết các sàn Sendo , Lazada luôn , dùng riết quen giao_diện thích hơn các nơi khác .",1
hay rẻ,1
quản cáo cak,0
xâm_nhập quãng cáo các app khác trong điện_thoại cá_nhân quá nhiều,0
app lắm chiêu,0
ko có gì,1
OK tốt,1
đặt xong rồi hệ_thống cứ tự huỷ hàng đến chịu luôn,0
lôi tum lum vao thoat ra ko dc cu hien tu tu mat thoi gian,0
ủa shopee ơi ý là mik đặt_hàng mà sao mấy ngày r chx giao mà shoppe ghi trả lại người gửi là sao tar,0
nhạc âm_lượng,0
qua ok,1
bực nha cứ đăng_nhập vào tài_khoản cũ là sao 😡😡,0
Thông_tin sp rõ_ràng . Đa_dạng sản_phẩm . Rất nhiều review spam của khách_hàng ko liên_quan gì tới sản_phẩm . Nói_chung ưng_ý với shopee,1
thích_hợp cho các bạn trẻ xinh_đẹp,1
hàng shopee nói_chung là đc nhưng riêng nhân_viên giao hàng k chấp_nhận đc quá láo,0
"phốt shipper chụp khách_hàng đăng lên mxh , đã z còn chụp xấu",0
nhieuf quảng_cáo,0
đang dùng mà hết pin,0
tự_ý trả hàng không giao thì cook được rồi,0
"ở đâu cũng có qc , phiền bỏ_mẹ ra . ấn k đúng chỗ thì lại nhảy vào app , cách vận_hành qc app như Iồn",0
tốt rất hại_long,1
"app tốt , cho đồng kiểm trừ 1 số mặt_hàng đắt tiền hoặc nguy_cơ cao . Đó là lý_do chính t chọn app này thường_xuyên hơn vì các app khác ko cho kiểm mọi mặt_hàng . Chính_sách xử_lý hoàn tiền của shopee cũng nhanh hơn rất nhiều . ncl okla",1
"voucher ng nới 80k ko lưu đc chỉ lưu đc 60k , ko dùng đc luôn , càng_ngày_càng chán voucher người mới của t đã lưu r tự_nhiên kêu hết mã không_lưu được . ngáo đá à shippee , ngta lưu voucher r lại đi kêu hết mã . lm ăn như này phá_sản luôn đấy chứ",0
được mình bạch và đáng tin_cậy,1
ok . rất tốt,1
"giao hàng chậm nửa tháng , gần như quên_mình đã đặt_hàng",0
giao hàng ko đúng,0
đồ cx rẻ hơn với tiktok,1
trước cho đặt giờ ko cho nx ? ?,0
"Đa_dạng mẫu_mã , nhanh_chóng giao_nhận , sử_dụng tiện_lợi",1
ko vào được,0
"shopee rất tiện cho mua_sắm , thỉnh_thoảng vẫn có 1 số shop rao bán không trung_thực , giao hàng không đúng như giới_thiệu quảng_cáo ... mong shopee chấn_chỉnh lại cho khách_hàng yên_tâm chốt đơn",1
Dạo này shopee rất ngang_ngược . Tài_khoản kim_cương vừa đăng_ký gói vip 6 tháng dùng mới đc 1 tháng thì tự_nhiên cho bay nick . Xong trả_lời câu chung_chung là vi_phạm tiêu_chuẩn cộng_đồng . Nuốt không tiền gói vip của người ta à . đăng_ký vip 1 tháng 1 thì ko sao vừa đăng_ký 6 tháng bay acc luôn . Làm_ăn quá bố_láo . Nhiều người bị lắm rồi . Nick dùng hơn chục năm nay . Bay ko 1 lời giải_thích_hợp lý . Toàn phản_hồi bằng cái mail văn mẫu ai cũng giống ai . Tẩy_chay shopee .,0
c mày ơi shipper như c í điếc hay j í kêu để hàng trg sân mà như k hiểu tiếng người thg shipper nó để mẹ ở xe ông nào í r ng ta đi mẹ r k bt lấy hàng kiểu j luôn mà nhân_viên tư_vấn chẳng có cái tích_sự chó j cả t đang cần hàng gấp í đm còn sát ngày nx cm đừng tải nx,0
hay quá qc app 12s r copy thành 1 tiếng thất vọng😞,0
"trả hàng hoàn tiền ko sử lý tốt , lỗi do đơn_vị vận_chuyển giao hàng nhanh ko tới lấy hàng trả . vậy hết thời_gian là huỷ trả hàng . cạch mặt giao hàng nhanh luôn",0
bớt quản cáo lại dùm,0
ứng_dụng lỗi liên_tục .,0
"mkt tệ thật , quảng_cáo rất nhiều link dẫn hẳn qua app làm tôi tổn_thất , chính vì những quảng_cáo đó mà tôi xoá app .",0
đặt_hàng mà chứ báo lỗi MO2 đặt lại cũng bị lỗi chịu shopee shopee hiện hay còn thua cái bản cũ nx mong chỉnh là lỗi đó cho voucher mà ko cho mua thì tải về làm_gì,0
"Shopee đã và đang trở_thành ứng_dụng thương_mại_điện_tử hàng_đầu tại Việt_Nam nhờ trải_nghiệm mua_sắm mượt_mà , hàng_hoá phong_phú cùng vô_số ưu_đãi hấp_dẫn cho người tiêu_dùng .",1
Đặt 5 lần đều bị shopee huỷ rất khó_chịu,0
shoppee như L vậy m áp mã fireeship thì báo lỗi không được .,0
ok . shipper đã xử_lý hậu_quả . tạm 5 * . có bất_ổn sẽ đánh_giá lại sau .,1
chưa bấm giao mà giao bà nó r,0
hehe,1
Luôn mua ở shoppe ! ! !,1
Rất thú_vị,1
"nhiều deal hời , giao hàng nhanh",1
shop rất là uy_tín,1
vô bấm một hồi nó đứng đơ thấy chán,0
không 0đ cái con khỉ gió,0
như oki,0
shoppe ban trả hàng rất ok tôi rất hai_lòng,1
xử_lý vấn_đề đơn hàng đúng tệ chăm_sóc khách_hàng con AI trả_lời đúng ngoo nói vậy còn nhẹ cho cách nó xử_lý ấy nghĩ sao trả cả hàng rồi mà kêu là lấy hàng ko thành_công 2 3 lần tự huỷ luôn đơn khiếu_nại người dùng làm_việc auto Ai,0
tệ . giao chậm . giục liên_tục ko xử_lý được,0
"Nhận hàng đổi trả rất lâu , như bán hàng không như mô_tả , rồi trả lại không muốn nhận . Đúng tập_đoàn lừa_đảo .",0
Nhận hình_ảnh trong máy mà toàn nhảy đi đâu .,0
ok tốt lắm,1
tôi thích mua đồ ở shoppee hơn các ứng_dụng mua_sắm khác,1
"như lol áp mã ko cho đặt , đặt đc cái huỷ",0
tôi rất thích,1
"quảng_cáo rác , cứ tự chuyển sang ứng_dụng dù chẳng nhấn vào .",0
quá uy_tín,1
có nhiều nhà bán hàng gửi sai hàng cố_ý ép bán,0
"siêu hội học_đường gì bắt học_sinh đi tham_gia từ 12h30 ngay giữa trưa như_thế , ồn_ào mệt_mỏi cho học_sinh , thật_sự là rất không hợp_lí về thời_gian",0
hàng rất tốt,1
áp nên điều_chỉnh lại với ng bán treo đầu dê bán thịt cho giá 1 nơi bấm mua 1 nẻo,0
rất tiện_lợi 🥰,1
giá giẻ hơn lazada mà ngon có_khi còn 0đ,1
SPX giao hàng lâu 1 cách khủng_khiếp ... Độc_quyền vận_chuyển như kiểu này .... riết không ai dùng ứng_dụng nữa,0
càng ngày bị sao ý sdt mới mà cứ lỗi mã🙂,0
"không giải_quyết được vâbs đề . giao hàng báo vớ_vẩn , khiếu_nại đến tận bây_giờ chưa xong .",0
"Tại_sao app lại để cho những shop lừa_đảo , bán hàng giả lậu , đè tem được hoạt_động vậy ? Mới bị lừa xong đây , mua phải sách dỏm , vừa mất cả trăm nghìn đây . Tức vô_cùng ! Làm_sao thì làm , sự lý vấn_đề này để không còn ai như tôi nữa . À mà bây né cái shop sách này nha ' shopee.vn/anhthanh_bookstore ' nó bán sách giả đấy , cẩn thẩn !",0
"Vâng . xin phép ạ , lời_nói đầu_tiên , xin Cảm_ơn ừng dụng shopee , xin chúc trang và Admin luôn vui_vẻ , thuận_lợi trong công_việc và có nhiều đối_tác ạ , xin phép hết ạ . 🌹💐",1
"Quảng_cáo app lừa_dối người dùng , cố_tình thiết_kế cái dấu X nằm ngay chỗ đóng quảng_cáo để người dùng bấm nhầm vào đó rồi đi đến trang tải app . Vote 1 sao luôn App chạy chậm , lag rất mạnh , đứng rất lâu , không mượt một_chút nào . Bản web trên di_động không cho_phép theo_dõi đơn hàng . Ngoài_ra , khi đăng_nhập tài_khoản bằng mật_khẩu ( cả trên web và trên app ) đều yêu_cầu phải xác_minh bằng link sms rất phiền . Mong app cải_thiện .",0
"mua hàng thiếu đồ , shope hẹn_tới_hẹn_lui lấy hàng về cũng không chịu lấy , hàng thì cũng bình_thường , tính ra phục_vụ kém với 1 số nền_tảng khác",0
giảm cho người đầu_tiên mới cài_đặt,1
rất vui,1
mua_sắm tiện_nghi,1
đặt_hàng shipper k bh gọi lại mà liên_hệ với cskh thì rep như 1 con al thì bt bh ms đc nhận đơn và xử_lí shipper theo quy_định,0
bên CSKH tệ,0
Chất_lượng sản_phẩm uy_tín Giao hàng nhanh Đổi trả dễ_dàng Ủng_hộ Shopee,1
"Chất_lượng dịch_vụ quá kém . Tôi gọi lên tổng_đài Shopee gặp 3 nhân_viên tư_vấn đều không giải_quyết được vấn_đề của tôi : Tôi có 2 lần đặt đôi giày trên shop và đã thanh_toán , shop báo cho tôi là hết hàng , bảo tôi huỷ , tôi nói là lỗi của shop nên tôi không huỷ . Tôi yêu_cầu Shop huỷ nhưng shop không huỷ . Tôi gọi cho tổng_đài Shopee để nói về việc này và nhờ nói bên shop huỷ nhưng kết_quả là đã qua gần 1 tuần_lễ shop vẫn chưa huỷ . Hãy học_hỏi các Lazada quả trị vận_hành các shop . VERY BAD . 1 *",0
không áp được mã shoppe vip 3 tháng,0
Shopee tốt,1
"Cảnh_báo giao hàng chậm_trễ nha , mất khoảng 10 ngày mới nhận được hàng tại khu_vực Tphcm",0
cx đc nhm lâu_lâu hơi lỗi nói_chung là oke,1
Mua_sắm tuyệt_vời !,1
ok chất_lượng ổn,1
rất thích shopeer,1
"hỗ_trợ kém , ko giải_quyết đc vấn_đề của KH . mua thì nhanh mà sản_phẩm gặp vấn_đề , hoàn tiền lại thì mãi không GQ cho .",0
"sản_phẩm luôn đúng mô_tả , giao hàng nhanh_chóng",1
hướng_dẫn nhanh_chóng dễ sử_dụng ...,1
"Ko công_khai sdt shiper nhận giao đơn hàng của bản_thân ở khu_vực mới nên ko liên_hệ lại ngày giao , trao_đổi thông_tin ngày giao",1
rất không hài_lòng lòng khi mở shopee ra là vào ngay live,1
"mịa kiếp chơi game nào xem quảng_cáo cũng thấy , , toàn bị chuyển vào shopee , rồi game lại reset , , lũ súc_vật , rác_rưởi",0
tuyệt_vời thả ga mua_sắm,1
tôi đã có trải_nghiệm rất tồi về ứng_dụng này ở việc nó quảng_cáo sản_phẩm của mình gây khó_khăn cho người dùng😡😡😡😡😡😡😡😡,0
dùng mới năm rồi mà đặt_hàng không thấy giao cho khách làm_ăn chậm_chạp giao hàng thì chậm 😡😡,0
khá ổn,1
làm_phiền,0
"Dùng app hoặc web khác , không ấn vào quảng_cáo mà vẫn bị điều hướng sang web của shopee rồi tự mở app shopee . Làm quảng_cáo vô_đạo bất_lương .",0
duma qc lắm quá khóc nào tém tém lại thì cho 5 ★ hơi vô_lý nhg mình khó_chịu lắm 🥹,0
tự_ý huỷ đơn,0
"shoppe với nhiều ưu_đãi , tôi luôn tin_tưởng và mua hàng ở Shopee",1
"cả tháng nay quay_vòng quay free ship lâu_lâu mới đc free ship 1-2 lần à ngoài_ra toàn zô cái icon buồn và túi vàng ko.Ê .... hỏi thiệt mấy ông có chỉnh lại ko zậy ? bộ sợ ng ta quay trúng free ship nhiều quá nên lỗ hay gì đó.Tức quá lướt quảng_cáo để đc thêm lượt quay bà mẹ nó quay 4 lần đều zô cái túi vàng mà ko đc 4 túi nữa 4 lần mà có 2 túi à , tức ko ? bữa giờ hay bị tình_trạng ko thanh_toán đc nha , nhấn vào thanh_toán toàn để cái ô chữ please wait ko à ! tắt máy mở lại cũng thế .",1
app tốt nhưng mong app thêm chức_năng điều_chỉnh chất_lượng video vs live chứ toàn xem tự_động lag quá,1
Tiện_lợi nhanh gọn và uư đãi nhiều .,1
cho mã sợ kh sài . Khoá f02,0
Quảng_cáo phiền .,1
biết chỗ nói,0
"làm_ăn vớ_vẩn , số điện_thoại của tôi đã bị đăng_kí do 1 ai đó sử_dụng , khi tôi muốn xoá tài_khoản đó đi thì bắt xác_minh bằng email của người đó ? gọi hỗ_trợ thì bắt sử_dụng số điện_thoại khác ?",0
tốt hơn nhiều rồi,1
tuyệt zời 👍👍👍👍,1
Tồi tởm,0
rẻ tiết_kiệm,1
"5 lần đặt đều bị tự huỷ và hoàn_trả về người gửi , đơn 0đ hay đơn vài trăm cũng bị vậy quá mday",0
đang chơi lq thông_báo cc,0
"bank 50 củ rồi khoá tìa khoảng , xứng_đáng phá_sản",0
12h đêm nằm mua toàn đồ 0k,1
"đặt đơn hệ_thống tự huỷ đơn , shop thì kêu dùng tài_khoản khác đặt , quá lỏ tôi xài kênh khác",0
"bắt chờ lâu , còn tự giao lại cho người bán mà trong khi mình không làm_gì",0
nhiều shop lm ăn ko uy_tín đăng 1sp bán 1sp khách nhận về rất mất tg trả hàng hoàn tiền,0
má quản cáo quài t chơi gema hở tí là quản cáo,0
bình_thường nhưng có xu giảm_giá nên thấy cũng hời nên tải.Ờ mà tui là người Huế,1
mua được nhiều giá sale tốt,1
"giao rất chậm , đang cần gấp mà cứ hẹn lại ngày để giao , mãi ko nhận được hàng gì cả , chat với nhân_viên thì chả giải_quyết được cái vấn_đề gì , chỉ biết cope lại mấy câu mẫu thôi",1
SHOPPE K ĐỂU THẰNG ĐỂU LÀ SHIPPER SPX,0
ngon thí,1
😁,1
hừ,1
spf đặt địa_chỉ cố_định rồi cứ chuyển sang chỗ khác mấy lần rồi,0
xài app nào cx cứ QC k cho thoát bắt vào chplay để tải mà QC thì dài 2-5 phút,0
không có chế_độ đổi hàng mà chỉ có hoàn tiền mấy đơn 0d của t bt làm nnao ?,0
"Tệ . Shopee tự_ý huỷ đơn hàng và cắt hết mã to của khách . Không có lý_do cụ_thể , minh_bạch cho việc huỷ đơn và hoàn_toàn không có đền_bù lại những thiệt_hại về mã giảm_giá cho khách",0
Rất hài_lòng nha ... ! !,1
tiện_ích tốt.giao hàng nhanh_chóng,1
Đc thanh_toán khi giao nhưng giao lâu quá,1
Cảm_ơn nhà_sản_xuất,1
"Tôi thất_vọng với shoppi , không bảo_vệ quyền_lợi người mua hàng",0
khi tôi mới bấm vào để mua bình_xịt thơm miệng ai người dễ đâu toàn 0k rẻ hơn tik tok shop nhiều,1
quá nhiều qc,0
đặt có cái điện_thoại mà bảo t giao_dịch bất_thường ? ? ? 😡,0
3 tiếng mà không có tài_xế,0
Rất tốt,1
hai_lòng tốt,1
cúttttttt,0
app l đưa ra mấy Qc mất dại,0
"shoppe vip giờ lỏ quá , có mã 20% mà giờ chẳng mua được gì . phí tiền",0
"không để sdt ship trên ap , đến lúc ship không gọi điện tự_ý giao , rồi giao nhầm đơn vào nhà người ta không biết phải liên_hệ với ship như nào để lấy lại hàng của mình ? ? ? để minh_bạch cái số điện_thoại shipper ra để có vấn_đề còn liên_lạc",0
qcáo lâu như_điên,0
"giao hàng nhanh chất_lượng hàng giao uy_tín , giải_quyết các khiếu lại nhanh , tạo lòng tin cho người mua .",1
mua_sắm ok nhee,1
"cẩn_thận trên này , khá nhiều lừa_đảo nha",1
tuyệt_vời nhiều mặt_hàng rất phong phud,1
ừ cũng bình_thường,1
hàng giao lâu ác,0
t chưa có nói t có muốn xem qc hay k💔🙏,0
dv tệ,0
đặt đơn hàng đầu_tiên giảm_giá rất lớn nên tải app này,1
rẻ cho nhiều điêu hời,1
"chưa nhận được hàng , mà ship ở trên nói đã nhận được hay",0
Bình_thường nhé 😁😁😁😁,1
thế_mà lại hay,0
quá nhiều quản cáo,0
giao hàng cực chậm,0
dễ mua giá rẻ mn nên ủng_hộ,1
thái_độ shippe hay quá,0
rât vừa okokokokokokokok,1
muốn kiếm xu bằng cách tải shoppe pay nhưng nó không cộng xu cứ bắt sang shoppe pay xg vào lại shoppe thì bị mất trang chịu đã đăng_nhập shoppe pay r,0
🥲,1
"Trải_nghiệm tệ . Chèn_ép người sử_dụng . Áp_đặt , chống_chế , xâm_phạm quyền tự_quyết của người dùng .",0
"cứ bắt xác_thực tk mà gửi mã qua email đã không còn hoạt_động , tick vào gửi mã OTP qua dth thì ko nhận được . nhấp vào hỗ_trợ để thay_đổi email thì không thấu mục nào . Mất thời_gian ghê",0
luôn_tiện lợi,1
[ Yêu shopee • ] ... √,1
Yêu_cầu shopee thêm 1 phương_thức thanh_toán mới là bằng thanh_toán qr cho tất_cả các mặt_hàng .,1
mong gop y ad bao lên trên . cho mục chặn shop lừa_đảo . dj . ad .. 1vài shop bán hàng dép sai size . size màu ... em . còn chặn,1
"cập_nhật lên bị lỗi , không đăng_nhập được tài_khoản",0
"tệ , tăng_giá ship hàng nhanh đến chóng_mặt lun",0
tiện_dụng và giao hàng nhanh .,1
rất tiện và nhiều ưu_đãi tốt,1
kiểu đặt_hàng mà bị huỷ buon lắm ln lâu_lâu vô mấy acc khác k dc ln,0
"cho những cửa_hàng k uy_tín bán đồ giả , đổi trả khó_khăn . lường_gạt khách_hàng",0
đơn giao lâu còn thái_độ với khách,0
app ngày_càng nặng,0
app này chuẩn_bị dẹp r à tài_xế ngủ hết r à,0
thik phết mà giao hàng hơi lâu,1
"app lỗi nhiều , ko hỗ_trợ trả hàng",0
bị lỗi k vào được,0
giao hàng tận nơi rút tiện_lợi,1
lag vô_cùng_tận,0
nên giao nhanh hơn và shipper thân_thiện hơn,1
app cứ lỗi ko đăng_nhập đc,0
shoppe không tìm_kiếm sản_phẩm được,1
app bị lỗi ko vào dc,0
like,1
lỗi tùm_lum,0
giao hàng toàn hoàn về,0
"nay trùm deal mà app lag quá , không coi đc live và không mua đc gì cả",0
khá ok 👌nhưng thỉnh_thoảng má nó cứ lỗi khó_chịu vc,1
ko load dc luôn á ?,0
"Lâu_lâu cứ không vào được , kỳ_cục quá đi , cứ phải đăng ra vô hoài , vận_chuyển thì thùng sữa bị bể hết cũng giao được , qua_mặt được thì qua",0
ứng_dụng không ổn_định kết_nối kém,0
Nhưng ít giảm_giá,1
"shopee cở rài hay bị lỗi quá ạ , vô app đc nhưng k coi đc",1
tại_sao không vào được shoppe,1
"app gần đây loading rất là chậm luôn , khó_chịu vô_cùng",0
Càng_ngày_càng tệ . Giao hàng chậm kinh_khủng . Hoàn hàng thì shipper không đến lấy . Đơn hàng thì thất_lạc hơn tháng rồi không nhận được .,0
"bộ thành_phố giờ ít người chạy , shipper đình_công tập_thể gióng grab rồi hay sao mà phổ_biến vụ chạy đơn ghép vậy ? má nhà cách 400m , đơn xong trong 15p mà phải đợi thêm 55p để có ăn",0
"Má , cái ứng_dụng hãm l , vô coi live mà cứ quay quay trong khi mạng của t đầy vạch",0
"mọi người đừng mua hàng trên shoppe nữa . app này cho_phép các shop bán hàng đểu cho khách . đặt_hàng đã thanh_toán trước mà shiper giao tới vẫn thu tiền thêm 1 lần nữa . bấm trả hàng thì nhân_viên làm_khó , bắt phải có bằng_chứng , phải xem_xét qua vấn_đề này_nọ để không cho trả hàng . shiper thu tiền 2 lần thì hẹn_hò nói phải có hoá_đơn , có bằng_chứng . App thì lag lúc vào đc lúc ko . gọi tổng_đài thì nói qua_loa . nói_chung app móc_nối với người bán và shiper để thu lợi bất_chính từ khách_hàng .",0
tệ tht đm vô còn tự thoái vào trang cá_nhân để tạo thì lỗi mạng 😡😡😡,0
"bán cái phủ bỏ trách_nhiệm đá KH qua_lại bên bán như trái banh rồi quyền_lợi KH k đc giải_quyết , coi_thường KH đáng_giá 0.5 sao chứ đừng nói 1 sao ! ! !",0
app quay lag bán hàng lởm dv kém tồi_tệ,0
ko có gì để phản_ánh,1
app đc nhìu mã giảm_giá rất đã,1
lag lv,0
quá lag,0
đặt ko đến muộn 4 ngày của bố mày lỗi nặng,0
"Tiện_lợi , nhiều phương_án chọn_lựa , hàng_hoá đa_dạng . Yêu_cầu Shopee quản_lý chặt các shop bán hàng chất_lượng kém .",1
tr ơi chỉ cần tạo tài_khoản mới là đc đồ 0đ luôn áo_quần j cũng v hết tôi yêu shoppe,1
ote,1
App này đặt_hàng cũng ôkê,1
vì sao thì sao ms tải đúm tht là kh lm t thất vọnggg,1
shipper giao sai người k 1 cuộc_gọi xác_nhận quá tệ vừa mất hàng vừa mất voucher,0
mua sản_phẩm của shopee rẻ đẹp,1
giá rất ngon có đơn miễn_phí luôn mà,1
ứng_dụng ok,1
Tôi có cơ_hội bộc_lộ khả_năng điều_khiển tài_chính trên shopee xu,1
nó còn xoá voucher,0
mua_sắm giá rẻ,1
"giá_sàn thì tăng cao nhiều sản_phẩm còn đắt hơn cả mua bên ngoài 3 ngày sale trong 1 tháng thì nhiều sản_phẩm còn tăng cao hơn cả ngày thường , giá tăng do bị đánh thuế đã_đành đây giao hàng càng_ngày_càng chậm phải đợi cả tuần mặc_dù đơn hàng giao chỉ ở 2 tỉnh giáp nhau , chúng_mày càng_ngày_càng tệ bọn shopee à",0
omk0 l8m m,1
"ĐẶT GIAO HỎA TỐC TỪ TRƯA HÔM_QUA , SANG NGÀY_NGÀY MỚI VẪN KHÔNG CÓ CẬP_NHẬT GÌ , ĐƠN ĐỨNG HÌNH LUÔN .",0
trải_nghiệm tốt,1
ỷ syeheis,1
không nên mua trả_góp trên shopee dễ bị gài bẫy tài_chính,0
Đăng_nhập vào tài_khoản nhưng mất email bth ko thấy xác_minh bây h mất cứ đòi xác_minh ko vào đc tài_khoản 1 ⭐,0
Giao Hàng Tiết_Kiệm,1
mua hàng rất ok,1
"qua tiptop mua mn ơi . có ví tikbalance . dể sài . shopee lỏ . k có mua vip bằng COD . Mua_CoD xong k trả hàng dc , tiền bị giam mãi_mãi trog shopeepay đó .",0
app này rất hay,1
"Hàng_hoá đa_dạng phong_phú , phục_vụ tốt và rất nhanh , chu_đáo , mang lại vô_cùng tiện_lợi cho cuộc_sống của mọi người , luôn được mọi người_yêu thích 👍❤",1
có chi_tiết đường lưỡi bò phi_pháp 😡😡😡,0
"Xem_thường khách_hàng , xem khách_hàng không ra gì chả khác gì súc_vật",0
tốt . mọi mặt_hàng đều chính hãng . chất_lượng rất tốt,1
quảng_cáo quá nhiều tự hiện lên dù không chạm vào,0
"Chất_lượng dịch_vụ tốt , tuy_nhiên vẫn để một_số shop bán khẩu_trang đợt dịch vừa_rồi bán không thật tự huỷ đơn hàng không rõ lý_do thật_sự là gì , mặc_dù được hoàn tiền nhưng mất nhiều ngày , nhất_là phải đợi hàng thiết_yếu nhưng không được , phải mua nơi khác làm giảm khả_năng chống dịch Covid-19 . Thanks_Hiện đã khá ổn , cần mở_rộng thêm tiện_ích thanh_toán",1
ko đặt cũng giao,0
tải lâu vãi,0
"không cho đăng_nhập , đăng_nhập cứ hiện lỗi L01",0
"đặt_hàng 8/9 đến ngày 11/9 tới nơi mà hẹn mãi tới 18/9 nó ko gọi điện , k thông_báo trên app . vô app thấy hoàn hàng về cho ng bán . xong gọi nv hỗ_trợ thì cho nghe nhạc chờ đã_đời xong tắt máy ngang gọi lại thì nó kêu đặt lại đơn mới",0
app rất lỏ và khi tôi đặt_hàng mẫu lại không giống trong hình_ảnh,0
"Tệ . Quá tệ , bình_thường giao_dịch đã giật lag , vừa_nãy giao_dịch liên_kết shopee pay với ngân_hàng , shopee pay báo trừ tiền không thành_công mà ngân_hàng lại -30 k , -30 , -30 k -35 k ? ? ? Lỗi trừ tiền tận 4 lần , mà hoàn lại chỉ 30 k ? ?",0
ứng_dụng rất ok,1
Tuyệt_vời shoppe,1
ba te ung_dung luot cham li do,1
"nhanh , tận hiến",1
Đc,1
mua hàng thì dễ . trả hàng thì khó . ship thì láo vô_cùng . dmcm . ok,0
"Trải_nghiệm trả hàng / hoàn tiền lần này thực_sự không tốt . Khiếu_nại của tôi bị huỷ đến 2 lần vì không có shipper đến lấy hàng . Sau đó tôi phải tự thuê xe mang hàng ra bưu_cục , vừa mất thêm chi_phí , vừa mất thời_gian chờ_đợi và phải nhiều lần bê hàng lên_xuống . Tôi cho rằng khách_hàng không nên phải chịu thêm những bất_tiện và chi_phí phát_sinh khi đã thực_hiện đúng quy_trình trả hàng . Mong Shopee xem_xét trách_nhiệm phối_hợp với đơn_vị vận_chuyển và có phương_án hỗ_trợ khách_hàng trong những tr",0
hoàn tiền quá lâu nên khắc_phục ! ! ! !,0
"mik mua bioderma tẩy_trang 500ml ở hasaki , shipper không gọi điện cho mik về đơn hàng , shipper cập_nhật đơn hàng là người mua từ_chối nhận , đơn của mik bị hoàn_trả trong khi mik ko BT j cả , lúc vào shoppee ms biết , mà việc bồi_thường của shoppee rất nhảm_nhí và ko đạt được kì_vọng hay xứng_đáng vs hậu_quả của mik , hasaki mik định mua lại nhuk lại bị giới_hạn lượt mua ko mua lại được , là ng mua lâu năm trên shoppee mik rất 7 vọng , mong rằng shoppee có_thể cải_thiện",0
"ứng_dụng bị dính video , thoát ra video vẫn chạy ..",0
giao hàng muộn 2 tuần,0
oke nha,1
mua_sắm thì được nhũng giới_thiệu thì làm_khó người khác,0
phụ vụ chắm sóc TốT . cần kiểm Tra gian_hàng giả_mạo hơn_nữa,1
ap ok,0
App mua_sắm Shoppe rất tốt và tiện_lợi . Anh_chị_em nên sứ dụng !,1
tôi yêu shoppe và shoppe cũng vậy,1
mua ko . đc cứ để ko áp_dụng vs mã voucher tài_khoản nay mà mik giùm hết mấy cái voucher cho mà ko mua đc,0
rất oke,1
"huỷ đơn vào những lí_do vô_lí , khó_chịu vãi , mãi không khắc_phục đc dmmm shopee",0
haythuvi,1
cũng cũng nhưng nhiều lúc ko lấy đc hàng,1
"từng rất thích đặt_hàng shoppe vì quyền_lợi khách_hàng cao , sau_này càng_ngày_càng lỏ 🥰",0
ghét cái quảng_cáo kinh,0
chat shop lâu phan hồi mong shopee đáp nhánh hơn,1
"Sau khi đặt_hàng qua shopee video , tôi nhận được voucher giảm 30% . Thế nhưng sau khi vào để nhận thì lỡ tay nhấn thoát ra , sau đó không nhận được nữa , trong ví voucher cũng không có , tìm ở đâu cũng chả thấy . Nhắn chăm_sóc khách_hàng thì AI trả_lời không đúng trọng_tâm , lái qua vấn_đề khác , đến cuối_cùng vẫn không giải_quyết được bất_cứ vấn_đề gì . Cho hỏi app làm_ăn kiểu gì thế ạ ? Chăm_sóc khách_hàng hay cố lái vấn_đề đi để đổ lỗi lại cho khách_hàng ?",0
t tức á,0
quảng_cáo từ app khác làm app này tự nhảy lên miết nên xoá cmnl cho rảnh nợ : v,0
giao hàng quá chậm . thủ_tục hoàn đơn rườm_rà,0
máy dể thưông,1
tự_động huỷ hàng bảo là do giao_dịch bất_thường mua tai nghe là sao nuẵ bị khùng à,0
shopee food ghép đợ nz giao lâu vô_cùng,0
mẹ mbbrnó hư hư thực ô bên bời tôi lại uyhv by,1
bị chặn số đt k rõ lí do😡,0
thái_độ của tất_cả những thằng shipper food chưa bao_giờ là tốt,0
giá rẻ tôi rất thích khi mua_sắm,1
Lừa_đảo chơi game ko điều_khiển được phí hết xu,0
rẻ tốt,1
"Đợi trả hàng cả chục ngày mà shipper không đến lấy , còn báo là không liên_lạc được , lừa_đảo",0
rất chuyên_nghiệp,1
"Ko thêm đồ vào giỏ hàng đc trg khi mạng đg ổn_định , coi live không lấy được xu dù đã hết thời_gian coi",0
app rất hay đáng để sử_dụng,1
ok la . tot . tuyet voi . qua huu ich,1
Giao hàng như l,0
áp mã giảm_giá rẻ quá kêu vi_phạm k hiểu luôn ? ? ?,0
mua_bán sản_phẩm tốt với xử_lí nhanh_chóng,1
ok !,1
"tự_động trừ xu trong ví live của khách_hàng chẳng hổ trợ đc j , bực cả mình",0
Được,1
rất tệ không cho hoàn hàng,0
cảm_ơn bạn na,1
"có những điều_khoản bẫy người tiêu_dùng , ăn_tiền của khách và chỉ nói do trong điều_khoản dị nên không hoàn tiền",0
áp mã giảm_giá tự huỷ đơn làm mất mã giảm_giá 🤬,0
OK . Rất tốt rất tốt ...,1
yassssss mua đồ của idol đc đó,1
ko bị shoppee tự_ý huỷ đơn thì cũng bị shipper tự_ý huỷ . chán,0
"mua hàng nhanh , giá rẻ , chính_sách rõ_ràng",1
shipper không gọi rồi hoàn_trả lại hàng về người gửi là sao làm_ăn ngày_càng tệ,1
"thôi đi đừng lừa_đảo nữa , nghe Thuý_Thị_Bùi_nói rồi , mày chỉ là cái loại lừa_đảo làm_ăn gian_dối , treo đầu dê bán thịt chó thôi , não bị úng nước à🤨 , đang chơi raptor evolution mà cứ bị mày làm_phiền với đề_xuất nút thoát giả , loại như mày tao chúc sớm bị x.t nhé 😉",0
"shopee vừa vào nó nhảy luôn vào video , thoát ra rồi nó cứ chạy ngầm . nghe tiếng quảng_cáo hoài luôn riết nãn",0
"giao hàng rất chậm , gọi đến kho nhận cũng ko để hàng riêng , mà vất lung_tung hỏi thì kho báo ko biết_đâu mà tìm",0
"hàng ok , giao nhanh , đa_dạng sản_phẩm",1
m Jin rút oh t owil lfur rồi rtk rồi thì ktdk nụ cười ko làm j ưu mà trong đó ra phụ k tr ng mà nó rtt thì trụ ưu rk khu ở ơi rtt jk ơi ii hư pp EE rakr lấy xe đi rtt,0
"trùm bán_lẻ , nhưng cần tự cẩn_thận xem kỹ mô_tả trước khi mua hàng",1
tôi gửi đánh_giá mà shoppe không tặng xu cho tôi ...,0
"giá rẻ hơn so vs 1 số nền_tảng khc , dao diện cx dễ dùng , mh đc cho nhiều voucher chỉ là hiện hơi nhiều thông_báo 👍",1
trải nghiệp tốt và bảo_đảm,1
Giao hàng chậm . shopee ko có phương_án cụ_thể đối_với đơn_vị giao hàng .,0
ok yhik mua hang o day,1
"giá shoppe hợp_lí phải_chăng , vận_chuyển thấp , giao hàng nhanh , đóng_gói kĩ_càng . Hàng giao về giống mẫu .",1
"nhân_viên vận_chuyển tệ_hại , giao hàng hay lm vỡ gẫy đơn hàng",0
cần cải_thiện tiến_độ giao hàng,0
người giao hàng không cho đồng kiểm còn bảo không qua tiktok mua đi,0
đơn hàng bị lỗi gửi về người bán mà shoppy kiểm_tra rồi không hoàn tiền lại liền mà bắt phải chờ gửi về shop bán mới trả tiền.shop bán đã nhận được hàng 2 ngày rồi cố_tình không bấm đã nhận hàng để shoppy hoàn tiền sớm cho khách ( trường hop này giải_quyết như_thế_nào ) . vậy bên shoppy không kiểm_tra để hoàn tiền lại cho người mua bắt nguoi mua phải chờ cho hết hạn.toi đề_nghị khi shop bán nhận được hàng và được shipper cập_nhật thì phải hoàn_trả tiền liền hoặc trong 24 giờ để trả tiền,0
huỷ đơn hàng shopee xác_nhận những vấn giao,0
"không hỗ_trợ trả hàng / hoàn tiền khi sản_phẩm bị lỗi , mn nên mua sản_phẩm đt lớn ở bên ngoài chứ đừng dùng shopee , sản_phẩm lỗi nhưng bản_thân phải chịu nếu đã mở nguồn đt hiz , quá thất_vọng",0
mua hàng rẻ,1
đèn ok .... ủg hộ sóp,1
app lưà đảo vải đặc con mô_hình bự chà bá mà nó giáo cho con sanji bé siếu,0
app chó,0
toàn nói đường bán nẻo giống kiểu như ban lừa_gạt cho những người sở ý.luot gặp mấy líp bán kiểu đó là ghét.xoa ứng_dụng,0
"giá hợp_lý , giao hàng nhanh , nv phục_vụ tốt",1
rất nhiệt_tình,1
nhiều hàng 0₫ ngon bổ rẻ,1
ý_kiến ở đây rất rẻ tích kiệm chi_phí,1
đặt_hàng mà ship chẳng thấy giao hàng j cả mẹ chờ mãi mà cuối_cùng thì chẳng có đơn nào về tay thực_sự dell hiểu ship làm_ăn kiểu j,0
", 10₫ không có nhưng i love shoppe",1
shopee chăm_sóc khách_hàng rất tốt,1
"Giao hàng rất trễ , không đáp_ứng được yêu_cầu của người dùng",0
tôi cảm_thấy rất vui khi được dùng một áp_dụng tuyệt_vời như shopee vậy,1
tạm đc ko quá tệ,1
"có_thể cập_nhật sdt shiper được không , chứ giao đơn hiện cách 1km mà bận công_việc , cần đơn mà phải ngồi đợi nhà từ 9h sáng đến 1h chiều chưa giao tới , muốn liên_hệ lấy đơn thì shopee không có cách liên_lạc shiper . thấy mất thời_gian . đơn gần cứ để chiều_tối mới giao không",0
tệ rất tệ tự huỷ hàng,0
"Dạo này shoppe cứ bị gì á . Tự văng tài_khoản r bắt đăng_nhập lại , đăng_nhập lại thì cứ kêu lỗi . Bấm vào thông_báo thì lại văng ra r kêu kết_nối mạng các thứ . V thì 1 sao đi nhé mắc mệt , có 2 tài_khoản thì giá chênh_lệch nhau quá rõ_ràng . R thì acc thù có chương_trình Vũ_trụ xu , acc thì không có . Ý là người tiêu_dùng như nhau mà đối_xử v á hả . Ý là sao mà acc vip còn thua acc thường tích _ cực giá lệch nhau quá nhiều",0
tôi rất hài_lòng,1
nhiều voucher tốt,1
"Shopee làm_ăn uy_tín và chuyên_nghiệp , đổi trả dễ_dàng , nhanh_chóng rất hài_lòng về chất_lượng phục_vụ khách_hàng của shopee !",1
ok trải_nghiệm rất tốt khi mua_sắm,1
Dạo này app shopee chạy nặng quá . Quá lak,1
app ngon,1
"Quảng_cáo hoài chỗ nào cũng xuất_hiện , quảng_cáo lại còn dài nữa chứ đang chs game mà xem xog cái qc là bị văng ra luôn",0
"ứng_dụng mới cập_nhật lại hay sao vậy , giờ tôi muốn vào gian_hàng của 1 shop nào đó bấm vào sao nó không vào được là sao nhỉ , quá bất_tiện",0
shopee hay hơn tôi nghĩ nhiêu,1
dính m02 quá nhiều,0
Tot,1
"Hàng đặt 9 ngày không về hàng . Hối rồi , tổng_đài , đủ kiểu chỉ hứa_hẹn . Càng_ngày_càng tệ .",0
"Hài_lòng , nhiều CT ưu_đãi",1
nhưng_mà đừng có link video nhiều quá,1
phế như chó,0
quảng_cáo cho dài vào đúng dở_hơi,0
"quảng_cáo nhiều , đang sử_dụng app khác cũng tự_động nhảy quảng_cáo . coi phim cứ 10 giây thì quảng_cáo 15s . liên_tục ko cho ai sử_dụng đth",0
đúng hẹn r ko giao,0
đơn hàng lâu đến,0
đặt_hàng nhưng shipper không giao và xác_nhận giao thành_công ảnh cung_cấp hoàn_toàn không phải đơn tôi đặt tôi nghi là Shipper lấy hàng của khách,0
"rất ok nha , có những món đồ chỗ tui không có nhưng lên shoppe là có tất_cả 👍",1
"đa_dạng hàng_hoá , giá rẻ hợp_lý , chính_sách đổi trả tốt",1
shoppe đc ms tạo nick thì cho vuocher khủng r cũng mua nhưng mấy cái shoppe lại ko giao hàng r tự huỷ luôn,1
m tìm gì cũng phải đăng_nhập chắn vcl 🤬🤬🤬,0
làm giống gì cũng báo lỗi đúng aapp tệ,0
Import phim sex,0
sao đặt bánh_trung_thu k có đặt các vị khác nhau nhỉ,1
giao hàng nhanh . các mặt_hàng đa_dạng chất_lượng ổn_định . nói_chung là tiền nào của lấy . mình thật mua_bán trên đây rất tiện_lợi,1
gx ôm,0
Nice,1
siêu iêu,1
đặt lần đầu mà bảo giao_dịch bất_thường thì chịu,0
Tệ,0
rất tệ . 1 tháng tự huỷ 3 đơn gây ảnh_hưởng tới cả người bán và người mua . phản_ánh thì trả_lời lòng_vòng ko giải_quyết được vẫn đề . mất thời_gian của khách_hàng,0
"app phục_vụ siêu tâm_lý ! Hàng giao nhanh , đóng_gói cẩn_thận không vết xước . Chất_lượng sản_phẩm vượt ngoài mong_đợi , sẽ tiếp_tục ủng_hộ app lâu_dài . 5 sao chất_lượng",1
có nhiều đơn hàng mua có 0đ à .,1
"ok , nhưng voucher giao trễ 100k ms dùng dc r cho làm gì ❔giao trễ lịch khách tùm_lum , đã tạ_lỗi còn cố ép sale",0
"có cần_thiết phải thông_báo nhiều vậy kh , đang ở nơi đông người mà thông_báo rõ to . Ngại điên !",0
Good !,1
ko muốn,0
cũng tạm được,1
được rất nhiều đồ 0₫,1
"Tôi đặt từ 10/9 , tới 14/9 là tới trạm khu_vực của tôi , nhưng tới 19/9 lại chưa giao ? ? ? ? ? ? mặc_dù tgian dự_kiến là từ 14/9 rồi , tôi cần bồi_thường",0
shopee trừ xu của t cho 1 sao,0
cứ bảo đăng_nhập lỗi,0
chất_lượng tốt xài hiệu_quả,1
như cl,0
"mắc cái dell gì mỗi lần vào app cứ chuyển sang Video & Live ai_mượn . Cho là chuyển sang Video & Live cũng được , rồi ai_mượn giảm âm_lượng , cay dell chịu đc",0
đng chs game quảng_cáo lắm thé bt phiền ko,0
"mất voucher do phát_hiện lỗi , mà cx kh cho mã mới , vừa đặt_hàng có mã giảm do đơn đầu_tiên dc giảm_giá sâu mà bị huỷ đơn đúng tức",0
"Mạng bthg mà shopee chậm đôi_khi tải ko nổi màn_hình trắng , hoặc cứ quay quài không load nổi sản_phẩm cái lỗi này từ 2022 đến nay 2026 mà cứ hay mắc phải quài vậy",0
"Tôi rất thích mua hàng trên shopee , thường săn hàng khi giảm_giá + phí ship 0đ . Nếu có phí ship và khg phải ngày sale thì hàng mắc hơn siêu_thị Go tôi hay mua hàng , ... Giờ thì tôi đã đăng_ký shopee VIP , nhưng luôn thích săn sale , nhà tôi và người_thân ... thường_xuyên mua hàng trên shopee 😋",1
ng.áo như cái c.u tưới cây thì dell đc vào nhận xu thì bảo_mạng bị thế_này thế kia trg khi đã kiêm tra lại mạng mấy lần r nói_chung là như cái cc,0
vào đc nhưng cứ bị lỗi mất tín_hiệu chức_năng trong ứng_dụng ko hoạt_động mong nhà_phát_triển sửa lỗi,0
C H Chú hàng có Thái_độ không chuẩn_mực cakh không làm đúng chức nặng,0
mọi thứ rất tốt,1
Quảng_cáo quá nhiều,0
Quảng_cáo nhiều,0
shoppe cc j đặt đồ áp vocher vô k cho đặt phải tháo vocher để giá gốc ms đc đặt,0
"Tôi đặt_hàng ngày 13 hàng dự kiện ngày 15 giao , rồi nói kêu 17 rồi còn kêu 18 hôm_nay ko giao chậm gì đâu nếu có 0 sao tui đánh 0 sao",0
chó mà đặt 2 đon hàng shipper spx goi giao mà ko chịu giao tư ý huy đon hàng của khách,0
Mua hàng trên shopee khá yên_tâm,1
djtme app như lon đeo đặt được hàng,0
"Quảng_cáo quá nhiều , rất phiền",1
vô_cùng tốt nên dùng ngay,1
"Quy_trình trả hàng hoàn tiền vớ_vẩn , Shopee không quản được đối_tác vận_chuyển . Mua hàng ngày 9 , hàng bể không dùng được yêu_cầu trả hàng ngay trong ngày , đơn_vị vận_chuyển không đến lấy hàng , gọi lên CSKH yêu_cầu hối lấy thì chờ tới huỷ yêu_cầu THHT luôn chưa thấy tới lấy . Giờ là ngày 18 và vẫn phải điện_thoại nhắn_tin lên NHỜ CSKH HỖ_TRỢ . Còn CSKH trả_lời lung_tung hết cả lên , người sau trả_lời khác người trước , chả biết làm cái gì mãi không giải_quyết được vấn_đề cho khách_hàng .",0
mua dc giam qua troi luon tot re,1
1 sao vì ép đăng_ký,0
"hàng đi nhanh , đóng_gói kỹ",1
"làm_ơn đi , đặt shopee food nữa tiếng ko có ai nhận mà vẫn ko cho huỷ đơn mẹ app ko bt suy_nghĩ cái gì phải ngồi đợi app huỷ để ra ngoài mua đồ_ăn bà lun má ơi làm_ơn 5 , 10 p ko ai nhận cho huỷ 1 cái , gì mà 30p chưa ai nhận đơn vẫn ko cho huỷ đến khi quán đóng thì huỷ app l",0
"shoppe làm_ăn dạo này xuống_dốc , hối giao hàng thì lề_mề , có_khi shipper còn không thèm giao xong tự huỷ đơn . Thay_đổi đi shoppe",0
app ngon nhm hơi bị lâu tích _ cực ),1
dịch_vụ liên_kết hoàn tiền khá phức_tạp,0
ứng_dụng lừa_đảo,0
Tốt ! Giao hàng nhanh .,1
"để giá 1 đằng mà ấn mua 1 nẻo . dụ người mua để giá rẻ , mà ấn vô mua áp mã các thứ giá không rẻ bằng giá nó để . 😡",0
đặt_hàng thì OK mà sippo giao hàng tệ quá,1
tự_động huỷ đơn hàng của khách,0
như c * * đồ cắt đầu b * * *,0
tuyệt,1
Giống như quảng_cáo sẽ ủng_hộ shop tiếp_tục trong lần tiếp_theo,1
bị nó scam cái áo cay mất cái mã giảm 100k của t,0
mua hàng shopee tự huỷ và mất luôn voucher 80k,0
Good app,1
ii . xe hy để lộ lộ để,1
tôi i CT i hy_hữu hy xem kojp . sao Nt gì ko,1
toàn lỗi M02 . lừa_đảo,0
hàng vỡ k đc hoàn tiền,0
chết mẹ thằng làm ứng_dụng việc bố tổ mày sao cứ tự hạ_âm lượng của khách_hàng và,0
"toàn đánh_giá 1,2,3 sao ko , ko nổi đánh_giá 5 sao , còn đầy máy nx",0
cx ok giao nhanh hàng chất lg dùng tốt,1
"chê . hỗ_trợ hoàn tiền cùi bắp , cskh dẹp đi . mua quay clip rõ_ràng bóc ra sản_phẩm giao hàng ko đúng mô_tả , cứ nằng_nặc nói_chuyện với shop giải_quyết , mà thằng shop ko trả_lời dù nhắn chục tin . báo shopee thì cứ nói shop chịu hoàn không . ko thì đóng hỗ_trợ . điện thoai mua đồ giả 4-5 triệu mà giải_quyết kiểu đó . xoá cái app qua tiktok shop còn bảo_vệ quyền_lợi cho khách_hàng",0
"ko có giao_diện tối , t bị đau mắt vì giao_diện sáng này",0
đây là một chiếc ap very beautiful,1
great,1
hàng về ngon giao đúng giờ,1
app tự đăng xuất và không đăng_nhập lại được trong khi tôi còn 1 đơn hàng đã thanh_toán và chưa được nhận .,1
"mình khuyên mn ko nên tải shoppe ạ , mình mua hàng đều gặp lỗi , huỷ đơn hàng khi chx hỏi ý khách hành , bn nào muốn tìm chỗ uy_tín mua hàng hãy chọn app nào uy_tín hõn ạ .",0
giao hàng chạm lừa_đảo hàng giả,0
"mua thì chả cho , mua đc rồi lại nói lỗi huỷ đi",0
tải chỗ cố méo đặt dc,0
Cũng tạm ổn,0
"ĐỪNG CÓ DÙNG AI 😡 nó ko phản_ánh đúng chất_lượng sản_phẩm mà gây khó_chịu , sử_dụng hình_ảnh lung_tung chưa có bản_quyền , feed hình_ảnh cho AI 😡 đừng có lm mấy cái quảng_cáo AI nữa , trông mất thiện_cảm lắm , đg định mua mà thấy cái quảng_cáo t lại ko muốn mua nữa",0
shopee tuất mẹ đang chơi Free_Fire mà hiện thông_báo thì nhấn vào phát vô shopee mất trận game của tau 1 sao,0
có voucher dùng dc mà ko cho xài,0
tự huỷ đơn hàng mà ko có 1 lí_do chính_đáng,0
trai nghiem tôt,1
"tuyệt_vời , tôi cần giảm_giá và có nhiều voucher nữa thì được",1
đặt hoả_tốc 5 ngày mới nhận được,0
tổ mày,1
"dịch_vụ càng_ngày_càng tệ , shopet giao hàng chậm . không giao hàng mà tự_ý huỷ đơn với lý_do không có người nhận",0
shipper không giao hàng thái_độ bố_láo với khách_hàng không bao_giờ dùng nữa,0
tôi chưa nhận được hàng mà shipper thích đã giao,0
jg 😁 jc 😃 jg 😁 jv và kg và hf 😃 k 😃 sh 😃 ng khác nhau hf 😃 jg 😃 jc 😃 nghệ hc 😃 jc 😃 jv 😃 jx jf 😁 j 😁 nc 😁,1
ko trả_lời khách_hàng,0
hàng giả hàng nhái nhiều.mất uy tín.chả hàng thì shop đưa ra nhiều lý do.phải lên nắng nghe khách_hàng chia_sẻ . khách_hàng là người bỏ tiền ra mua và sử_dụng . khách_hàng chỉ mong_muốn là Shopee bảo_vệ quyền_lợi cho khách_hàng . không phải dùng hàng nhái hàng kém chất_lượng,0
mua đồ rất tiện,1
😅😅😅🤣🤣🤣😅🤣🤣🤣🤣🤣🤣🤣🤣🤣🤣🤣🤣🤣🤣🤣🤣🤣🤣🤣🤣🤣🤣🤣🤣🤣🤣🤣🤣🤣🤣🤣🤣🤣🤣🤣🤣,1
giá tốt chất_lượng 👌,1
"d cbcx về ưu , ì cc , vv ccccr",1
rất niche 👍,1
5 sao cho anh_chị,1
bình_thường,1
so good,1
ứng_dụng rất tốt,0
lag hiện quảng_cáo linh_tinh,0
shopby rat tot.nhanh re . giao tan nha.ung ho shop mai luon,1
mong shoppe cho liên_kết với ngân_hàng pvcombank để dễ thanh_toán,0
"đặt_hàng ship ko điện mà cứ trả về shop liên_tục , chả đặt đc đơn gì",0
suốt ngày mua,1
chán ko mún ms đặt_hàng tui ko ở nhà đơn 140k mà kêu 145k ba tui đưa 150k ik lun ko thối tiền cho bà tui lun từ nay ko bao_giờ mua đồ shopee nx,0
uầy app này xịn lắm lun ấy🥹💞 l love you shoppe,1
rất hài_lòng .,1
app ngáo nặng mở lên nó bảo k kết_nối mạng,0
nó hiện sai giá bấm mua lại giá khác tốn thời_gian vcl,0
ổnn,1
"giao hàng siêu nhanh , giá rẻ",1
Phạm ' nkb vgedbbg,1
Tự cho deal rẻ r ngta mua cái huỷ vì có giao_dịch bất 9 là gì tr,0
Đẹp quá,1
yêu shoppe,1
"Good app , khi kẹt cần 5 6tr gõ trang tên mình , vô đúng trang có miễn lải",1
shop gửi sai sản_phẩm app không cho trả hàng,0
ứng_dụng rất hay có_thể săn sale được luôn tôi đánh_giá 5 sao,1
Tốt đa_dạng mặt_hàng,1
tệ vc nhất_là cskh,0
"Rất bực_mình , shipper tự_ý bấm giao thành_công , không giao cho khách và lấy luôn đơn , khiếu_nại thì bảo đặt lại đơn khác mịa chúng_mày chứ thứ hãm , đặt đơn khách có có giá đấy đâu mà đặt.Đặt được đơn hàng thì nó tự huỷ báo giao_dịch bất_thường mịa chúng_mày tao làm gì mà giao_dịch bất_thường , vừa đặt xong quay ra báo huỷ . Bênh shipper à thủ 3 đơn của tao mà không giải_quyết , tiện đây nói shipper luôn ăn 3 đơn của tao nhớ vừa ăn vừa uống nước nhé , kẻo nghẹn lồi mắt ra là toi đó",0
"toàn giao hàng thiếu mà ý_kiến không không giải_quyết . chưa thấy app nào tệ như_vậy . khuyên mọi người đừng mua hàng shoppee , tốn tiền mà dùng ko đc .",0
cho mình cài_đặt tại khoản google com,1
"wa , www / 6",1
"ứng_dụng dùng tốt , có nhiều voucher ưu_đãi giảm_giá",1
Trải nghiêm mua_sắm tốt,1
app như l càng_ngày_càng bị lỗi nhiều ko đặt_hàng đc,0
"Đớp 119 k , quyết không trả , tự_động gia_hạn tận 12 tháng ? 1 tháng thì đ sao , đây 12 tháng , ai mướn v ?",0
yêu_cầu hoàn hàng của khách_hàng khó_khăn . không trả được hàng do lỗi của shop . mua hàng khách chịu thiệt . thà mua tại cửa_hàng còn được chọn . thử . rất không hài_lòng về việc trả hàng,0
gọi điện_thoại nhưng không giao hàng,0
hồ_sơ khó đậu,0
quảng_cáo lòn,0
như cức quản cáo tùm_lum nhấn vào thì vào mẹ app.khó chịu vl,0
"chỉ là 1 sản_phẩm pin điện_thoại thôi mà cũng ko hỗ_trợ giao hàng nữa còn các sản_phẩm khác thì vẫn giao bình_thường mà chỉ là 1 sản_phẩm pin điện_thoại thôi mà_còn ko cả vận_chuyển cho đc , ko xứng 1 sao",0
"Tôi đã trải_nghiệm mua hàng trên nhiều ứng dụng.Tuy nhiên chỉ có Shopee làm tôi tin_tưởng về các mặt_hàng , giá_cả cạnh_tranh và thời_gian giao hàng đúng hẹn.Tôi rất hài_lòng và là khách_hàng thường_xuyên trên nền_tảng mua_sắm này .",1
giao chậm,0
"vừa đc free ship , hàng về tận_tay",1
rất hữu_ích . mua dc sp tốt giá rẻ,1
chat bot khoá nhầm tài_khoản gọi điện nhờ nhân_viên tư_vấn cứ nói đợi giải_quyết viết đơn khiếu_nại đợi mấy ngày thù đc thông_báo lại là khoá tài_khoản vĩnh_viễn kêu chủ ra lỗi cụ_thể thì không nói,0
bị lỗi,0
"không hiểu tại_sao 1 tháng gần đây đặt gì trên shopee cũng không giao tới được người nhận hết , đợi 4-5 ngày trời rồi nhận lại kết_quả là đơn hàng của bạn được huỷ và trả về lại cho người gửi . Mình đây trông_ngóng nhận hàng từng ngày mà đặt thì không giao . Quá tệ !",0
ok rẻ và giảm_giá,1
lừa người tiêu_dùng,0
0k 0k 0k,1
Free,1
Tiện_ích . Nhưng đôi_lúc mua hàng giá rẻ thì sẽ bị treo đầu heo bán thịt chó .,1
mua hang tien dung nhat,1
shipper bị j v sao cứ đứng im 1 chỗ r tự trả hàng,0
bố của ap,1
"Nói thật thì mik rất là thích shopee gia_đình mik ko khá_giả đâu mà mik cx chx đủ lớn để đi làm rất là bt ơn shopee đã tạo công ăn vc làm cho mik và những ng muốn tạo thu_nhập mà ko có đủ điều_kiện khác Chỉ là nếu được thì mik góp_ý là shopee nên có 1 bộ_phận riêng để xử_lí mấy cái report ngta gửi 😤 cmt dạo này nhiều kid với lũ nhóc ko đc dạy_dỗ ( ko bt có mồ_côi ko ) cmt phản_cảm vô_cùng , ngại để mấy host đọc đc luôn á Nên thêm vào hình_phạt là cấm chat mấy tuần mấy tháng đồ đó",0
bi hu album ảnh bi bi Thị vụ du bi_a,1
"mua phải rất nhiêù hàng kém chất luong , hàng giả không như quảng_cáo . việc đổi trả rất phiền_phức . từ giờ sẽ hạn_chế mua ở sàn .",0
trải_nghiệm mua hàng tốt cực_kì,1
đồ đắt vl ko giống giá,1
mua quài ko được cứ mua xong nhập số này kia kia nọ 2-3 lần mua vẫn ko đc,0
bth☺️,1
thích,1
"Dẹp con shopee food đi , càng_ngày_càng tệ_hại , k coi khách_hàng ra_gì ! !",0
quá tốt ạ,1
mua hàng ở đây OK lắm,1
đơn_vị vận_chuyển tệ,0
"tự_ý hoàn hàng . Đừng bảo do đvvc nữa , spx hay ghn đều tự hoàn hàng của t",0
"Shopee dung_túng shop bán hàng đã không còn sử_dụng được , hàng sản_xuất 5nam rồi vẫn bán . Yêu_cầu trả hàng hoàn tiền bị từ_chối . Liên_lạc với cskh thì toàn phải chat với bot .. quá tệ",0
ý là tự_nhiên huỷ đơn hàng của ng ta chi v hả cx phải thông_báo cho ng dùng bt chứ có phải ko đâu đang mong_chờ hàng về thì bị huỷ r còn bị nói là giao_dịch bất_thường ý là s v hả ng ta giao_dịch bất_thường chỗ nào trg khi ng ta vẫn trả tiền chứ có phải là ng nợ đâu,0
Báo bậy,0
ưng mỗi sàn cam thui đó,1
"quá tệ , mua hàng mà khoá sđt của ngta thì dùng kiểu j",0
"Dịch_vụ rất hay , có nhiều ưu_đãi và chế_độ bảo_vệ người dùng . Shoppee luôn là lựa_chọn ưa_thích của tôi . một điểm hơi khó_chịu duy_nhất lại không nằm ở ứng_dụng hay dịch_vụ của shoppe mà ở chương_trình quảng_cáo được cài ở hầu_như mọi app . phiên_bản miễn_phí , mỗi lần quảng shoppee quảng_cáo nhảy lên thường lâu lắm",1
Rất tệ mk đã áp mã thời_hạn sử sụng đến 25/10 ms hết mà h mk áp thì ko đc liên_tục bảo là đã hết lượt sử_dụng ko những vậy lại còn hay lắc đơ,1
"Lúc trước tôi hay mua hàng trên lazada nhưng từ ngày được người quen hướng_dẫn mua hàng trên shopee tôi rất hài_lòng , sẽ tiếp_tục ủng_hộ",1
"Quảng_cáo quá nhiều , rất phiền . Trả hàng gây khó_dễ",0
vì săn seo trên shopee mà mắt t thâm hết rùi,1
chán,0
app vừa lag vừa gây lỗi,0
"Ko có tiền đặt_hàng , mong nhà_sản_xuất sữa lỗi này .",0
tự_nhiên F02 chịu dy,0
Vui_lòng để kiện hàng ngay cửa . Xin cảm_ơn !,0
có rất nhiều đơn 0 đồng lên mình thích cái này,1
Không hài_lòng hàng giao không đúng hàng quy_trình hoàng hàng mất thời_gian không đc,0
"khi tìm món hàng với giá đó thì gặp videos quảng_cáo giá đó lúc này bấm vào "" Mua "" thì hiện ra mua cái khác !",0
ok dễ_dàng mua_sắm,1
tốt vl,1
cũng đc mà dao hàng hơi lâu,1
Quảng_cáo ép người dùng phải cài app gây khó_chịu vô_cùng,0
"few , Needed although .",1
Khả_năng xử_lý đơn hàng quá tệ,0
gút,1
rất hữu_ích cho đời_sống hằng ngày,1
"shopee độ này quá tệ , nhiều nhà bán hàng không đúng chủng_loại , huỷ đơn hàng , hoặc cố_tình gửi hàng cũ hỏng thay vào đơn hàng mua mới để gian_lận . trả hàng thì không có người đến nhận",0
khá là thích,1
i gian để làm . N i được li 1 I I,1
"Ứng_dụng không hỗ_trợ full màn_hình cho Z fold8 , font chữ ứng_dụng hơi nhỏ và bố_trí rối mắt . Một ứng_dụng mua hàng rất phổ_biến như Shopee mà bao_lâu nay không được cải_thiện về giao_diện . Lẽ_ra ứng_dụng phải được chăm_chút tỉ_mỉ hơn thế_này nhiều . Hơi thất_vọng !",0
"Cực_kì tệ_hại , giao hàng không đúng thời_hạn quy_định , quá thất_vọng , chán nhất_là khoảng giao hàng như tả què , lâu vl",0
giao hàng quá lâu,1
tôi thấy hàng rẻ,1
"Ứng_dụng Shopee rất dễ sử_dụng , giao_diện rõ_ràng , tìm_kiếm sản_phẩm nhanh_chóng . Nhiều chương_trình khuyến_mãi , freeship hấp_dẫn , thanh_toán nhiều lựa_chọn an_toàn . Theo_dõi đơn hàng chính_xác , giao hàng nhanh , hỗ_trợ đổi trả thuận_tiện . Mua_sắm tiện_lợi , đáng tin_cậy , mình rất hài_lòng !",1
Đặt_hàng và vận_chuyển nhanh rất kịp_thời .,1
hàng chất_lượng lắm ạ,1
rẽ dễ săn sale tốt,1
sắm thuận_tiện loại hàng_hoá cần_thiết không phải ra chợ hay tạp_hoá để tìm_kiếm,1
"không cho đăng_nhập , giao hàng lâu , hàng đểu , vé giảm_giá không cho dùng mọi người cân_nhắc trước khi tải",0
79O0 dzú,0
"Tôi có mua 1 đơn hàng nhưng đợi cả tuần chỉ nhận lại "" Đơn hàng đã được giao lại người gửi "" lần đầu tôi sai nhưng lần tiếp_theo ấy mà vẫn thế không một cuộc_gọi từ người giao hàng và tôi vào Chăm_sóc khách_hàng thì họ bảo bị huỷ vì tôi từ_chối cuộc_gọi nhưng rõ_ràng không có một cuộc_gọi nào mà tôi nhận được thật_sự rất thất_vọng",0
"hàng_hoá rất đa_dạng , muốn mua gì cũng có . tốt xấu gì thì tuỳ giá_cả thôi . nhưng phí giao hàng cũng đắt mà sao shipper lạ_đời thế nhỉ , giao hàng mà lần nào cũng bắt ra ngoài đường nhận , cằn_nhằn cử nhử , mặt_mày 1 đống làm như bị thiếu nợ mấy năm hay sao ấy . t đặt_hàng ở sàn này nhiều năm lắm rồi , nhưng năm nay cứ gặp thể_loại shipper quá hãm làm t ko bao_giờ muốn mua hàng trên đây nữa",0
nhắn nhiều khiến máy bị hao bị và lag đg chơi game thì vô_tình bấm vào tin nhắn khóc 🙏,1
"hiện_tại tôi vẫn chưa nhận được hàng ! ! ! ! ! đợn vị vận_chuyển hiện lên báo là bạn sắp được nhận ủa 2 ngày r nhận là nhận cái j tik tok tôi đặt sau 1 ngày hàng quốc_tế thì giao trước , shopee thì h chưa thấy tâm hơi đâu liên_hệ shop shop k rep báo hối hàng thì trả_lời văn mẫu ? ? ? ? lâu r mới sài lại mà z thôi không có lần sau nhận hàng xong xoá app nha 👌",1
"bản_thân shoppe tốt nhưng Shoppe express nhuw cc , đơn_vị vận_chuyển tồi_tệ nhất việt_nam",0
tệ quá cho mã vuocher ng bán huỷ đơn hàng mấy cái vuocher của tui luôn . Ko hoàn lại voucher luôn tệ,0
mình thấy cái ứng_dụng này cực_kỳ hay lâu_lâu sẽ sale xuống còn vài đơn 0 đồng rất ổn,1
Giao hàng nhanh,1
app tốt,1
rất tốt nhưng dịch_vụ giao vânx chưa đúng hẹn,1
mong đc giảm_giá khóc,1
Love it,1
giao hàng có ship phơ giao có ship k giao hàng đơn mà mik thic nhất nhma k dc giao,1
giao hàng lâu ko Giao đúng ngày_tháng hết,0
vào shopee hiện lên live & video tự_động giảm âm_lượng điện_thoại gây khó_chịu . cài_đặt thì không có,0
"shopping toàn nhận shiper mất_dạy , tự_ý huỷ cả trăm đơn của khách . người đàng_hoàng ko có tồn_tại",0
Tôi rất thích mua hàng trên shopee . Tiện_lợi và nhanh_chóng . Có_điều trả hàng hơi lâu .,1
dùng số điện_thoại cũng kh đc là saoo,1
giao hàng gì 3 hôm còn ở kho hàng mà tất_cả mặt_hàng đặt_điều vậy,0
giao nhanh đúng,1
quá tốt quá tiện,1
CSKH chưa giải_quyết được khiếu_nại của KH nhưng rất thích tự_ý đóng khiếu_nại . Shopee rất thích huỷ đơn của KH dù tài_khoản được liên_kết qua số điện_thoại đã đăng_ký chính chủ theo quy_định của Nhà_nước .,0
"uy_tín , giao hàng nhanh , đồ TQ nhiều , đồ xịn thì hơi lăn_tăn chút",1
d có i,1
mua được nhiều đồ vuiiii,1
mua hàng dễ_dàng,1
chính_sách khá tốt nha,1
"bên shopee làm_việc không có trách_nhiệm , nhân_viên đùn_đẩy trách_nhiệm không giải_quyết vấn_đề tiền còn thiếu của khách , có thái_độ xem_thường khách_hàng , lừa_đảo và chiếm tiền_của khách",0
bán hàng như l,0
Tin nhắn thông_báo làm_phiền,0
monh shopee cải_thiện tốt hơn,1
"shoppy thì tiện thiệt , nhưng_mà shop nào bán cũng được , hàng nào cũng bán thật giả bán tràn_lan , mua hàng lỗi , hàng giả hoàn tiền thì phiền_phức , rắc_rối , chậm_chạp",0
thuận_tiện mua_sắm,1
"Hàng tốt , trung_thực , thân_thiện , giáo nhanh.đúng hạn .",1
Cx ok hehe,1
ok rất ok,1
"tự_động huỷ đơn của tôi là sao , shopee hãm",0
"T vẫn thắc_mắc cái_trò bắn bong_bóng đổi xu , tao tích đủ kc để đổi mà lúc_nào vô cũng để hết lượt đổi ... Tao canh từ 23h5 8 - 00h00 qua 00h01 cũng vẫn giữ nguyên hết lượt .. Ghét quá nên tao cho 1 sao",0
ncđl,0
Rất hài_lòng,1
duma cái thớt chưa đến 50k chưa đc 2 kg nữa ship 640k tích _ cực ) ? Biết cách kinh_doanh quá ha 🙄,0
lp wellzl,0
app ổn cho free ship và phiếu 80k,1
"mã lỗi m02 d02 nên nhanh_chóng được sửa đi ! thực_sự rất khó_chịu và mất tgian vì mã lỗi cứ hiện lên mã , trải_nghiệm tệ_hại vô_cùng",0
khi dùng thì tôi cảm_thấy rất tuyệt nhưng gần đây tôi lại ko thể đặt_hàng như bình_thường nữa có_thể kiểm trà giúp tôi hay ko,1
Thích thì cho 1 ★,0
Gooehgk,1
"Ai đang xem ITR 30K để làm sau thì lưu ' BKX JJG UW 7 ' vào ghi_chú nha , đến lúc cần chỉ việc mở ra copy , còn những điều_kiện khác cứ theo thông_tin hiện_hành .",1
app như l,0
"trời_ơi hoàn tiền không được , ghi stk thì nói bảo_mật ko duyệt , rồi lấy tiền bằng cách nào , đừng có lm t điên nha trời",0
dạo này đặt_hàng mà hàng cứ bị trả không lí_do ấy mặc_dù trên app hiển_thị là hàng đã tới khu_vực vận_chuyển rồi thế_mà vẫn bị trả,0
"ko mua được hàng , cứ bắt kích_hoạt 🙄",0
toàn tự huỷ đơn ngt,0
rất OK,1
mk thích dùng shoppe để mua_sắm .,1
"làm cái app ngu như bò , ghi "" đơn hàng đang được giao đến bạn , chú_ý nhận cuộc_gọi "" , sau đó đơn hàng giao k thành_công mà_lại ghi là "" đơn hàng đã được chuyển về kho ... "" sao không ghi là "" đơn hàng giao không thành_công và được chuyển lại về kho "" để người ta theo_dõi app mà biết liên_hệ hỗ_trợ , thêm cái đơn hàng đang giao k có sdt tài_xế , chat hỗ_trợ thì toàn AI , biết cái mẹ gì mà nó trả_lời , đơn hàng k dc giao chuyển về người bán rồi , hỏi thì cứ nói là giao k thành_công , không có cuộc_gọi nào",0
ko đặt đc hàng,0
cảm_thấy trên ứng_dụng xử_lý việc chưa thoả_đáng,0
ko vô được,0
ship tự huỷ hàng mà k 1 cuộc_gọi . mỗi lần đặt là 1 lần nơm_nớp hàng bị hoàn về . nên mk đã k dùng nữa,0
ghét,0
cứ bị M02 là sao app như ...,0
đẹp,1
Shopee mua_bán hàng rất tiện_ích,1
shopee toàn tự huỷ đơn hàng_không lí_do,0
"cài_đặt lâu , vào đc cũng lâu mà_còn bị văng nữa",0
Rất ổn,1
đợi đơn trễ 5 ngày lần nào cũng hẹn hôm sau xong mãi không thấy đâu đôi_khi còn tự huỷ đơn CSKH thì toàn để mấy con bot trả_lời chẳng có tí tác_dụng gì thái_độ shipper cũng chẳng tốt,0
người giao cố_tình huỷ đơn hàng yêu_cầu lại phần huỷ hàng phải thêm bằng_chứng chứng_minh chứ không phải dùng AI để nó sử lí người giao cố_tình qua_mặt người nhận thậm_chí hệ_thống của shoppe,0
đặt_hàng cả tuần không về nữa,1
shope ngày_càng làm_ăn tệ đợi hàng 3 tuần h đùng cái biểu thất_lạc hành huỷ đơn trong khi săn được giá rẻ h biểu mua lại với giá cao hơn ko thấy vô_duyên à quá TỆ,0
quảng_cáo,0
"cái trang Web như l , cs bt lm web ko z tr",0
Đã chuyển_khoản trước cho app nhưng đến khi shipper đến vẫn phải chuyển_khoản lại . Tôi còn lịch_sử giao_dịch và mã chuyển_khoản . Tôi cần lời giải_thích từ phía app,0
Dùng tốt .,1
ko mua hàng đc,0
"Nếu đang ở ngay phần yêu_cầu mã thì ' BKX JJG UW 7 ' đây nha , ai tham_gia ITR 30K nhớ kiểm_tra lại ký_tự sau khi nhập rồi mới chuyển sang bước tiếp_theo .",1
"mua hàng shopee có vấn_đề về giao hàng rồi , hàng đến địa_điểm nơi nhận mấy ngày rồi cũng không thấy giao . Có đơn hàng đã giao thành_công nhưng thật tế mình không nhận được hàng",0
"êy ý là quảng_cáo vocher nguời mới cho cố xong vào thì bảo hết vocher , ủa quảng_cáo làm mẹ gì , hay toàn lừa ng ? ? ?",0
"tự_ý huỷ hàng , kêu là giao_dịch bất_thường",0
uak J chặng khi okkk yrVJ bbig,0
trả hàng rất tệ,0
1 sao làm mất đơn hàng mà ko có tí đền_bù nào bắt đợi hơn 1 tháng bực vl,0
"giao_diện khó nhìn . Khoản đã mua , khoản dư_nợ , khoản thanh_toán cần rõ_ràng và cần thêm kèm thann toán trước hạn",0
cái del má t lạy bên vận_chuyển chạy tứ lung_tung bên tiktok 2 ngày là tới bên đây t đặt gần 1 tuần rồi thấy chạy đi đâu k,0
rất tiết_kiệm,1
app hơi nặng,1
fik m z pt,0
"thanh_toán hoa_hồng quá phức_tạp , tôi không lấy đc tiền",0
"App dùng để mua hàng siêu rẻ , siêu uy_tín nhưng 1 sao vì quảng_cáo trong game lâu và khó tắt vcl !",0
trất thít,1
app nát vc đặt có cái áo mà tự_dưng trả về,0
thường là mình mới lập nick mới chỉ sẽ có mã chọn người mới mà tôi đặt xong thì bị huỷ Lý_do là giao_dịch bất_thường,0
tôi thấy cũng hay mà tôi mua chiéc tiv2,1
rất ok nhm có đìu vô bị cúp nguồn,1
rấi hài_lòng,0
"lúc cần mã free ship hoả_tốc thì chẳng có , giao hoả_tốc thì rề_rề ra chẳng thèm giao",0
giao hàng chậm đặt 1 tuần có_khi hơn mới giao hàng đến kho mấy ngày rồi cx k giao nhưng dc cái app có nhiều mã giảm_giá nên rẻ,0
đặt_hàng rồi đi đơn rồi về đến kho rồi mà_còn huỷ chịu_thua nên đánh_giá 1 sao,0
Rất thích shopee🥰🥰,1
"hài_lòng về tất_cả dịch_vụ , yên_tâm",1
Lúc tôi mua thì nó bảo không áp_dụng được voucher này,0
10đ,1
cho đến bây_giờ thì cảm_thấy hài lòng.nhưng không cho shopee 5 * vì vẩn muốn bạn làm tốt hơn nửa.để giữ vững phong_độ và còn mãi trong suy_nghĩ của mình khi muốn mua_sắm .,1
"shopee dạo này lừa_đảo quá nhiều . kể_cả shopee cũng thông_đồng với lừa_đảo . kể từ tháng 1/2025 - 9/2026 mình mua hàng trên shopee lên đến hơn 70 triệu tiền đơn hàng và giữ vững hạng kim_cương trong 4 đợt xét hạng liên_tục . mà nay mình gặp chuyện bất_công , chuyện là mỗi lần nhận hàng và mở_hàng đều quay video . lần này mình vẫn quay và có bằng_chứng về kiện hàng bị rỗng . mình làm bồi_hoàn thì shopee khốn_nạn bảo bằng_chứng không hợp_lệ , dù mình quay đủ 6 mặt và mã đơn hàng . Quá khốn_nạn shopee ơi .",0
khá là nhiều đơn 0k,1
"riêng mình thấy quá tệ , khiếu_nại trả có 1 món hàng mà làm 10 lần là 10 lần bị từ_chối , lấy đủ lý_do đến hết 15 ngày cho_phép đổi trả thì_thôi , không hiểu nổi làm_ăn kiểu hig",0
"chăm_sóc khách_hàng vẫn chưa giải_quyết được , làm_việc rất chậm",0
app như j ý xuất ngày báo lỗi,0
aps quas ok,1
"ship nhanh như một cơn gió , anh ship tên Long rất nhiệt_tình , 10đ không có nhưng",1
giao hàng thì lâu đợi mãi xong lại gửi hàng về kho rồi lại không giao mệt vl,0
"hàng rẻ , chất_lượng",1
"nhanh , vừa_ý , hàng về chỉnh chu , rất hài_lòng",1
có thích nhưng gần đây mình có đặt_hàng 1 cây_son bơ nhưng lại giao lộn 2 cây_son nha đam,1
hàng nhanh về mình rất ưng app shopee này 💯,1
"Chăm_sóc KH cực_kì tệ_hại , gọi tổng_đài toàn trả_lời tự_động , không có nhân_viên nghe máy . Đặt đơn food không cho thời_gian huỷ , tự trừ tiền mà không hỏi otp",0
voucher quá tệ,0
tôi thích . Shopee viết nam 2026.2027 🫱🫲,1
xe,0
không tô,0
Săn cả ngày đc cái km xong bị nhân_viên giao hàng nó đớp mất,0
Không giải_quyết vấn_đề,0
hàng thì giao kêu 2 ngày nx giao mà gửi hàng về,0
quảng_cáo hoài,0
uk cũng dc,1
quảng_cáo lắm vl,0
đặc rồi huỷ,0
"cho_phép đồ lỗi , đồ giả , đồ đủ thứ bán . hàng không dùng được , không trả được",0
tình_trạng shipper giao hàng rất lâu khoảng hai tuần đơn hàng trả hàng thì shipper không đến lấy hàng mà tôi phải tự đến chỗ shipper lấy vào chỗ shipper rất là xa bị người bán chửi và chẳng nhân_viên hỗ_trợ shopee không giải_quyết vấn_đề,0
người mới tải được món đồ 0đ,1
bán đồ không trung_Thực,0
lâu_lâu đc mã ms vì tạo acc khác đc giảm 60-80 phần_trăm thì bị huỷ đơn,0
"Ứng_dụng lạm_dụng thu_thập sinh trắc học . Bắt_buộc chụp ảnh khuôn_mặt trên mọi đơn hàng khi dùng thiết_bị mới mà không_lưu xác_thực , cưỡng_ép quét camera liên_tục gây phiền_hà và vi_phạm quyền riêng_tư . ​CSKH thiếu trách_nhiệm : Gọi tổng_đài trình_bày khá lâu và đầy_đủ nhưng nhân_viên không lập phiếu ghi_nhận lỗi mà chỉ lặp lại kịch_bản "" hãy làm theo yêu_cầu "" , đùn_đẩy trách_nhiệm .",0
đặt đơn nào cũng bị dính lỗi M 02 / D 02 mong shopee khắc_phục,0
tự_ý đổi địa_chỉ ko đúng mà cứ tự đổi hoài,0
cứ kh cho đặt đồ và khi nhập địa_chỉ cứ bị văng ra khó_chịu vãi ò,0
đg đặt_hàng điện_thoại hết pin mong khắp phục,0
Đúng là 1 kênh mua_sắm tốt quá ok,1
giãi quyết vấn_đề rất nhanh .,1
"Ai cần 5 6tr gõ trang tên mình , vô đúng trang có hỗ_trợ thêm miễn lải",1
"giao hàng hoả_tốc mà cả buổi không thấy người giao , tài_xế tự huỷ cuốc giao mà lý_do người dùng hẹn lại ngày giao , trong khi mình đang đợi giao hàng từng phút , bó_tay .",0
không đăng_ký được thông_tin thanh_toán ( đã chụp cccd và thông_tin thuế đầy_đủ ),0
hở ra là khoá không tính cho ngta mua hàng àa 🙂,0
đc chương_trình bạn mới giảm 100k,1
nói_chung cái này mua cũng được nhưng_mà khi tôi thấy quảng_cáo nó tới từ 60 phút Trở lên,0
quảng_cáo quá nhiều,0
mẹ m nhiều qc về m vc,0
mua hàng dễ phù_hợp trả hàng nhanh síp pơ chu_đáo,1
"tính_năng được trình_bày chưa logic , tạm được",1
"Hỗ_trợ đỗi , trả hàng nhanh .",1
shoppe có siêu mã giảm_giá vào những ngày đôi tui đã săn được rất nhiều đơn 0k,1
luôn luopn là shopee,1
"tôi săn sale đơn mỹ_phẩm nhưng app tự_ý huỷ đơn mặc_dù đã khiếu_nại , mặc_dù không xài hack hay phần_mềm bên thứ 3 , lý_do app đưa ra là không hợp_lý",0
CA_SĨ ĐỖ VĂN TÂM REMIX DJ,1
"shopee giờ cho đăng video ko kiểm_soát , ko liên_quan gì đến sản_phẩm muốn bán , nữ khoe thân nam khoe hàng , vid bựa gì cũng có , còn hiện ngay trang_chủ nữa chứ , riết rồi ko biết shopee là cái app gì luôn , .",0
"Để ' BKX JJG UW 7 ' ở đây nha , ai đang tìm_hiểu ITR 30K có_thể lưu lại , quan_trọng nhất vẫn là xem kỹ thể_lệ và làm theo đúng các yêu_cầu của chương_trình .",1
km lộ il Jul c to mle on The beach sex loan tin về sản_lượng khai và nộp đơn yêu như một chiếc về da_liễu Hành i,0
đcm voucher lừa_đảo,0
tuyệt_vời ko chỗ chê,1
"Ko thể vào được vì lỗi , đặt shopee food ko đc , huỷ hoài",0
bnvcn nkgx ku susi gibh fiog,1
"vào đc 1 phút là tự out ra , app 🐶🐶",0
tốt đc,1
áp rất tốt a e tải về thôi,1
sale cho đã . mình đặt_hàng thì khoá tk . làm_ăn như * * *,0
lên tik tok mua trả hàng còn ok hơn ở shoppe cứ bị huỷ yêu_cầu th do ĐVVC mà cứ bắt khách chịu .,0
Ưng_ý,1
app tệ mua 2 lần mà giao sai 2 lần khiếu_nại thì kh giải_quyết,0
mua lúc_nào tiền ship cũng cao hơn tiền hàng,0
quá phiền,0
lúc đầu vô mua hàng đã đặt * * * rồi xog tới giao hàng nó không giao rồi tự_ý bùm hàng của khách,0
tiện_lợi nhưng có 1 số shop ảo hay sao mà đặt_hàng lại bị huỷ . đề_nghị xem_lại,1
mua lần đầu mà tự_nhiên mới mua mà huỷ của người ta,0
lừa người tuy mua hàng ok nhưng không cho quay xu,1
đồ thì dởm quảng_cáo láo,0
I ít được í,1
xài kiểu j cứ lỗi lỗi khó_chịu vl,0
Cho mã nhưng dùng thì bị huỷ,0
món đồ trên đây rất rẻ,1
mọi việc rất tốt,1
rất ôkê,1
tôi đặt 2 đơn . từ HCM . về dĩ_an . mà hàng tới rồi . mấy ngày rồi k thấy giao,0
rê rê êmíewree sễ rồi,1
mừ điểm,1
ko đăng_nhập được tài_khoản Google,0
đặt_hàng mà không làm gì cũng tự huỷ 😡,0
lag nhiều lỗi,0
thơi gian dao hàng_không nhanh,1
lag vaiz loz,0
Ủa sao không xem LIVESTREAM được ?,0
"Nice , good , ok bro",1
"lỗi tùm_lum , ngoài_ra lag nữa , shopee ngu vl ra",0
"deal ngớ_ngẩn spam , ko kèm vị_trí bên ngoài luôn lúc_nào cũng phải lần_mò thêm 2,3 bước ko thì nhầm .",0
"hàng_hoá đúng giá , hàng chất_lượng cao",1
shop không giải_quyết vấn_đề cho khách_hàng mà tin nhắn cũng không 1 sao là vừa mà có âm sao tui cũng cho nữa,0
nó hay,1
hơi lắc nha,1
ghét nhất cái âm_thanh thông_báo,0
rrr để,0
hỗ_trợ khách_hàng chậm_trễ . Shiper khốn_nạn tích _ cực,0
"hàng thì ko giao . đơn hàng cứ trong trạng_thái đơn hàng sớm đc giáo , để_ý đth rồi lại tự_động quay về kho . Trong suốt 4-5 ngày mà ko giao rồi tự_động hoàn về người gửi .",0
choi game quản cáo soppe tối_ngày quản cao 5 giây thoi quản cáo 60 giay cho 1 sao bỏ ghét,0
"đm shop l , tự làm mất tài_khoản của t xog bắt t tạo cái khác r tiền trong số_dư tao chưa kịp rút mất hết mẹ r , shopee l làm_ăn sống_nhăn , quảng_cáo cl j quảng_cáo lắm vãi ra , phiền_phức vãi , dume t mua xong nhắn_tin trao_đổi vs shop mún trả hàng shop cũng đồng_ý r mà con l shopee del cho ạ , t gửi 2 lần luôn vẫn del cho bộ bị hãm l hả",0
"trai nghiệm mua hàng cồng_kềnh quá tệ , shipper gọi , xong báo nhận hàng ở hôm sau do không có nhà thì cho hàng quay đầu luôn .",0
quảng_cáo quá nhiều . làm_phiền,0
lỗi nhiều,0
mẹ suốt ngày quảng_cáo vừa nhấn bỏ_qua thì mẹ đi vô trang đó luôn khó_chịu vl luôn lên gg học bài mà nó cứ bị hiện vô shoppe,0
"Tôi mua đồng_hồ đo áp_suất lốp như hình Shopee quảng_cáo và giao hàng nhanh . Hàng tốt , chắc_chắn .",1
"tôi sẽ ko sài app này thêm một lần nào nữa , shipper thì làm_ăn cẩu_thả , huỷ đơn hàng của khách , quá thất_vọng",0
"giao hàng rất chậm , trễ hơn 10 ngày rồi , tạo xem_chừng nào chúng_mày giao",0
was Và Và sáu n nữ bb,0
tải về cho cái mã giảm mà đặt xog cái tự huỷ ủa bộ rảnh hả rút kinh_nghiệm,0
lỗi mã m 02 / d 02 nhiều vc đ đặt đc đ j,0
cấm tài_khoản của tôi không hiểu lí_do gì quá tệ,0
"cho quay_vòng quay màu xanh 5 ngày để đổi 5 túi vàng thành 1k xu , 4 ngày đều đc túi vàng r nma ngày cuối cố_tình không cho túi t 5 . cố tính cho trật để k đổi đc . rất nhiều lần rồi , đợi để thử lần sau được không nhưng không nên đánh_giá thoi",0
"Hoàn_trả một món hàng hơn trăm_ngàn trót thanh_toán trước mà tốn 10 ngày thấp_thỏm mong_ngóng , chờ_đợi , năn_nỉ ỉ ôi , phân_bua , in mã , thay mã ... thiếu_điều lạy_lục , vẫn không ai dòm đến ... Đã vậy trên hệ_thống còn đổ tội cho khách_hàng không liên_lạc được , không giao hàng , nên lấy hàng_không thành_công ! Shopee cần xem_lại khâu giao_nhận từ các đối_tác và bớt hứa_hẹn xàm , trả_lời vô_cảm như rô bốt đi .",0
giao hàng cả nửa tháng cứ chửng lại 1 chỗ,0
gửi sai hàng,0
rất thông_dụng hữu_ích,1
TT sẽ CẤT_cánh,1
"Rất thích mua hàng shope , giao_diện dễ dùng , nhiều voucher ưu_đãi , mẫu_mã đa_dạng . Rất thích .",1
hàn cái nào cũng rẻ chất_lượng cao nói giúp em cảm_thấy mua đồ không bị rắc_rối nữa em thấy mua đồ không phải một_cách khó_khăn mà rất dễ_dàng đối_với em bây_giờ nếu_như ở chỗ mọi người không bán chỉ cần lên shopee và cài_đặt một phát là sẽ có ngay mọi người hãy thử đi nhé tất_cả những đồ_dùng gì đều có ở trong hết cả ạ Em cảm_ơn mọi người nhi ăn ngon không bị ngọt giấc đặt_hàng đồ_dùng mỹ_phẩm hoặc đồ_dùng cá_nhân đặt và vẫn như hình_mẫu ăn rất ngon mọi người hãy cài_đặt ứng_dụng này thử đi ạ,1
"mã xịn cứ tự_động mất_tích dù chưa hết hạn , hôm trước hôm sau đã không thấy đâu nữa",0
trải_nghiệm tệ_hại,0
"yêu shopee nhiều lắm lắmmmm , cho mik quá_trời voucher xịn luôn , mãi yêu và ủng_hộ shopee nheeeeeeeee",1
shoppe lật_lọng ko bao vệ người tiêu_dùng chứa bọn bán hàng lừa_đảo ép khách_hàng,0
"Tại_sao đơn hàng không được giao mà Shopee tự huỷ đơn . Làm đợi cả tuần chả được gì . Shoppee cần cải_thiện dịch_vụ giao hàng , chứ làm_ăn như_vậy người ta chuyển sàng hết",0
"tại_sao gửi tin nhắn cho shop mà cứ bị vi_phạm tiêu_chuẩn , tiêu_chuẩn là gì mà nhắn_tin bình_thường không được",0
Hàng uy_tín đấy,1
rẻ uy_tín,1
ứng_dụng quá tuyệt,1
suốt ngày quảng_cáo,0
cac,1
Quảng_cáo cc j qc lm,0
giao hàng lâu kinh người . trễ 3 4 ngày vẫn còn hẹn hoài chưa giao,0
mẹ_kiếp tôi không có nhu_cầu sử_dụng ví trả sau nhưng đã dẫn tôi thanh_toán cái ví chết_tiệt ấy.xong tìm chỗ thanh_toán số nợ không thấy . dcm sau mà tính một xu tiền lãi với tao thì tao thề không bao_giờ sử_dụng lại cái shop chết_tiệt này thêm một lần . tôi đâu có nhu_cầu,0
Nhân_viên tệ,0
"mik ko có nút đăng xuất ák , mà kiểu j ý",0
đặt đơn thì lúc hàng thì trong kho lúc shipper huỷ đơn kể_cả giao còn chậm dự_kiến ngày 15 mà mất 1 tuần mới giao tới còn gọi tổng_đài hoặc nhân_viên thì họ nói cho có chứ hàng thì chẳng giao tới rất tệ cực_kì tệ,0
xạo chó,0
ứng_dụng đặt mua_sắm rẻ và mã giảm nhìu cách tư_vấn_viên hơi phản_hồi mong cho lần sau sẽ rep nhanh hơnn,1
"an_toàn , thân_thiện , bảo_mật khách_hàng . hàng_hoá phong_phú",1
"sàn shipee đem lại cho khách_hàng nhiều lợi_ích hơn như thời_gian nhận hàng nhanh , thân_thiện và chiết_khấu linh_hoạt .",1
OK .,1
ứng_dụng tiện_lợi,1
bắt đăng_ký k thích,0
"ê nha mắc gì k cho nhận hàng r mới trả tiền mà bắt đăng_ký gì k á , nên 1 sao nha",0
ok tốt rất tốt,1
đếch hiểu thg ngu nào nghĩ ra 15p mới đc huỷ giao,0
"5 * ..... Thời_gian này Shopee giao hàng rất nhanh , dịch_vụ rất tốt . Nv giao hàng nhiệt_tình . Nhiều voucher .",1
"Giao không được là tự_ý huỷ đơn , rồi bắt đặt lại đơn_giá đắt hơn , dạo này làm_ăn càng_ngày_càng chán , voucher thì ít dắt_mũi thì nhiều tích _ cực ) )",0
tuyệt_vời nhưng hơi ít voucher,1
t thấy tốt mà bạn mới còn được vch 60k có nghĩa là mua j đó 60k là miễn_phí đã thế còn free ship đòi j nx,1
"giá tốt , hàng chất_lượng",1
"Mua hàng trên shopee yên_tâm chất_lượng , lỡ hàng bị lỗi , không đúng chất_lượng , mẫu_mã đúng như qc trả hàng hoàn tiền rất dễ_dàng , nhanh gọn luôn ủng_hộ Shopee trên mọi đơn khi có nhu_cầu , cảm_ơn shopee 🥰",1
đặt_hàng mà ko giao hàng là sao vậy 🤨,0
giao hàng lâu mà tao đặt_hàng rồi mà vẫn không giao mẹ app như cc,0
quá tiện,1
nhiều 0k,1
app rất OK !,1
"Khi kẹt cần 9tr5 gõ trang tên mình , vô đúng trang có miễn lải tháng 9 nha",1
"trải_nghiệm quá tệ , đặt_hàng từ 28/8/2026 đến tận bây_giờ tôi vẫn chưa nhận được hàng , đây không phải là 1 đơn mà là tận 4 đơn , giữ hàng ở kho quanh khu_vực quá lâu , quá chậm_trễ , trì_trệ . Tôi đã khiếu_nại , hối giao , nhắn_tin với nhân_viên hỗ_trợ rất nhiều lần , lần nào cũng bảo đốc_thúc giải_quyết nhưng càng chờ càng không thấy đâu và không có bất_kì 1 phản hổi nào lại cả , nhắn_tin thì toàn lệnh sẵn AI , phải tin_tưởng thì tôi mới mua nhiều vậy_mà shoppe lại làm_vậy với tôi , thật quá tệ",0
"t k cần 15k , giao đúng ngày hẹn là được , làm_ăn như cut",0
"bị shop "" sim data giá rẻ "" lừa_đảo tố_cáo lên shoppe đợi cả tuần cũng như ko , shoppe trả mail ko điều_tra đc , tao sẽ gọi_hồn mày mỗi khi đánh_giá sản_phẩm khác 👻 mày ko thoát đc đâu "" Sim_Data_Giá_Rẻ """,0
shipper làm_ăn nhưlozz nhắn bên hỗ_trợ thì toàn AI rep giao hàng thì dell thèm gọi 1 cuộc rồi trả hàng th shipper lozz,0
đeed,0
"kết_nối shoopeepay ko đc , cài_đặt nhiều thứ rắc_rối , điện_thoại đời cũ là ko làm đc , có tài_khoản trong ví mà ko làm_sao dùng đc , chán kết_nối để hỏi thì nhiều cái AI ko trả_lời đúng ý",1
Làm_việc rất chán,0
"tiện_lợi và , nhanh_chóng",1
"quá tệ cho một ứng_dụng giao hàng , toàn hứa_hẹn hết ngày này qua ngày khác , mà không thấy ai đến giao hàng ? ứng_dụng này như phân_biệt khách_hàng hay sao đó , đơn của mình đặt trước thì hẹn lần hẹn lược , không thấy giao , trong khi đơn đặt sau dùm người khác thì giao trước . ứng_dụng làm như đang phân_biệt khác hàng hay sao vậy ? ? ? ?",0
nền_tảng ok .,1
mua hàng trên shop 1 kiểu gửi cho khách 1 kiểu tao mua quần Rin trên đấy Giao cho tao quên kiểm_tra hàng người ta giao tao tao quần_áo cũ trong khi đó nhăn không đúng ý quần_áo đã qua sử_dụng cũng ý khách_hàng gì cả,0
giao hàng thì lâu đã không nói gì giờ muốn hoàn_trả hàng mãi không thấy phản_hồi shopee làm_ăn quá thất_vọng,0
shoppe làm_ăn chán.để mấy cái shop lên bán lừa_đảo khách_hàng .. kiểm_duyệt kiểu gì vậy ..,0
Tôi mua hàng trên shoppe đã lâu vừa_rồi đổi điện_thoại khác và không mua được nữa shopee giúp tôi cách khắc_phục với,1
"Chính_sách vận_chuyển quá tệ , voucher áp_dụng không nhất_quán",0
"kém vô_cùng khoản hoàn_trả , mua nhầm hàng kém , muốn trả hàng , vô_cùng rườm_rà mất thời_gian , làm xong tất_cả các bước yêu_cầu thì bảo do bảo_mật nên thử lại , chắc đợi tới lúc thử đc thì nó k cho hoàn nx luôn . TỆ hơn rất nhiều so vs tiktok shop , t đúng là đặt niềm tin sai chỗ r .",0
tui thấy shopee rất tốt giá còn rẻ_tiền nữa,1
"càng lúc càng tệ , hàng lỗi đã làm đơn trả hàng , nhân_viên đã ko liên_hệ với khách_hàng để nhận , mà bảo ko liên_hệ được với khách , làm_ăn gian_dối",0
ok good,1
k dùng dc vocher,0
hiện_tại là cũng tốt lắm ạ cảm_ơn mong sẽ càng tốt hơn về mặt hoàn tiền ạ và ở chỗ chi xu không Theo ý mình được ạ,1
tất_cả đều tuyệt_vời,1
ko đặt dc hằng,0
mua_sắm nhanh và nhiều lựa_chọn,1
Hay nhảy link shoppe tôi cảm_thấy khó_chịu,0
"tôi rất thích shopee , mua_sắm dễ_dàng , tiện_lợi , giá_thành hợp_lý",1
sp trên sàn càng_ngày_càng đc cải_thiện tốt hơn . chính_sách đổi trả nhanh gọn rõ_ràng . ủng_hộ miệt_mài . kkk,1
Cute,1
5 * không có nhưng 😘😘😘,1
thật_sự tiện_ích,1
sử_dụng mà cứ báo lỗi mã cứ hiện lỗi M02 trong khi bản_thân ko làm gì đánh_giá 0 sao,0
trả hàng còn phải cần căn_cước công_dân nữa quảng_cáo quá_trời,0
app rất tốt .,1
When I was a kid i found my moms writen plan to devocer my Dad_Because of that I can ' t trust anyone . 167482 . ( 01-16-27-34-48-54 . Thank_God and Buddha and Mother_Avalokitesvara very much .,0
"làm_ăn như l , mấy lần rồi . ship điện lúc bận , 1 lúc sau điện lại liền thì đ ai nghe , tự trả đơn đ giao , đã có địa_chỉ , toạ_lạc nhà đàng_hoàng",0
không hoàn_trả hàng đc,0
đặt_hàng không giao toàn hoàn thì làm gì cho mất thời_gian chờ đến cửa_hàng cho nhanh,0
săn hàng với voucher cực ngon / ưu_đãi cực hời . Hơi nhiều thông_báo không liên_quan 🐧,1
giao hàng lâu vãi.thua xa Tik_Tok,0
con_mẹ nó đặt_hàng ko cho đặt ấn đặt cứ hiện ra an_toàn j đó bắt nhập số dth nhập r lại bảo sdth đã đc sử_dụng ấn lấy lại số điện_thoại thì bảo ko đc r bảo ấn vào trung_tâm trợ_giúp ấn vào chả đc con_mẹ j cả con_mẹ nó app xàm cặc,0
ok đấy,1
Quảng_cáo quá khó_chịu với một số_lượng cực lớn,0
cho truy_cập hết các quyền rồi đến lúc cần chụp ảnh trên app thì ko đc,0
"🫚 , dxr , rrd , rẻ rẻ , , , e , rê rêr rr rrd đxrer rrfc . xe ex cccc xxx x dểd xdrdrdrrrdrdxxx rẻ , Xe a_ẻ , w , , S , , re",1
quá tệ đặt_hàng 0Đ mà không giao,0
tôi yêu thích shopee mua_sắm các gian_hàng rất tiện_ích ❤️❤️❤️❤️,1
sài kênh chính chủ mà ko đc ?,0
hàng kém chất_lượng,0
suốt ngày quảng_cáo trên những trò_chơi tôi ghét điều này,0
rất tốt nhiều deal hời,1
"Ứng_dụng tự_động nhảy sang Shopee_Video , tự_động hạ_âm lượng điện_thoại người dùng xuống , rất khó_chịu ! ! !",0
okva,1
rất OK nha,1
tôi mong shoppe luôn giúp_đỡ tôi.cho tôi những món quà 0₫ thật ý_nghĩa nhé cảm_ơn ạ 🤗,1
chuẩn,1
app càng_ngày_càng ít mã giảm_giá . mua gọi shopee vip rồi mà vẫn phải dành giật . đúng là mua phí tiền . dẹp . ko có thời_gian cả ngày canh app . tốn thời_gian mà chất_lượng ko đảm_bảo . tải về tốn dung_lượng đt . xoá app .,0
sao đặt xong ki thấy hieenj trên chờ xác_nhận hay chờ giao hàng lịch_sử cũng ko có mất vô trờ giảm_giá,0
"khốn_nạn vaiz , số dth mới giảm 80k thế_là t mua đc đơn 0 đồng nhưng vừa đặt_hàng mất voucher xong 10:20 shopee tự huỷ đơn k xin phép vào 10:20 luôn , thế_là mất m voucher",0
bảo 0k mà giao về 56k,0
cskh của shopee quá tệ,0
toàn quá hạn giao,0
"App như phân , cung_cấp bằng_chứng sản_phẩm lỗi cũng không duyệt cho hoàn",0
"cách vận_hành tệ , voucher lừa_đảo thiếu minh_bạch cho người dùng",0
10 điểm,1
mua cả tháng trời đơn nào cũng bị hoàn_trả ko có lí_do,0
có tình_trạng giao đại đơn của khách_hàng luôn hả 10đ vậy,0
t k đặt dc hàng,0
"Shopee bán hàng đa_dạng , hàng chất_lượng cao hay bình_dân đều có , nhiều voucher ưu_đãi mua hàng Dạo này trời mưa_gió nhiều , Shopee xem_xét , cấp_phát áo_mưa cho Shipper , vì thấy Shipper đi giao hàng trời mưa to mà không có áo_mưa , phải mượn áo_mưa của khách . Nếu không mượn được áo_mưa thì hàng_hoá bị ướt , Shipper phải dầm mưa , rất vất_vả . Shipper của Shopee tận_tình làm_việc , dù nắng hay mưa , vẫn giao hàng đúng hẹn .",1
thứ quảng_cáo marketing mất_dạy,0
"có ai bị lừa gói shoppe vip chưa , t bị mất oan 119k rồi đấy , cay vl",0
Rất chuyên_nghiệp,1
"Để mác giao hàng nhanh , mà làm_ăn quá tệ và không hiển_thị số điện_thoại của shipper giao hàng",0
shoppe ngáo,0
"yêu_cầu mục theo_dõi đơn hàng cho chính_xác , càng ngày thấy qua tệ , nếu tính_trạng này con tiếp_diễn thì sẽ chuyển qua hệ_thống mua_sắm khác .",0
CSKH TỆ ĐƠN_VỊ VẬN_CHUYỂN TỆ,0
rất hài_lòng về mọi mặt,1
rất dễ mua hàng nhưng cũng có shop bán hàng điêu lắm .,1
"đã nhập đúng SĐT mà không chịu mà bảo định_dạng SĐT không hợp_lệ còn không giải_thích chi_tiết cách nhập , nếu_mà người ta ko biết nhập sao cho đúng thì nên có hướng_dẫn đi chứ đã không giải_thích rõ còn cái xu áp_dụng vào votre thì thấy không có tác_dụng j thà_là khỏi tải về còn hơn mua trên mấy sàng khác có bao_giờ bị đâu tải về để đặt đồ mà không đặt được đã v còn mang cục tức trong người đề_nghị nên có thêm cái hướng_dẫn khi người ta nhập đi chất_lượng ngày_càng xuống thấp .",0
💪🍻,1
App tiện_lợi !,1
"Mua deal trà sữa Vietnam_Airlines_AFT giá 37K trong Shopeefood nhưng đến ngày cuối hạn sử_dụng deal thì các quán ở gần địa_điểm của tôi lại không bán , chỉ có quán ở rất xa và phí ship cực_kỳ cao , Tôi cảm_thấy như bị lừa_đảo vì vừa_phải tốn tiền mua deal vừa_phải trả thêm phí ship cao gấp nhiều lần giá món .",0
"mua cái quần giao cái giẻ , mua cây_ăn_quả giao cây rừng đã thế còn không cho đổi trả . hoàn tiền thì đòi liên_kết với ngân_hàng của nta . mất_dạy tẩy_chay",0
cung đuoc,1
"nhân_viên tư_vấn nói_dối không trung_thực không tư_vấn khách_hàng , thờ_ơ , không hỗ_trợ , giao hàng chậm_trễ , gọi tổng_đài cũng không giải_quyết được tôi không bao_giờ mua hàng trên shopee nữa",0
"mặt_hàng chất_lượng , có vài đơn đặt r mà tự bị huỷ do đơn rẻ . Nhưng nhìn_chung thì sp tốt uy_tín",1
"ship giao chậm , hỏi thì thái_độ , giao ko nhanh bằng tiktok shop nữa . khách_hàng bận ko nghe máy đc , ship tự_động huỷ đơn hàng . đi đâu cũng gặp quảng_cáo của app , bị phiền",0
thấy đc mà có cái giao đồ lâu,1
giào hàng chậm_trễ ngày giao k hỗ_trợ khác hàng,0
hang tot chát lương đúng như quảng cáo.giá cả hợp lý.sẽ tiêp tuc ủng hô shop,1
đm như l hoàn tiền trả hàng mà dell đc dell hoàn tiền lại luôn,0
"tạm ổn , cho voucher nhưng lại ko dùng đc .",0
oki nhé,1
Mở ứng_dụng là hiện shopee video rất khó_chịu,0
mua hàng tiện_lợi,1
"giao hàng nhanh , trả hàng hoàn tiền cũng nhanh , aap rất ok , nếu có 10 * thì mình cũng đánh_giá 10 * , rất thích đi chợ trên shope🥰🥰",1
"Mình đặt bộ lò_xo ga GX160 của sàn Shopee mà shipper gọi điện hỏi địa_chỉ , mình đã chỉ rõ ngày 12/9/2026 . Họ nói mình đứng chờ , rốt_cuộc chờ lâu chẳng thấy đâu . Mình gọi điện lại cho Shipper hỏi sao nãy_giờ không thấy đâu ? Shipper nói là em chưa tới , khi nào tới em gọi điện . Rốt_cuộc tối_qua mình vào kiểm_tra đơn hàng thì tối_ngày 13/9 đã hoàn hàng về cho người gửi . Bên dịch_vụ Giao hàng nhanh thật_sự rất tệ .",0
"đơn 0đ mà ấn đặt_hàng mãi không đc , làm theo huớng dẫn mất thời_gian lừa_đảo",0
"quá đã , quá nhiều ưu_đãi",1
không nhập số đt được dù đã làm đúng hướng_dẫn,0
"Đơn hàng hoàn tiền ko hỏi KH mà tự hoàn vào shopee pay thanh_toán ko được rút cũng kl được , gởi mail thì ko giải_quyết được vấn_đề gì đến bây_giờ vẫn im lun ,",0
Tiện_ích khi mua_sắm .,1
hàng cx dc,1
"cực_kỳ bực_mình + trải_nghiệm tệ về khâu phân_loại hàng giao bên shoppee . Đặt nhiều đơn cùng một địa_chỉ , vẫn giao bình_thường . Đến đơn này tự_dưng có sdt báo là người phân hàng gì đó ( mình còn giữ sdt đó ) , nói mình đặt sai địa_chỉ + hoàn về lại cho shop trong khi đã thanh_toán rồi . Không có lấy nổi một thông_báo . CSKH thì là AL , không giải_quyết được gì ngoài việc kêu đổi địa_chỉ ? Rồi giờ hàng thì đã trả lại shop , còn tiền thì ko hoàn về . cọc thật_sự",0
Đơn 3 ngày chưa về ?,0
giao hàng quá chậm,0
dùng tốt ạ mong nhà_phát_triển làm thêm nhiều tính_năng mới hơn hoặc cải_tiến nhưng phần lỗi,1
"Giao Hàng Nhanh và đúng hẹn , nhân_viên vui_vẻ và nhã_nhặn ...",1
khi nào vào lại đc acc cũ cho 5 sao,0
"hàng_hoá chất_lượng , rất tốt",1
cơm mẹ nấu t đang vẽ anime thì tự_nhiên nó mở lên khiến t giật_mình và hư mẹ bức ảnh dellma,0
OK .,1
xin tư_vấn và trả này mượn tí mà mẹ đã cho tôi xem ik có_thể làm hh nhà ở đâu_đó trong một cái gì vy có_thể làm để được tư_vấn và hh nhà ở đâu_đó trong một cái gì vy có_thể làm để được tư_vấn và trả này mượn tí mà mẹ đã cho tôi xem ik có_thể làm để được tư_vấn và trả này mượn tí mà mẹ đã cho tôi xem ik có_thể làm để được tư_vấn và trả này mượn tí mà mẹ đã cho tôi xem ik có thấy có nhiều cơ_sở hạ có nhiều vd không_thể đô Hà cócủa làm_việc của mình để không yêu chưa có nhiều loại bao Thanh_thiên,1
rất đúng hẹn,1
"toàn là đưa mấy chương_trình lừa_đảo , nói mời bạn mới nhận 60 k , sau khi mời sdt nick mới kích_hoạt xong mới quét nfc giờ lại bảo là do quét nfc sau khi được mời nên ko đủ đk nhận thưởng , vậy là mời bạn cũ kích_hoạt sẵn chứ đâu phải mời bạn mới , toàn là lừa_đảo lấy thông_tin khách_hàng",0
giao chậm không cho sdth liên_hệ vs shipper,0
ứng_dụng rác,0
ngu dell chịu đc xoá đi tải lại vẫn ngu vô trồng cái cây mà khó như trộm vàng trong kho_bạc Nhà_nước_động tí là lỗi,0
Đơn hàng giao từ quận 10 qua quận 9 từ 9/9 đến 13/9 còn chưa giao hỗ_trợ khách_hàng thì cứ bảo từ_từ bên e đang cố_gắng hỗ_trợ xong cuối_cùng hàng chẳng thấy đâu shipper thì trì_hoãn đơn liên_tục,0
I để mở để bù vụ h mở để mở mở ko hư hư hưư ko hư hư sẽ ko bị hư mở hư hư hư hư Hương p,1
đặt 10 đơn nó tự huỷ hết 10 đơn mắt hết mã r làm_ăn j xoá áp bỏ đi,0
"phiền , cứ hiện quảng_cáo",0
có nhiều voucher và ưu_đãi,1
"Đặt_hàng trên shop rất an_tâm , nhanh gọn lẹ và đóng_gói sản_phẩm rất kỹ_càng , ủng_hộ shop lâu_dài ,",1
ứng_dụng tốt,1
quảng_cáo dài_dòng khó_chịu .,0
đm mua cái này ghao cái kia,0
trang mùa hàng rẻ nhất . đó là ngày_xưa thôi . nay phí sàn 30% rồi giá bị đưa lên cao lắm đâu . giờ chắc mua faay bút hoặc ra ngoài mầu ấy,0
"mua shoppee vip mua hàng xong bị chặn mua hàng vì lý_do mơ_hồ , lừa tiền khách_hàng giam tiền khách_hàng à",0
"dịch_vụ của shop và shipper rất tốt , hàng đúng mẫu_mã , tôi vừa tiêu mã khách_hàng mới 80k lại quay trúng đc mã 100k khác nữa , voucher ê_hề ae tranh_thủ vào nhận nha",1
tuyệt_vời ạ,1
ko đăng_nhập đc,0
dùng như lol vậy thôi,0
Tiện_lợi,1
"tôi thường_xuyên bị tài_xế giả_vờ gọi nhầm số điện_thoại để báo từ_chối nhận đơn hàng rồi đơn_phương huỷ_bỏ đơn hàng trả về người bán.tôi phải mất rất nhiều ngày để chờ mua 1 đơn hàng nhưng họ lại không giao đơn hàng cho tôi ở trạm cuối_cùng , trong khi tôi có_thể sẵn_sàng tự mình di_chuyển đến kho để lấy hàng và vẫn đánh_giá tài_xế 5 sao.nhưng họ bắt_buộc tôi phải mua lại đơn hàng mới.tôi thật_sự quá thất_vọng về cách nhân_viên của 1 ứng_dụng giao hàng đối_xử với khách_hàng giống như lừa_đảo vậy .",0
hãng giao hàng ok nhưng quảng_cáo ở mọi nơi t thấy rất phiền,0
chúng m thích quảng_cáo lắm đúng không ?,0
tôi thường_xuyên mua_sắm tại shopee và luôn_luôn ủng_hộ và tôi đánh_giá xếp_hạng 5 sao,1
chạy quảng_cáo chơi thâm,0
thường bị lọc mã giảm ngon,1
Cái khung nhập otp bị cái j v sao nó xám nó ko cho t nhập mạng tốt đăng_nhập lại nhiều lần mà cái khung vẫn ko cho nhập otp đã sd nhiều máy nhưng vẫn ko khả quang là bao,0
mình không tt bằng shopeepay được cứ bấm mk xong nó đơ 😑,0
"tức vì mấy cái đăng_ký thì thôi nhé luôn , không muốn phục_vụ thì nói luôn , tất_cả nhân_viên đều bận ? tích _ cực ) )",0
5sao,1
quảng_cáo suốt ngày,0
mua hàng chưa nhận được hàng shopee bảo đã nhận không thấy hoàn tiền shop đừa đảo mình thanh_toán qua ngân_hàng nên bị thế mọi người nên cẩn_thận sippe gọi nhận hàng đúng 8g cho chưa dc câu nào đã tắt tế ai mà kịp đj dx hàng,0
"làm_ăn , gì vậy chán quá với cái nền_tảng mua hàng shopee",0
có rất nhiều đồ_chơi,1
"Quảng_cáo trong games đã lâu thời_gian hơn mấy Ad khác rồi , còn bắt phải mở app Shopee lên nữa , tức quá xoá app cho 1 sao cái đã tức !",0
dùng khá ổn nhưng có những shop treo đầu dê bán thịt chó khá khó_chịu,1
"mua hàng đòi thanh_toán trước , tiền hoàn về ví shopee pay , k có tuỳ chọn thanh_toán khi nhận hàng sau khi cập_nhật shopee pay . làm_ăn bố_láo ăn_cắp ! cho 1 sao .",0
hữu_ích tiện_lợi,1
"tự huỷ đơn hàng , giao không đúng ngày dự_kiến",0
trả hàng không nhập đc email không trả đc,0
tôt☺️☺️☺️,1
rất nhiều sản_phẩm giá rẻ,1
ôk hàng đẹp chuẩn,1
rất hữu_ích và tiện_lợi,1
"làm_ăn tệ , trả hàng nhưng k có hỗ_trợ đơn_vị vận_chuyển đến lấy hàng , chắc nghĩ mình mạnh độc_quyền r nên chả thèm làm_vậy chứ gì",0
khá đc,1
k tải đc,0
không mua được hàng,0
"tuy chưa đặt mặt_hàng nào , nhưng ưu_đãi và miễn ship thì , cực_kỳ tiện_lợi cho ae luôn nha !",1
thich,1
ok . hỗ_trợ khách_hàng tốt,1
"Mọi người lưu_ý cái này nha : T thanh_toán COD ( tiền_mặt ) , nhưng khi hàng có vấn_đề , t muốn trả hàng / hoàn tiền thì Shopee chỉ hoàn qua ShopeePay hoặc tài_khoản ngân_hàng . T đã hỏi CSKH và không có phương_án hoàn tiền nào khác , vì t không có cả hai nên t không được hoàn tiền , mất tiền oan khóc t thấy 1 số người cũng bị giống t . Ai không có ShopeePay hay tài_khoản ngân_hàng thì lưu_ý nha , đừng để bị như t khóc Mong Shopee hỗ_trợ thêm phương_thức hoàn tiền khác cho những trường_hợp như t",0
quả ok,1
đặt đơn shoppeefood chờ gần 2 tiếng không thấy giao . vô coi thì thấy đơn bị huỷ không lí_do . gọi tổng_đài thì báo tổng_đài trả_lời tự_động . vô trung_tâm trợ_giúp thì không có vấn_đề mình cần biết để giải_đáp . đặt đơn thì không cho người khác huỷ . đến lúc đơn bị tài_xế hay quán cố_ý huỷ thì lại không cho khách_hàng biết lí_do . nếu đã không có khả_năng giao tất_cả các đơn thì tốt nhất đừng nên tắt chức_năng huỷ đơn để khách có_thể chọn_lựa món khác và quán khác,0
giá ở ngoài 1293 vô_thanh toán 1450 cc ba m,1
được nhận mã voucher mà không mua được mãi ! quay_vòng quay trúng voucher giảm_giá 100k nhưng không bao_giờ sử_dụng ! ! ! lúc mới đăng_nhập cũng không sử_dụng được voucher giảm 60k 80 k ! ! !,0
giúp mình mua đồ mà ko cần ra ngoài khá là tiện ý . Giá_cả cũng OK . Hầu_như cái gì cũng bán,1
"chưa nhận được hàng nhưng lại báo là nhận được hàng rồi , shipper giao cho vong à",0
Rất tốt mình rất thích Shopee mua hàng rất tốt . cảm_ơn Shopee đã bảo_vệ khách_hàng .,1
nhiều lúc đặt_hàng mà lần nào cx kh thành_công trong khi đó kh nghe thấy ai gọi cả,0
"shopee ơi mình xin phép đánh_giá xấu nha ! ! ! hàng của mình đặt từ 7/9 đơn hàng báo ngày 10 giao tới rồi lại ngày 11 cuối_cùng sau ngày 12 thì đứng im tới hôm_nay thì hoàn_trả về ng gửi trong khi tôi đã thanh_toán đơn hàng , k có yêu_cầu trả hàng , dù có ship tới thì cx nên để vào trong nhà rồi xác_nhận đi đơn thành_công chứ sao lại huỷ đơn của tôi tích _ cực ? ? ? Có biết người ta đợi hàng lâu đến mức nào k hảaa tích _ cực",0
phần video trong khung hình nhỏ nhìn thấy chướng mắt quá,1
dịch_vụ tệ_hại . Thêm cái đánh_giá đơn hàng quay theo ý nó để nhận 600 xu làm theo đúng hướng_dẫn ko có 1 xu nào . App rác lừa_đảo ! ! ! !,0
tính_năng nhảy thẳng vào app nếu mở link quá ngu,0
"săn mãi ms card của tui ms có hàng mà , khong biết giao hàng làm_ăn kiểu gi ghi đã nhận hàng mà hàng của tui đâu khóc nhét chữ vừa th chứ , trả hàng hoàn tiền còn bị từ_chối nữa chớ , má card của tuiiiii khóc khóc khóc khóc khóc",0
Có nhiều mã KM vận_chuyển và đơn hàng nên tối_ưu đc chi_phí mua_sắm,1
tốt phục_vụ tốt,1
ok . 5 * !,1
"Mua_sắm thuận_tiện , đổi trả hàng dễ_dàng , nhiều ưu_đãi , đánh_giá Ứng_dụng này NĂM SAO",1
"bấm trả hàng ngay hôm đó , shipper ko đến lấy thì huỷ ko cho trả , trong khi gọi nhân_viên tư_vấn bao_nhiêu cuộc , chẳng giải_quyết đc gì",0
rất tốt cho công_việc,1
"Quảng_cáo trên mọi nền_tảng , khó_chịu vcl",0
đcm trả hàng r mà ko hoàn tiền_nhân_viên thái_độ bắt khác ra lấy hàng,0
đặt từ gò_vấp về q9 4 ngày chưa nhận được hàng.vận hành quá yếu_kém,0
"lừa_đảo , cướp xu người xử dụng",0
phiền các ứng_dụng vcuk,0
"Quảng_cáo như * * * , vaz thật chứ , cứ làm mấy cái nút bấm giả đã thế quảng_cáo còn lâu đc 4,2 * chắc toàn acc clone của shoppe vô đẩy lên",0
"Ngược_Lối_Để_Yêu Quá_Nhiều_Ngược_Nắng Để Xa_Em_Cuối_Chiều Em Đi Về Phía Mặt_Trời Nhường_Anh_Vực_Sâu Tối_Lời_Hứa_Lúc Xưa_Em_Chẳng_Màng Chỉ_Phút_Chốc_Thôi Anh Ngỡ_Ngàng Em Đến Với Một Người Mới_Sau_Dễ_Dàng Trong Cơn_Mưa_Chiều_Nay Trong Cơn_Mưa_Chiều_Nay Trong Cơn_Mưa_Chiều_Nay Trong Cơn_Mưa_Chiều_Nay Anh Đã_Thấy_Đôi_Môi Em Mỉm_Cười_Bên_Người Ta , Còn Anh Giấu_Đi_Lệ cay Anh Không_Mong_Gì_Hơn Được Ôm_Lấy_Em_Dẫu chỉ Một Lần_Một_Lần_Cuối Rồi Em Bước_Đi Thật_Xa",1
"Kiếm_chuyện trừ tiền , còn giao hàng trễ thì không thấy voucher đâu",0
"Đã trả hàng cho shopee 2 đơn máy xay sinh_tố và cân , shopee giao cái cân cho người bán máy xay sinh_tố rồi đổ lỗi cho khách_hàng trả nhầm , không xử_lý đúng vấn_đề , không trả lại tiền cho khách_hàng làm thiệt_hại cả gần triệu bạc . Mọi người cần cẩn_thận , không nên mua hàng trên shopee . Không với xử_lý như_vậy ai cũng có_thể bị thiệt_hại",0
"tắt giúp tôi cái tự_phát video livtream đi cái . mở lên cái là tự_phát xong chuyển sang mục khác rồi vẫn nói , thoát ra vẫn nói .",0
"Tiện_lợi khi mua_sắm tại nhà , tại nơi làm_việc , trong mọi khoảng thời_gian cảm_thấy thích_hợp , liên_kết với ví điện_tử khó hơn bên Lazada",1
hàng rất xịn,1
áp lỗi,1
nhieu của hang like mot đăng ban mot neo,0
chính_sách phục_vụ khách_hàng tệ . không giải_quyết vấn_đề khách_hàng khiếu_nại mà shopee tự_ý hoàn đơn hàng của khách,0
Mua hàng trên Shopee rất yên_tâm . Có vấn_đề về hàng_hoá được đổi trả hoặc hoàn tiền nhanh_chóng .,1
"Giữ đơn của khách mãi không chịu giao , nhắn_tin cho chuyên_viên CSKH cũng chỉ cung_cấp được thông_tin như thấy trên app , gọi lên tổng_đài thì nhân_viên thái_độ khó_chịu , lí_do bao_biện , trả_lời cộc_lốc , tự_động cúp máy .",0
áp hay nhưng luô,0
quan_tâm,1
"thằng cập_nhật sao mà ngu thế , không thấy quay video và chụp hình bị giật hả",0
eupjyl e xn b xid r,0
đặt_hàng toàn bị huỷ,0
cm ơi k có chuyện ms vào mà mua 0 đồng đâu t mua mà tự huỷ đơb xg bảo có hành_vi giao_dịch bất thuờng thì t cx chịu nói_chung nếu muốn mua chính_xác mà tốt ý thì cm mua ở tiktokshop cho t đến shipper còn có thái_độ tốt hơn bên shoppe,0
ko dùng đc vocher,0
tốt dễ hiểu nên mua,1
Không đăng_nhập tài_khoản mới được,0
"đm như bọn ngu , spaylater đã trả hết rồi còn đ check , đm cứ gọi gọi hỏi cái l đm chúng m bị ngu à ?",0
app iu của tui hihi,1
qq gì cx quản cáo,0
Như c * *,0
"app thay_vì vào trang_chủ tự_động vào khu_vực live , video",0
có mã giảm nhưng kh cho xài ? ?,0
"tài_khoản shoppe học_sinh mua toàn bút viết , giày_dép mà toàn gợi_ý những vật_dụng 18+ ?",0
túi ko thích,0
hãy cho trả lại hàng không dùng nfc thì nhiều người mua hàng và tin_tưởng Shopee,1
"App hay , nhiều voucher nhưg cái djt hạn_chế spam quảng_cáo lại và để dấu X TO VÀO",0
quá tuyệt_vời sốt_rét chiếu sáng trăm phần_trăm,1
lựa_chọn sản_phẩm dễ_dàng . mua hàng nhanh_chóng,1
"giao hàng quá lâu , sau đợt 2/9 toàn giao chậm hàng đến tận hôm_nay tình_trạng ấy vẫn xảy ra . 1,2 giao chậm còn bỏ_qua đằng này đơn nào cũng giao chậm quá hạn rồi lại tặng mấy cái voucher , thứ tôi cần là hàng đúng hẹn . Hơn_nữa giao chậm là lỗi do bên vận chuyện nhưng đến lúc giao đến tôi , tôi có việc hẹn mai thì lại đòi hoàn về vì đã quá 3 ngày để kho , trong khi đơn_vị vận_chuyển giao chậm cho tôi 2 ngày do với hẹn lại còn đòi hoàn hàng tôi về",0
Đã ghi theo địa_chỉ mới là xã Định_Quán mà đơn thì cứ đi qua bên xã Tân_Phú bây h ngta đell chịu giao do sai tuyến m bị xàm à,0
eddiimmim,0
dễ_dàng đặc hàng và mua_sắm theo ý_muốn .,1
toi k thể đặt_hàng từ ứng_dụng này được,0
ứng_dụng mua_sắm dễ mua,1
khi lên hạng có nhiều mã giảm_giá rất hay,1
q woo q quốc q bị,0
rất tốt và sài rất oke,1
cx tuyệt và bình_thường,1
"ý là 1 ông ship mà ghép cho ngta tận 3 đơn = ) ) . Khách thì mốc mồm , ship thì đợi dài cổ để lấy hàng",0
"Nói_chung là hài_lòng . Rất mong nhẹ_tay khi bóc dở để các hàng dễ bể không bị hỏng , các hàng đã hết thì đừng đăng . Cảm_ơn .",1
tải lâu nha,0
"mua hàng chất_lượng tốt , giao hàng nhanh",1
OK quá đã,1
"dùng tốt hơn bên tts . giao_diện dễ dùng , bắt_mắt",1
"hàng không về , không nhận đc cuộc_gọi của shiper thì tự_động hoàn_trả hàng",0
hàng rẻ và xịn,1
App như L .. nữa ngày éo vào đc ..,0
tốt nha,1
"ê shipper rất mất_dạy nhé , chửi khách , không giao đơn , huỷ đơn lại còn thách_thức , hàng_hoá thì mua 3 cái kẹp linh_tinh thì OK chứ quần_áo thì vải còn mỏng hơn lá lúa nx , mấy đồ linh_tinh khác thì có cái dùng đc cái k nhma mã thì ối dồiii",0
Quét vớ quét vẩn,0
"Ứng_dụng này dùng mua_sắm khá tốt , có nhiều ưu_đãi giá_cả dành cho người mua . Các bạn quản_lý nên xem_xét lại việc khiếu_nại của người tiêu_dùng , đôi_khi muốn đổi trả hàng và hoàn tiền rất rắc_rối , Mình cũng đã phải bỏ đơn hàng vào thùng rác vì không đổi trả được vì những cái thủ_tục , yêu_cầu quá rắc_rối gần như là không hoàn được đơn hàng , chỉ thuận_lợi khi shop nào cũng muốn giữ uy_tín thôi còn không thì gần như là đánh_đố người tiêu_dùng .",0
sài oke lắm nè .,1
toàn giao trễ,0
ứng_dụng tốt okla,1
shopee tự huỷ đơn khách đặt,0
Tôi rét quan_tâm đến việc mua sắm.Rat thuận loi,1
"tệ , quá tệ",0
"đặt_hàng bth chờ mấy ngày ko thấy hàng , vào lại thì thấy hệ_thống tự huỷ đơn hàng dù mấy ngày trc chx hề vào một nào để huỷ",0
rẻ và chất_lượng nhưng shopee cho mik thạch dừa minh châu 1kg 0đ đi,1
toàn đcj hàng 0đ,1
cũng đc nhưng giao lâu,1
"giao hàng chậm , mà_còn trả_lời khách rất tệ",0
shope giá rẻ hàng cx tốt lâu_lâu gặp đc món ưng_ý nhưng có nhiều shop bán hàng kém chất_lượng hàng giả hàng nhái rất nhiều mong shope nhìn được đánh_giá này và mau_chóng cải_thiện,1
Tệ_hại CSKH giải_quyết vấn_đề như cho có,0
Good . I ' ve gotten 1 ... shopee,1
đc nhưng phải cho tôi mã giảm_giá chưd ko là tôi đánh_giá 1 sao đó,1
đỉnh,1
"rất bực_mình khi mở áp khi âm_lượng điện_thoại kéo xuống không còn nghe được gì , sao AD lại lộng_quyền như_vậy",0
ai a sa,0
"có mã giảm giả mà lúc đặt cứ lỗi , không cho đặt_hàng",0
"sao càng_ngày_càng khác , lúc trước dễ dùng hơn nhiều , bây_giờ t thấy nó cứ bất_tiện sao sao đó",0
"Nhiều shop Niêm_yết một giá này . Nhấp vào mua một giá khác . có Shop_Đăng hình giày Bitis_Nhấp mua một nhãn_hiệu khác . Sàn làm_sao quản_lý ? Shop bán không đúng hàng ( kiểu lừa_đảo ) , shop giao thiếu hàng ( trải_nghiệm hoàn_toàn tệ ) , Nhiều đơn hàng báo đến_nơi 2-3 ngày mà không thấy giao , Nhưng không cho đánh_giá , không ai giải_quyết khiếu_nại . mình mua 5/10 lần là những trải_nghiệm không tốt . bên cạnh đó vẫn có nhũng shop Ok .",0
có_thể mua_sắm online,1
cái gì cũng có ❤️❤️,1
dùng tốt hơn lazada,1
du_lịch và các món,1
gần đây nền_tảng Shopee có thay_đổi rất lớn bảo là miễn_phí tiền sip nhưng thật_ra Shopee đã kê tiền sản_phẩm của những shop bán có_khi vài chục ngàn giá tiền sản_phẩm của shop cho_dù có áp mã vẫn mắc hơn giá_trị món hàng của shop đưa ra ? ? ? những điều bất_hợp_lí không nên tồn_tại . không nên móc_túi khách_hàng trắng_trợn như_vậy,0
"tốt.nhanh.dang vu khanh.sn.280/21.h. vẫn bánh , p11.qnh.tphcm",1
tốt tôi rất hài_lòng,1
hç,1
rất tiện_lợi và thanh_toán linh_hoạt,1
Shopee lừa_đảo bán hàng linh_tinh treo đầu dê bán thịt chó đã thế mình chỉ mua hàng thôi thế_mà bị kick ra và bị tài_khoản bất_thường toàn bị lag xong làm nhiệm_vụ rồi mà không nhận được thưởng,0
mắc gì cho chơi game nhận giọt nước mà chơi rồi không có giọt vậy tích _ cực ),0
"1 cái giao hàng tồi_tệ như_vậy , mà tụi vẫn cho hoạt_động 1 lũ mất_dạy",0
Chính_sách rất vớ_vẩn . tự_ý hoàn hàng của khách mà không thông_báo gì hết rồi bắt khách_hàng thông_cảm . khoá gói ưu_đãi do vi_phạm / sai_phạm cũng không đưa ra lí_do để khách_hàng khắc_phục mà cứ trực_tiếp tiến_hành thôi . rất khó_chịu với cách làm_việc,0
"Tào_Lao có 1 điện_thoại mà yêu_cầu vừa đăng nhặp vừa quét mã QR ... qua tiktok hay kiti , face , sen đỏ , lazada mua hàng đi",0
"ahh rất rất là cay nha khônh biết có ai bị giống như tôi không , ai có dơ tay . tôi đặt_hàng mà shipper không gọi không nói_năng gì lên shoppe chỉ thấy đơn hàng sắp giao trong 12 giờ tới rồi đợi xong đùng phát_đơn hàng hoàn_trả về người gửi 🙂 đùa tao à ? đơn thường cũng đỡ đi nhưng đơn này có app voucher 100k cả đấy giời ạ đánh_giá shoppe khá tệ nhé",0
"để giá 0 đồng mà bấm vào giá khác . giao hàng lâu , ít freeship , mã giảm_giá",0
"mã 100k vòng quay là ảo à , vậy để làm_chi , troll à , làm bắt canh khốn_nạn vl",0
không ra_gì,0
Mua hàng trên Shopee yên_tâm . vì được đồng kiễm . chỉ cần đúng hàng mình đặt là nhận ngay . vui vẽ.không lăng tăng . Mua hàng trên Shopee nhà mọi người .,1
Chịu app,0
m bị ngu à tiền hàng đc hoàn lại kh rút ra đc là sao dcmm ?,0
"mua hàng chính hãng với giá cực tốt được giao tận_tay không mất time hay chi_phí đi mua , quá đỉnh của đỉnh luôn",1
mỗi lần mua hàng đều gặp sự_kiện,1
có trách_nhiệm với khách_hàng,1
một lũ lừa_đảo,0
‿̩͙⊱༒︎༻♱༺༒︎⊰‿̩͙,1
mua hàng rata nhanh_chóng và dễ_dàng sử_dụng thắc_mắc được giải_đáp nhanh_chóng,1
"mua hàng thì giao sai đc cái trả hàng hoàn tiền nhanh nhưng lại vào ví shopepay lằng_nhà_lằng_nhằng không rút được tiền hoàn , không buồn mua hàng trên shopi nữa",0
ứng_dụng ruột mua hàng . ngon xịn mịn giao_diện thân_thiện,1
"tôi muốn mua khuôn giò chả 0,5 kg .. mà không biết phải điền vào chỗ nào để mua",0
dịch_vụ rất tốt,1
🥰,1
trải_nghiệm shopee tuyệt_vời,1
ứng_dụng dùng rất tốt .,1
có mã giảm_giá thì tăng_giá sản_phẩm không khác gì lừa đâor,0
Ok_Shopee,1
dùng rất tốt cho người mới dùng,1
app rất uy_tín 🤑,1
Shoqee như l không làm gì cũng tự xoá có ai như tui hog mong shoqee sửa,0
Shopee càng_ngày_càng c ó uy_tín,1
đặt xong là huỷ del biết cc gì mặt dù ko lạm_dụng voucher,0
tốt Hài_lòng,1
bộ_phận CS / chăm_sóc khách_hàng có như_không 😬😬,0
"đặt đơn app mã mà cứ bị lỗi , không cho đặt đơn . Trường_hợp này đã gặp rất nhiều lần .",0
cái quản cáo chó chết gì dài vãi đái không có nút x làm ảnh_hưởng đến người khác,0
haha,0
giao hàng mà cứ bị shoppe huỷ do vận_chuyển thất_bại chịu,0
"đề_xuất toàn nội_dung nhạy_cảm , gây khó_chịu",0
"ê , dạo này tự_ý huỷ đơn hơi nhiều nha , nhắn shop thì bảo do ship .",0
hàng toàn đã qua sử_dụng,0
"giao hàng thì chậm , đã thế cứ đến lịch giao mà giao không kịp liền tự huỷ , mất_công chờ hàng về cả tuần cuối_cùng thì bị huỷ với lý_do không giao được , giao hàng muộn 1 hôm có sao đâu tự_ý huỷ làm đợi vào xem thật vọng vaiz",0
đồ_ăn ngon còn nóng . ship cũng nhiệt_tình OK lắm,1
"hàng giả h tràng lan ở shopee , shopee k bảo_vệ người tiêu_dùng",0
app lừa_đảo chứ app bán hàng j,0
您好賣家！建議您先對阿里巴巴平台上的產品進行測試，然後實施一項計劃，將組裝好的展示產品寄給客戶；這樣可以最大限度地減少稅費。 請向中國國家主席提出為企業和運輸企業創造公平競爭環境的解決方案。謝謝！,0
mấy đứa cskh nói_chuyện rất xem_thường khách_hàng yêu_cầu hỗ_trợ thì từ_chối thích đỗ lỗi cho người dùng làm_ăn lề_mề chậm_chạp,0
Sđt đang sử_dụng bình_thường khi đăng_nhập lại lại không được mặc_dù đã thử lại nhiều lần,0
shopee uy_tín thân_thiện,1
hàng OK,1
yêu shopee > - <,1
lắm qc bắt_buộc chuyển sang chpl,0
Tuy giwo hơi lâu nhưng đúng hang,1
"Phần giao hàng SPX tệ , yêu_cầu cải_thiện lên .",0
ditme t xoá shopping giao lâu shipper ăn_hàng,0
Săn sale rất ok luôn . Mỗi_tội săn nhiều quá thì ko được bị hạn_chế VC và khoá nick,1
app như lonsuốt ngay đi quảng_cáo qua app khc bộ thiếu khách mua hay thiếu lượt tải về hả ? có bị ngáo k,0
quảng_cáo nhiều vc,0
"ổn , giá_cả hợp_lý !",1
lần đầu đặt_hàng bị huỷ đơn xong không hoàn voucher ng mới,0
"cái con_mẹ m , bố bỏ qc mà nhảy tap 7 lần",0
"tốt , giá phải_chăng , hay sale",1
🐉tự í huỷ đơn khi chưa có sự cho_phép của tôi🐉,0
"giá rẻ , hoàn_trả dễ",1
được mua_bán thuận_lợi cho người o đi chợ được tốt,1
đơn hàng nằm ở kho củ_chi 9/9 đến nay vẫn y_nguyên ko nhút nhích gì hết .,0
mua hk được cái gì hết nó cứ để xem chi_tiết chẳng đặt_hàng được cái gì cả😤😤,0
thích lắm bạn ạ tốt,1
love sốp peee,1
Giao hàng chậm,0
ok dc,1
ok đc hàng ổn,1
cs voucher đc 0đ thì đặt áo_khoác nhưng k giao t cs voucher 0₫ thì t đặt nhưng cs vài shop huỷ dell giao,0
giao hàng lâu,0
Liên,0
"toàn giao quá trễ so với ngày dự_kiến , còn làm mất đơn hàng . Quá tệ",0
mua hàng khá tiện,1
"Ứng_dụng tự chiếm quyền điều_khiển âm_lượng của điện_thoại người dùng , tự hạ_âm lượng mỗi khi mở ứng_dụng , rất khó chiệu , không xem trọng quyền riên tư cá_nhân của người dùng .",0
"tốt , đã mua hàng trên shopee 3 năm rồi",1
không thấy hàng,0
"đơn hàng đã đến bưu_cục phát ở khu_vực của bạn , xong từ 11/9 đến 12/9 đã quá 24h vẫn chưa xuất đơn đi giao .",0
có_thể là tao cưới luôn Shopee vì tao đã săn nhiều đồ có giá_trị mà chỉ 10 mấy ca hoặc 1k ôi tao yêu shopee,1
"chăm_sóc khách_hàng thì phải là người với người chứ không phải AI , nói với AI thì nó giải_quyết được vấn_đề gì khi con_người không đọc . Với_lại T muốn hoàn_trả hàng nhưng lại huỷ vì không giao đúng ngày ? , trong khi t chọn địa_chỉ lấy hàng shipper đến lấy tại nhà t , nếu muốn t tự đi đưa thì cũng phải cho một cái địa_chỉ rõ_ràng chứ , hay muốn t hối lấy hàng cũng phải có sđt rõ_ràng mới gọi đc chứ trời",0
OK đúng như quảng_cáo,1
tải về nhưng ko vào đc là sao,0
"Hay ! quảng_cáo nhiều quá , nhiều quảng_cáo lố , loạn quá ...",1
"đơn giao hàng hoả_tốc mà liên_hệ với shop khi nào hàng đi thì phản_hồi chậm nên huỷ đơn , shop không đồng_ý huỷ còn cho cả chục anh ship liên_tục gọi điện cả 2 ngày_nay",0
Quảng_cáo cl phiền_phức,0
"mua có voucher cũng bị huỷ do giao_dịch bất_thường nx chớ , 😡",0
dcm spam quảng_cáo cc bộ thiếu khách_hàng à,0
trước_đây mình mua trên lazada nhưng mấy năm gần đây mình mua bên shopee do có nhiều chính_sách hỗ_trợ,1
định_vị sai quá nhiều,0
uk hàng đến nhanh,1
app như l đặt rồi không giao,0
chi từng xu_thế này thì tao ko cần có vài xu mà làm nhiệm_vụ tốn hết thời_gian trong đời,0
nên có dịch_vụ giao hoả_tốc vào ngày chủ_nhật ....,1
"đặt_hàng xong cứ tự huỷ đơn , chả thông_báo gì",0
"đm shoppe như cl ý , 10 đơn hàng của t thì phải hết 9 đơn bị giao hàng ko thành_công mà huỷ còn 1 đơn thì đang vận_chuyển từ mùng 3 đến mùng 10 chưa thấy j",0
tốt tiện_lợi mua_sắm,1
shopee rất tuyệt,1
"1 cái đơn hàng từ Sài_Gòn về Vũng_Tàu ... Hẹn ngày giao 2 , 3 lần . 3 ngàu rồi hàng vẫn chưa tới",0
"Hạn_chế các shop dùng AI trả_lời dc ko , hoặc là AI xử_lý xong thì shop cũng_nên xem_lại . Những thông_tin ko có thì khách mới hỏi mà AI trả_lời trớt quớt , shop cũng ko trả_lời lại , phát bực .",1
mình bị huỷ đơn vô_cớ từ shoppee mà không được giải_quyết thái_độ làm_việc quá kém,0
quá đã cho 5 sao,1
virut,0
đây là xu_hướng mua hàng của tương_lai,1
tự_ý huỷ đơn mà không có lý_do gì,0
tự_tiện khoá tài_khoản ko lí_do,0
Có 1 vài shop treo đầu dê bán thịt chó hoặc hết hàng mà vẫn quảng_cáo bán . Hy_vọng Shopee sẽ xiết chặt những shop bán hàng không có tâm như này để đỡ mất thời_gian của đôi bên ! ! !,1
"yêu_cầu shoppe xem_lại mấy cái chỗ hoàn tiền và làm_việc có tâm chút , đặt mua hàng về sài không được hay hàng hư hư_hỏng lỗi gì xin hoàn tiền mà cứ bị huỷ không cho hoàn tiền lại , mặc_dù khi yêu_cầu đã chụp ảnh rõ lí_do cũng đã ghi đủ nó vẫn huỷ khiếu_nại , bộ ế lắm hay gì không cho hoàn vậy",0
mới mua hàng mà sao đã khoá acc r là sao,1
Như đb,0
tính đặt_hàng mà ko có tiền cho 2 sao,0
hàng rẻ chất_lượng tốt,1
A little Love you and me đi không được phép nghe không,1
"đã đệ đơn đổi đ / C sau 1 ngày đặt_hàng vì phát_hiện sai đ / C rồi vẫn không đổi , trì_trệ hàng của t liên_tục cuối_cùng vẫn đ / C cũ ? đm soppe ói lại tiền cho t",0
tuyệt với lắm nha,1
giao hàng chu_đáo,1
60k của bố đâu,0
yêu bạn ý,1
"ứng_dụng mua hàng tốt nhất từ trước đến nay , mong trong tương_lai sẽ phát_triển hơn_nữa 🐧☕",1
shopee bị j v t đặt_hàng mà nó tự huỷ là s lm ăn kiểu j v,0
bọn bán hàng trên shopee quảng_cáo k đúng sản_phẩm vậy_mà app vẫn làm_ngơ,0
ta săn 9/9 được giảm_giá mà vô tự huỷ đơn hàng ta . nói giao_dịch bất_thường là ? ? ? cần 1 lời giải_thích,0
cũng bình_thường,0
mã 50 vip để cho vui chứ k lưu được,0
quảng_cáo thấy ghét ứng_dụng lừa_đảo nhất,0
như l khuyen mn mua trên tt nhé,0
lần nào đặt đồ_ăn hang đặt_hàng cũng rất ok,1
No Ne😋,1
shopee lol đặt đơn rẻ thì nó huỷ z m cho voucher chi z mă,0
"Ứng_dụng bao_che shop lừa_đảo , hạ uy_tín người dùng . Nội_dung : Shopee quản_lý gian_hàng rất kém , có dấu_hiệu bao_che cho các shop ảo treo giá ảo / lừa_đảo khách_hàng . Shop cố_tình ngâm đơn không giao để hệ_thống tự huỷ nhưng Shopee không có biện_pháp xử_lý triệt_để , mặc cho người dùng tố_cáo . Thất_vọng về cách làm_việc và chăm_sóc khách_hàng của Shopee !",0
tự_ý huỷ đơn hàng của khách,0
"sao không đồng_bộ được giữa điện_thoại và máy_tính bảng vậy , tính_năng giảm âm_lượng gây phiền_phức nên bỏ",1
nhanh gọn lẹ .,1
"Giao mì hết date vỏ ngoài ghi còn date , ăn nửa thùng rồi mới phát_hiện ra còn bắt t trả lại nguyên_vẹn , chịu suy_nghĩ của shopee Đừng tải shopee , làm_ăn dơ_dáy",0
rất chi rẻ,1
quảng_cáo thì lâu mà không ấn nút x được còn làm ba cái quảng_cáo giả nói_chung là quảng_cáo lâu đồ thì dỏm không nên xài,0
đừng có tự nhảy chữ đc ko đang xem quảng_cáo cứ nhảy chữ dở à,0
Rất tệ huỷ hết đơn của khách ko lý_do,0
như buoi,0
giao lâu thật_sự,0
tôi thấy rẻ mà_còn dùng tốt,1
sản_phẩm giống quảng_cáo,1
săn đc sale cái quạt mà cho cái quạt dùng 2 ngày đã hỏng thế_mà ko cho hoàn,0
"D rồi br₫ _ _ ₫ _ _ 4 "" rất nhiều người Zdkuỳ end",1
lag,0
"má đang check đơn hàng tự_nhiên đá văng t ra khỏi acc đăng_nhập lại thì không cho dính mã L01 ? ? ? , đợi ht 1 ngày vô coi lại cũng ko cho vô bị nứng à",0
đã dùng và có trải_nghiệm ko tốt xoá vv luôn,0
rất tốt mong app mở_rộng thêm nhiều tính_năng và mở_rộng giao hàng quốc_tế 🌟,1
"Tuất_Shopee , làm_ăn như này thì chịu",0
săn sale mà shoppe tự huỷ đơn ko cho lưu voucher nữa,0
rất tốt va hai_long .,1
giá hiển_thị lúc đầu_video và khi kích vào mua cách nhau cả trăm_nghìn,0
"Hàng bị rạch và được dán lại . Qua trao_đổi với nhân_viên cskh , hiện_nay không hề có chính_sách hệ_thống tự_tạo đơn mới để bù hàng cho khách . Khách_hàng phải tự đặt lại đơn mới , phải chờ bên shopee giao hàng lần nữa và có khả_năng đơn hàng tiếp_tục bị rạch . Về voucher thì voucher của bên bán sẽ không được hoàn , voucher của shopee thì đợi bên shopee xử_lý xong mới được hoàn . Trong trường_hợp lỗi hoàn_toàn không phải do khách_hàng , nhưng khách_hàng đang phải chịu toàn_bộ hậu_quả . Và nhiều vấn_đề",0
quảng_cáo trên nền_tảng tiktok ko gắn vỏ hàng . mà bắt người dùng phải tải app shopee 99 . LÀ SAO ? ? ? ?,0
ns chung là k phak tải đâu . k a / d đc mã giảm_giá vs mấy voucher khác dù đủ đk,0
Tính_năng tìm_kiếm tệ_hại tìm điện_thoại này ra điện_thoại kia chả có chút gì liên_quan,0
"lm tí gane rác mà toàn qc về app , bố m tải r qc qq",0
nhiều khuyến_mãi,1
có nhiều voucho 0 đồng khá là thích,1
ở trong ứng_dụng thì bình_thường nhưng chơi game toàn dính phải cái quảng_cáo này,1
giá ok với_lại người mới đc mua đồ 0đ,1
rất tốt 👍,1
"trải_nghiệm tuyệt_vời , giao_dịch và vận_chuyển nhanh_chóng , đổi trả đơn_giản . i love shopee",1
"App rất vớ_vẩn . Vào mục tìm_kiếm toàn gợi_ý đồ người_lớn , không_thể xoá được phần gợi_ý tìm_kiếm .",0
shop bán hàng đểu gửi hàng lỗi,0
"shopee là đồ chó lừa_đảo , trùm deal dcmm lừa_gạt",0
Đề_nghị sửa ngay cái chạy nền video và có chế_độ tắt video live ngay khi vào app !,0
hoàn tiền làm_sao cx ko đc,0
mua hàng toàn giao ai mẫu ai miêu_tả hàng đống gối k chắc_chắn thiếu hàng muốn trả hàng tả shopee plas,0
hàng chuẩn sip po hien,1
nhiều thứ cần_thiết và hữu_ích,1
"lm ăn như l🥰cm t đặt 2 đơn thì cả 2 đều bị hoàn về ng bán vs lí_do từ_chối nhận hàng và 1 đơn cũng là shipper gọi nhg từ_chối nhận hàng ? ? dhs mk ở nhà cả ngày để đợi đơn mà chả thấy ai vs cũng k hề có cuộc_gọi nào mad lại báo là từ_chối nhận hàng ? lm ăn thì lề_mề chậm_chạp giải_quyết mãi không xog vde , dhs thk cha shipper như thk bệnh có gọi hay ns cdj đâu kêu t từ_chối ? ? ? có bệnh thì đi khám dùm cái",0
"cdg , tsb cái deal shopeefood nó bảo 0đ xong ktra bank nó tự_động trừ trg tài_khoản xong còn cả tiền ship siêu đắt , bịp_bợm vkl",0
tuy hơi ngu nhưng đc cái có cái mã giảm_giá tốt,1
mẹ nó đặt_hàng mà ko đúng như yêu_cầu cái chó gì mà nói thì 😡😡😡🤬🤬🤬,0
tạm ổn,1
như pịa,0
"Shopee nên khắc_phục lỗi ko hiển_thị hết thông_tin sản phẩm.bấm vào cũng ko dc .. ví_dụ : shopee pay , nó chỉ hiển_thị đến chữ "" shopee "" , mất chữ "" pay """,1
tiện_ích lại còn rẻ 👍🏻🥹,1
phí ship quá đắt tận 50 ngàn,0
tiện_lợi cx khá rẻ,1
rất thichd,1
"mua_sắm tiện_lợi , uy_tín .",1
ê giờ mới có voucher siêu đặc_biệt bạn mới á mình dùng số điện_thoại rồi mà vẫn đạt được đơn mới quá đã luôn,1
voucher liên_tục bị lỗi và không thanh_toán được,0
đăng_nhập không được,0
cứ bị lỗi m02 d02,0
"đặt_hàng không giao tự_ý huỷ đơn , kiểu lừa_dối khách_hàng",0
mua tiktok shop ổn hơn,0
bực gì đâu,1
Cảm_ơn tôi rất thích sản_phẩm ở trên Shopee uy_tín nhiệt_tình đàng_hoàng đáng tin_cậy tôi tin_tưởng Shopee hàng chất_lượng cao người giao hàng tận nơi uy_tín chất_lượng nhiệt_tình hài_hước người giao hàng tin_tưởng vào Shope đáng tin_cậy người tiêu_dùng sản_phẩm Shopee giá_cả phải_chăng tốt người tiêu_dùng bình_chọn mua sản_phẩm ở Shopee chất_lượng uy_tín giá_cả phải_chăng người tiêu_dùng bình_chọn rất sản_phẩm trên Shopee diếp hạng của tôi đã đầy rồi xếp_hạng quá_tải rồi 😊😊😊😊😊😊😊😊😊,1
"del hiểu s , đki bằng sđt mà_lại ko cho áp voucher ? ? ? ? cho lm c del j v",0
dm nói ngày 11 giao đồ tới ko đúng hẹn thì nó cho cái voucher mà ngày 11 rồi ko thấy hàng đâu vào check thấy để ngày 12 giao đã giao ko đúng hẹn tự đổi ngày nhận r còn ko cho cái voucher nào cả.chịu làm_ăn như 💩,0
Quá là okiii luôn App tốt cực_kì 👍👍👍,1
"tự_nhiên đề_xuất cái tìm_kiếm nháy nhun nhình nhục nhữ tr mặt mn lm mình ngại , mình ghét , 1 sao😡😡😡 ( TUYỆT_ĐỐI K TỰ TÌM_KIẾM , CHỈ KIẾM ẢNH GÁI )",0
đặt_hàng 0 đồng thường_xuyên bị shipper ăn_trộm hàng không giao đến địa_chỉ đã cho và không gọi điện cho khách_hàng,0
"quảng_cáo quá lâu và lặp_đi_lặp_lại nhiều lần , nhận phần_thưởng ghét nhất gặp phải quảng_cáo shopee",0
Quảng_cáo như lon buoi,0
Thuý,1
rẻ đẹp khá là chất_lượng,1
"sài ứng_dụng 10 năm rồi mà nay bị tình_trạng không đăng_nhập được , bị lag không vào được",0
shopee như quần què,0
săn 0₫ ok vcl nên cho 1 sao,0
bên vận_chuyển của app làm_ăn chán quá đơn hệ_thống dự_kiến 11 mà_lại nói đợi sang 12 giao,0
"quá_trình đổi trả hàng rất mất thời_gian , cói tình câu giờ để hết thời_gian đổi trả , giao hàng thì rất chậm , nhất_là với những đơn hàng giá_trị cao",0
load ko được ? ? ?,0
App lỗi à vào méo đc dù mạng căng đét thử mấy cách rồi mà cả ngày hôm_nay không vào được tí nào luôn,0
giao hàng cực_kì lâu,1
Bị lấy thông_tin,0
"app như hạch ấy lm sk đồ cho lắm mà tối_ưu đc cái app mượt để ng dùng xài thoải_mái cx ko xong , tối_ưu chả ra làm_sao",0
shopee bị lỗi à ? bấm cứ xoay xoay hoài,0
"đặt_hàng trên shoppe cực_kì thiếu an_toàn , lỡ mình bận không bắt máy shipper được là bị huỷ luôn , mã người mới cũng không thèm trả",0
apps đang bị lỗi kết_nối internet,0
rấc thích shọp pe 😍,1
làm_ơn bỏ cái âm_lượng an_toàn giùm cứ vào app là nó vào shpee video mà vào thì lại giảm âm_lượng nhỏ_xíu đang nghe nhạc vào check cái lại phải bấm âm_lượng lên phiền vc,0
cũng khá tốt 👍😊,1
chuyển khoả rồi mà nó không giao hàng,0
"Đơn ng ta đặt mua , mà tự_nhiên đem huỷ .",0
giao hàng tốt chất_lượng đc giảm_giá hihi,1
tôi mua hàng đeal giảm 80k nhưng đặt_hàng kh đc cx kh đc hoàn đeal lsao . Tk_Shoppe : thuthyl952,0
quá nặng điện_thoại . không còn là 1 app mua_sắm thuần_tuý nữa .,0
Yêu_cầu hoàn tiền app cố_tình làm_khó mình ạ,0
hay_ho và tiết_kiệm nên tải về và dùng .,1
"đơn hàng bị huỷ không báo đơn đã bị huỷ , chỉ báo đơn đang ở kho . Trạng_thái đơn hàng thì không đổi 😡",0
"Đợt này vô trang mình , vay tốt có 7tr phí k đến 90k ngay .",1
"mạng xem siếc còn đc , vô app thì đơ vs treo hoài mua con c gì đc",0
lắm qc vl đi đâu cũng gặp hàng kém chất_lượng lại ko có nút chặn shop shop xoá đc bài đánh_giá của khách là xái rất ngu của con app này,0
"chịu . k hieu cách_thức duyệt báo_cáo , dù không phạt shop cũng_nên nhìn_nhận cách_thức buôn_bán có muon vi_phạm kh . kh phạt cx ph có cảnh_cáo chứ ?",0
"món ăn rất ngon , giá hợp_lý",1
"ứng_dụng ko xem live được , thằng quản_lý server rất ngu",0
quá đã luôn shoppe ạ,1
trải_nghiệm định_vị tệ vô_cùng_tận . người một nơi định_vị một nẻo . rất chán,0
xan,1
bị khoá nick lol,0
Tìm dép mà chỉ có vài mẫu cứ hiện đi hiện lại bực cả mình .,0
"lỗi sim , shipper ko gọi đc , bị huỹ hàng mất voucher , hi_vọng chính_sách shope đc cải_thiện thêm",0
Đa_dạng hàng_hoá . Giao hàng nhanh chính_xác,1
lắm quảng_cáo,0
Hồi xưa mua ở shopee rẻ hơn ở ngoài giờ shopee bán mắc hơn ở ngoài . Mua ở ngoài 180k shopee bán 230k mua món đồ phí 50k,0
tậm ổn,1
"Hàng gửi bị thiếu , khách yêu_cầu hoàn hàng trả lại tiền theo quy_định thì chờ dài cổ không ai đến nhận . Hối 100 lần thì Shopee cả 100 lần đều trả_lời như một , rất vô_cảm : hãy chờ tiếp . Chắc phải chờ đến khi bạc tóc , hay khách phải bỏ shopee chạy_lấy_người đây ?",0
chưa tầy đâu,0
Đặc địa_chỉ k dc,0
"Hài_lòng về ứng_dụng . Luôn cải_tiến đổi_mới , khắc_phục lỗi qui_trình rất tốt .",1
"đc đấy , trải nghiệp của tôi cảm_thấy rất tốt",1
tệ đặt_hàng đã lúc giao lúc_nào cũng bị chuột cắn lũng là sao,0
nhieeuf vorcher xịn,1
"Đúng lẽ cho 5 sao về chất_lượng dịch_vụ của shoppe , vì shoppe để một_số shop vào bán chất_lượng sản_phẩm không như mô_tả , sản_phẩm không giống với chi_tiết sản_phẩm , một_số mặt_hàng ghi tên giật_gân không đúng thực_tế tên hàng , lô hàng nên trừ 1 sao . Thêm cái trừ mua mã 0đ thì không thành_công",1
quá tốt và tiện_lợi chính_sách đổi trả hoàn tiền nhanh_chóng,1
"người bạn đồng_hành , vững niềm tin",1
"tệ quá . 90% các shop giới_thiệu sản_phẩm trong video đúng cái cần mua , bấm vào mua thì ra sản_phẩm khác . app quá tệ",0
1 sao ko nói nhjuf,0
"app bị delay khi tôi đặt mua hàng vào dịp 2/9 , làm phát_sinh hơn 10 đơn hàng bị trùng_lặp , dẫn đến tôi bị khoá phương_thức thanh_toán khi nhận hàng , tôi đã liên_hệ tổng_đài nhưng không hỗ_trợ được cho tôi việc này , dẫn đến việc tôi phải chuyển sang mua hàng ở Tiktok . việc xử_lý khiếu_nại của Shopee rất Tệ , không chuyên_nghiệp , dẫn đến việc mất khách_hàng .",0
săn đồ 0đ,1
rấ tiện_ích và tôi sử_dụng thường_xuyên,1
síp bơ như lol moẹ,0
Cảm_ơn shopee mua_sắm tốt,1
lỗi địa_chỉ gần tuần r vẫn chx nhập địa_chỉ đc😡😡😡😡😡,0
Shopee nên mua hàng đáng tin_cậy,1
đa_dạng mặt_hàng,1
"làm_ăn hơi chán mã thì chán , bán thì toàn shop đêu",0
đặt_hàng mà nhập sdt zalo cái mất mã,0
"Shopee tăng_giá phí bán hàng nên sản_phẩm mua trên đây hiện_tại trở_nên khá đắt_đỏ , mua ở ngoài cửa_hàng còn rẻ hơn",0
shoppe tự_ý huỷ đơn không lý_do trong khi shop xác_nhận r .. ?,0
giật lác đơ suốt ngày quay tròn đang xem live tự_dưng bị thoát ra nặng máy,0
có mã giảm_giá mà ko cho dùng mà toàn bị hiện lỗi D 02 / M 02 ko hài_lòng 1 tý nào,0
ikkvv,1
Mã 100k vòng quay toàn lừa,0
app như cái cc,0
nhanh_chóng thuận_tiện còn nhiều mặt_hàng QC một sản_phẩm khi tích vào mua lại không đúng như shop đó QC,1
không dùng shopeepay vẫn trừ tiền ngân_hàng,0
yêu_cầu bỏ chức_năng tự_động giảm âm_lượng khi đăng_nhập rất phiền,0
shoppe ơi t có mã giảm_giá mà t dùng thì đeo cho dùng còn ban tk nx v shoppee,0
giao hàng mà không có được 1 cuộc_gọi rồi trả đơn lại người gửi,0
"mua_bán thuận_tiện , giá_cả hợp_lý , giao hàng nhanh_chóng , nhiệt_tình . shiper dễ_thương .",1
Yêu_Shopee,1
như l mã ko áp được toàn bị lỗi,0
đồ rẻ nên mua,1
nhiều deal hời,1
"cho người ta code thành_viên mới 80k xong lúc đặt đơn thì lại báo huỷ "" do hành_vi giao_dịch bất_thường "" = ) ) ) ) . App quần què",0
"đặt_hàng mà nó cứ hoàn về người gửi không vậy , bữa giờ 5đơn rồi đó giờ xài bthg tự_nhiên giờ vậy . Bực thật",0
"thằng óc cho shoppe , thích khoá acc thì khoá à , cmm",0
lừa_đảo chiếm_đoạt tài_sản của người khác,0
"xứng_đáng 5 sao , nhưng do thiếu chức_năng xoá dữ_liệu riêng_tư như lịch_sử xem video , lịch_sử tìm_kiếm và đề_xuất ra vídeo hoặc sản phầm",0
cứ vào app là bị hạ_âm lượng máy . bực k thể tả dc,0
"không có điện_thoại bên cạnh mới phải đăng_nhập vào bằng laptop . xong bắt vô app trên điện thoái quét mã QR , nếu có điện_thoại dùng app mẹ rồi vào laptop , máy_tính chi nữa ? ? ? ? ? . đứa nào đưa ra cách bảo_mật âm_binh vậy ? ? ? ? ?",0
Quảng_cáo làm_phiền qua,0
đume m mắt nhắn lắm hả xoá_bỏ mẹ shoppe luôn đi,0
"Mua_sắm rất dễ_dàng , sản_phẩm chất_lượng , giao hàng nhanh_chóng .",1
sài ngon,1
ngu,0
"app siêu tệ , đang nói_chuyện với cskh tự_dưng bị văng ra rồi không tìm thấy mục trò_chuyện đó nữa , vào lại phần cskh thì màn_hình trắng_xoá",0
mình cũng vậy mình bị nhiều rồi,0
"Không đến lấy hàng trả mà tự báo lấy hàng_không thành_công , yêu_cầu khách_hàng huỷ trả hàng",0
chó shopee,0
giao hàng hơi lâu,1
Trải_nghiệm mua hàng,1
ok tuyệt_vời,1
thật_sự lừa_gạt đưa voucher r mất,0
đặt_hàng không nhận được hàng ship không gọi cuộc nào không có hình_ảnh đã giao mà hiển_thị đã giao như đúng rồi trả hàng hoàn tiền thì bắt liên_kết cái này cái kia,0
ngon lắm,1
Mắc cái giống gì sale cho đã rồi đặt xong toàn hoàn đơn về cho người bán không vậy ? ? ? ?,0
"ghét qc shoppe , ko có nhu_cầu vào shoppe khi coi qc😔",0
tôi thấy đặt_hàng thuận_tiện giao nhanh,1
"giao hàng lâu quá admin ơi , nhất_là đơn quốc_tế",0
tệ quá . khách_hàng mới có voucher mà k mua đc hàng,0
"giao hàng chậm , thông_báo thì nhiều , lúc_nào cũng thông_báo shoppe nghe phiền vl ra , nói_chung là như cái Iồn 👌👌👌",0
đồ 0₫ thật là rẻ,1
"làm_ăn đểu , huỷ đơn mất luôn cái voucher bảo vi_phạm cộng_đồng cái đ gì",0
không minh_bạch,0
Giao hàng đúng hẹn,1
tuyệt_vời á,1
The_Best app,1
không có hổ trợ khách_hàng,0
"m.n chú_ý trang mô_tả sp xem có phải tạo bằng AI ko nhé , kéo xuống cuối phần mô_tả xem phải ko nhé . Trang_AI tạo chỉ_số cái gì cũng cao cuối_cùng bấm trực_tiếp vào sp của shop ko dc như_vậy , như bịp .",0
tao không mua hàng của mày ok cút,0
Hàng kém chất_lượng,0
đặt_hàng xong shopee tự huỷ thế làm mất hàng,0
sử_dụng mã giảm cho đơn hàng mà shoppe huỷ đơn không cho đặt ... app lỏ,0
mắc quá,1
tuyệt_vời nha mua cx thoải_mái,1
gửi yêu_cầu hỗ_trợ trong app đã đăng_nhập mà_còn phải chụp cccd 2 mặt .,0
"Đặt_hàng cứ huỷ đơn của ngta , đặt đơn nào huỷ đơn đó , vậy thì 1 * nhé",0
Rất tốt . Ủng_hộ shop lần tới.Ok,1
tiện_ích & thân_thiện,1
nhân_viên giao hàng rất tệ,0
"áp_dụng voucher mà đặt_hàng không được nói lỗi này lỗi kia , làm tôi quá thất_vọng",0
"mua hàng thanh_toán thì nhanh lắm . nhưng thủ_tục hoàn_trả thì loàng ngoằng , mất thời_gian .",0
mở khoá cho t thk Tuất,0
"xạo l nha m.n đừng tải , kêu liên_kết ví shopee pay đc 35k xu mà t lm xong_xuôi hết được cái nịt nha , nv cũng mất_tiêu luôn",0
"sao gấp thú săn xu cứ làm tôi gấp hục , làm mất lượt gấp của tôi hơn 20 lượt gấp thú , mỗi lần gấp thú săn xu chỉ được 100 xu thôi mà cứ tưởng là được 100 triệu xu hay sao mà cứ làm_khó khăn người khác không cho gấp đủ số lượt cần gấp , bảo sao chỉ đánh_giá 1 sao thôi , shoppe làm_ăn riết rồi tệ_lậu cái_trò chơi nào củng gây khó_khăn cho người chơi làm trải_nghiệm không được thoải_mái , 10 lần như 1 không phải chỉ có 1 lần , nóng_giận đến nổi muốn đập luôn cái điện_thoại đang sử_dụng khi đang chơi",0
"Ai mới bắt_đầu thì đừng lo làm nhanh nha , lưu ' BKX JJG UW 7 ' trước rồi xem kỹ chương_trình ITR 30K yêu_cầu gì , hiểu rõ các bước rồi hãy thực_hiện .",1
"Mã ' BKX JJG UW 7 ' nhận ITR 30K nha mọi người , ai đang chuẩn_bị đăng_ký thì lưu lại trước cho khỏi quên , tới phần mã giới_thiệu nhớ nhập chính_xác rồi tiếp_tục hoàn_thành đầy_đủ các bước theo hướng_dẫn .",1
ko cho trả hàng lm ăn vớ_vẩn,0
"mới tạo acc thấy shoppe tặng cho người mới 80k cũng đặt lương_khô 87k thì còn 7k tới lúc thanh_toán đơn hàng thì để "" shoppe đã huỷ đơn hàng của bạn vì lừa_đảo "" trong khi đó thấy tặng 80k thì đặt về ăn thôi chứ lừa_đảo gì trời ? ?",0
"Shipper tự hoàn đơn trong khi tôi đã hẹn ngày khác , chán cách làm_ăn của app .",0
Tin_cậy,1
"làm_ăn kiểu j kbt , 4ngày rồi vẫn chưa giao . Nta cần với đặt k cần đặt lm del j , mà trễ mẹ rồi bh giao cũng lmj đc j",0
lỗi tùng lung tùng la🥰,0
"đặt_hàng khu_vực phù_ninh phú_thọ luôn bị_đơn vị vận_chuyển bom hàng không giao , luôn gọi cho khách_hàng báo em quên hàng của anh để mai em giao xong là huỷ với lý_do khách ko nhận",0
mình rất hài_lòng,1
giao hàng lần thứ 3 rồi đấy có cần nó tự huỷ ko mẹ tiền tao đấy t còn chưa nhận cuộc_gọi trong vòng 2 ngày rồi đấy,0
tôi liên_kết toàn khoản rồi nhx tài tài của tôi lại chả hiện nó liên_kết r mà giờ tôi lại ko thể đặt đc hàng bằng số của tôi nx cứ nói số đã tồn tài và tôi cx đã tìm_hiểu về trung_tâm hỗ_trợ nhx lại chả thấy liên_kết tôi liên_kết với tài_khoản chính nhx lại chả thấy giờ lại ko đặt đc hàng nx . Rất mong shopee xem hộ tôi vs,0
"Hãy ra_mắt tính_năng thanh_toán bằng "" Mã_QR tài_khoản ngân_hàng "" sẽ nhanh hơn so với việc tạo ví điện_tử rồi bị hạn_chế liên_kết ngân_hàng trong nước . Hiện_tại kênh thanh_toán toàn là quốc_tế rất khó liên_kết ngân_hàng trong nước .",1
phục_vụ tận_tâm,1
tại_sao mik ko đặt_hàng mà hàng vẫn giao tới ?,0
"theo tao đánh_giá này , bình_thường thì tao sẽ cho 5 sao như mấy bữa trước vì giao hàng nhanh và tốt , mà bữa_nay shipper giao hàng cho tao lúc 14:45 ngày 10 tháng 9 , lúc đó tao đang ngủ trưa , mẹ tao thấy shipper , mẹ tao gọi tao dậy , nói tao ai kêu mày kìa , tao ra thì thấy anh shipper , tao bảo anh như này , anh đợi em chút em lấy tiền , tao chạy lên tầng 3 lấy tiền , mà đên lúc xuống thì mẹ bảo anh shipper chạy xe đi rồi , khiến tao rất bức_xúc , nên tao cho đánh_giá này là không sai",0
LỪA_ĐẢO,0
trả hàng dễ_dàng hông mất phí rất ok,1
lúc đặt đồ 1k thì biến thành 79k,0
Làm_ăn lề_mề giao hàng lâu hơn dự_kiến mấy ngày đúng cái app thảm_hại,0
mua thì dễ khi trả hàng hoàn thì khó . cả một đội_ngũ shoppe mà hễ liên_hệ phản_hồi gì là nói chờ . 1 đến 2 ngày làm_việc có đơn hàng hoàn_trả mà cả 10 ngày nói hối vận_chuyển đến lấy hàng trả về cũng không hối . hứa hoài . trả lại tiền cũng không trả . tức mà không làm gì được có ai giống trường_hợp của tôi không,0
shopee không trả_lời được lí_do giao_dịch bất_thường . Tôi sử_dụng shopee nhiều năm rồi lần đầu gặp phải tình_trạng khó hiểu vậy .,0
20 ngày hàng mới về,0
"lag quá , đặc_biệt trồng cây gì gì đó",0
tức về cái quảng_cáo,0
Mua sam nhanh.nhiều lua chon.khuyến mai nhiều.freeship.Hoàn toàn trả đơn_giản,1
Tại_sao đặt_hàng không được v ạ ? Cứ bấm đặt là lỗi quài ko chịu đc . Rút xu về thì bị từ_chối là sao h mất hết xu r😡,0
Có khả_năng rất cao là ứng_dụng lừa_đảo vì tôi không liên_kết gì và tự_dưng nhắn_tin đòi tiền,0
mẹ chứ app như chó,0
"huỷ đơn k lý_do , huỷ 2 đơn r = ) )",0
dùng tốt,1
Hoàn đơn cực_kỳ khó_chịu vì không thấy ship đến lấy . Thủ_tục cực_kỳ lằng_nhằng và đơn hoàn app tự huỷ,0
ts k có shopee pay,0
đổi email mà gửi 10 lần ko thấy mã gửi về,0
nhân hàng nhân đến tận nhà,1
trả hàng ok,1
ko . áp mã đc,0
quảng_cáo nhiều vãi l,0
"Dịch_vụ bán hàng và giao hàng uy_tín , đáng tin_cậy . xử_lý các dịch_vụ khác nhanh gọn , tôn_trọng khách_hàng",1
"Tuyệt_vời ông mặt_trời , hihihihi",1
nhiều trang bán hàng k khớp giữa sp trên video với sp bán thực nên mất_công vào mua / mua rồi lại mất_công trả,1
"app kiếm gì cũng có , đồ rẻ chất_lượng thì không chắc vì tui chưa mua được đồ đắt tiền nhưng_mà voucher giảm_giá nhiều giao hàng nhanh 5 *",1
liên_kết với zalo gửi mã về bú tiền là giỏi tạo acc zalo thì 5k ko tạo thì ko có mã về sdt,0
tuyệt_vời với mua trực_tuyến,1
tại_sao mỗi lần tôi vào YouTube xem phim là toàn thấy quảng_cáo của shopee vậy tôi mong shopee không nên để nó quảng_cáo trên điện_thoại tôi như_vậy vì nó làm ảnh_hưởng đến những bộ phim mà tôi đang xem thật_sự nó đã làm_phiền đến tôi,0
"trải_nghiệm ngày_càng tệ , khoá tài_khoản , hỗ_trợ cứ bảo chờ , lập tài_khoản khác , muốn hỗ_trợ đổi số điện_thoại liên_kết sáng tài_khoản hiện_tại cũng báo chờ mình kiểm_tra xíu mà 20p không xong . Chẳng_lẽ phải đi làm sim sdt mới thì mới đăng_kí mua hàng được .",0
dm tự huỷ đơn của bố,0
9u,0
"Em không mua hàng giá thấp trên app ( biểu_tượng ) Shopee , không có được miễn_phí vận_chuyển với thành_viên VÀNG . NICK ( tài_khoản ) trên Shopee là tên khác . số điện_thoại đã đăng_ký với Shopee .",1
"Shopee ơi tự_nhiên k làm gì cũng quảng_cáo , đang làm gì cái nó qc lag hết cả máy , khó_chịu vô_cùng",0
quảng_cáo của shopee trên những ứng_dụng khác cực_kỳ phiền và khó tắt,0
êm nha có đơn 0 đồng nx,1
ok day cac bac,1
cũng tạm dc,1
Luôn tự_động vào Livestream khi mở ứng_dụng . cực_kỳ phiền_phức .,0
tự_dưng trừ tiền như đầu bồi,0
"Shopee dạo này khó liên_hệ được với bộ_phận CSKH , nhắn_tin bên mục CSKH ưu_tiên toàn Al trả_lời , tôi không hài_lòng với cách làm_việc của GHN , không trung_thực , đơn hoàn_trả do GHN giao , hoàn_trả hàng lỗi , nhân_viên GHN không đến lấy hàng mà trên app báo lấy hàng_không thành_công rồi phản_hồi lại khách_hàng không trả đơn đúng hẹn , cũng đơn đó tôi bấm hoàn_trả lần 2 cũng không thấy ai đến lấy đơn hoàn , mấy ngày rồi không thấy ai đến lấy cũng không gọi đt cho tôi 😡😡",0
mua đồ mà hay giao mấy thứ vớ_vẩn . hoàn_trả thì cứ yêu_cầu chụp với quay mãi rồi cuối_cùng đến chờ xác_nhận thì mãi không đc . yêu_cầu liên_kết hết thông_tin của mình rồi mà làm_đi_làm_lại cho đến khi mình chán rồi tự huỷ yêu_cầu luôn,0
shopee tự huỷ hàng đặt lý_do đơn hàng bất_thường tự huỷ xong rồi mất mã giảm_giá hên tui có lưu hình_ảnh lại thoát ra mất trang đặt_hàng đó không có gì làm_chứng,0
dm app lol lỗi hiển_thị làm tao mất tiền,0
"shoppe là nền_tảng mua_sắm tồi_tệ nhất , chuyên_gia khoá tài_khoản vĩnh_viễn một_cách vô_duyên vô_cớ , mỗi lần mua thì đòi xác_nhận số điện_thoại xong lại bảo giao_dịch bất_thường và tự_tiện huỷ đơn . tôi nghĩ mọi người nên chuyển sang mua_sắm trên sàn tiktok rất nhân_văn và tiện_lợi , giao hàng siêu nhanh . chúng_ta nên tẩy_chay shoppe",0
mua hàng nhanh ok,1
không cho lấy lại số điện_thoại xác_nhận đủ hết r khoá acc chịu,0
Quá đã,1
Ứng_dụng công_cụ 5 sao,1
trải ngiêm rốt tốt 👍,1
đặt lần nào cũng lâu với ghi đã nhận trong khi chưa nhận ngày giao dự_kiến thì qua 5 6 ngày rồi,0
cực_kì tệ,0
tự đi huỷ đơn của khách,0
xem phim kiếm tiền thật đấy,1
shopee làm_ăn lừa_đảo tố_cáo công_an,0
Ứ̶͚̈́n̷̪͌g̵̹̅ ̸̩̋d̸̨́ụ̷͉̈́n̶̤͂ḡ̵̱ ̴̱͗s̷͚̓ú̸̡̌c̶̦̈́ ̴͈̆v̵̺̆ậ̸̘̍ẗ̴̠ . ̷̙̈́Ứ̵̼͌n̶͇̊̇g̴̓̍ͅ ̶̘̫̈̋d̶̗̎̅ụ̶̦̣͑̈́ṉ̷͍͊̈g̵̗̗̀̚ ̶̤̽s̶̞͚̃̓ú̸̥̜̇͘ć̴̥ ̷̯̥́ṽ̴̤ậ̴̹̭͐̂t̸̞̔̌ . ̵̡̱͗͝Ứ̶͚̈́n̷̪͌g̵̹̅ ̸̩̋d̸̨́ụ̷͉̈́n̶̤͂ḡ̵̱ ̴̱͗s̷͚̓ú̸̡̌c̶̦̈́ ̴͈̆v̵̺̆ậ̸̘̍ẗ̴̠ . ̷̙̈́Ứ̶͚̈́n̷̪͌g̵̹̅ ̸̩̋d̸̨́ụ̷͉̈́n̶̤͂ḡ̵̱ ̴̱͗s̷͚̓ú̸̡̌c̶̦̈́ ̴͈̆v̵̺̆ậ̸̘̍ẗ̴̠ . ̷̙̈́Ứ̵̼͌n̶͇̊̇g̴̓̍ͅ ̶̘̫̈̋d̶̗̎̅ụ̶̦̣͑̈́ṉ̷͍͊̈g̵̗̗̀̚ ̶̤̽s̶̞͚̃̓ú̸̥̜̇͘ć̴̥ ̷̯̥́ṽ̴̤ậ̴̹̭͐̂t̸̞̔̌ . ̵̡̱͗͝Ứ̶͚̈́n̷̪͌g̵̹̅ ̸̩̋d̸̨́ụ̷͉̈́n̶̤͂ḡ̵̱ ̴̱͗s̷͚̓ú̸̡̌c̶̦̈́ ̴͈̆v̵̺̆ậ̸̘̍ẗ̴̠ . ̷̙̈́Ứ̵̼͌n̶͇̊̇g̴̓̍ͅ ̶̘̫̈̋d̶̗̎̅ụ̶̦̣͑̈́ṉ̷͍͊̈g̵̗̗̀̚ ̶̤̽s̶̃,0
sp sài mail ou tên_miền cũ mình không đăng_ký spv được,0
"app làm_ăn gì giao lâu hơn 10 ngày r chx có hàng , tư_vấn khách_hàng thì hẹn ngày_nay qua ngày khác",0
voucher ngon nha,1
shippe kiểu gì mà đặt đơn trước nó tự huỷ đặt đơn sau cũng nó cũng huỷ mà nó không giao đến mình,0
rất tốt nhưng vẫn phải trừ_bỏ những lũ lừa_đảo,1
gửi mã lâu,0
hoàn hàng thì còn shopi pay nó làm_khó,0
yêu_cầu trả hàng lí_do sp lỗi . gửi yêu_cầu 3 lần shoppe ko chấp_nhận .,0
"mấy năm qua mua các mặt_hàng trên shopee tử_tế đàng_hoàng , giờ tôi mua điện_thoại mới nên gỡ ứng_dụng shopee trên máy cũ và tải lại vào máy mới thì không cho đăng_nhập cứ báo F02 tài_khoản có dấu_hiệu bất_thường trong khi tôi không làm gì sai cả , mẹ tiên_sư nó chứ",0
hi_hi,1
1 sao vì mở lên auto vào video và tự chỉnh âm_lượng không đc phép .,0
shoppee xàm vl nha áp mã đơn 20k tự_nhiên bị huỷ xàm vc,0
"Bug khó_chịu : đặt_hàng có quà lúc đầu thanh_toán COD , huỷ đơn đặt lại để thanh_toán qua ngân_hàng , thì không cho chọn quà và báo lỗi "" Xin_lỗi , bạn chỉ có_thể mua tối_đa một sản_phẩm "" .",0
mua cái này giao cái khác không hiểu mấy shop làm_ăn kiểu gì,0
khám_phá,1
trà sữa thơm ngon kem béo ngậy,1
ước gì shoppe cho tôi thêm vocher tôi bị mất hết vocher r ạ cảm on shoppe,1
rất là hay,1
phần video chạy hoài khó_chịu vc,0
🙏🙏🙏,0
app như llll,1
ship hoả_tốc mà chậm như bò,0
không muốn làm_phiền,0
"Ứng_dụng quá phức_tạp , mua đồ_ăn mà tưởng đâu mua nhà ấy . Cắn thì đội_giá lên 2,3 lần để bắn voucher cho người mua khổ dâm săn từng cái . Thanh_toán + tạo tài_khoản đều tệ như nhau ở khâu làm_việc , thời_gian tạo tài_khoản + kẹt ở khâu thanh_toán đã ngốn tôi 1h rồi vẫn đếch xong 1 đơn tuyệt lắm",0
"làm gì cũng có voucher , mà tới khi mua thì không áp_dụng mã được , yêu_cầu xoá lỗi M 02 / D 02 đi , mua đồ thấy rẻ mà ấn vô xong cứ lỗi không mua đc gì hết",0
Mỗi lần vào là nhảy vô live với video rất nhức đầu và phiền_phức . T mua hàng hay lướt tiktok mà làm thế ? 1 sao,0
Giao hàng r lâu,0
"đã cho ít xu rồi còn hết hạn nữa càng_ngày_càng giảm mà vc đã lưu rồi còn có giới_hạn người dùng nữa , thế_mà chẳng nhắc người ta để biết chậm 1 tí là mất",0
Đặt_hàng cứ bị huỷ,0
Hàng_hoá đa_dạng . phong_phú,1
tỉ_lệ như đb nhưng Sài tốt,1
thu xe_ôm xe có,1
tự_động giảm loa điện_thoại xuống thấp ngay cả khi không chạy nền,0
đaq lướt tiktok bấm cái bay qua shopee rất nhìu lần nên vô cho 1 sao,0
đặt đồ ưng_ý,1
"làm_ăn vớ_vẩn giao đc 1 , 2 lần xg cứ huỷ",0
"rác vl t đặt mà app tự huỷ , huỷ cc t à",0
Nói_chung là cx ok nhưng có vài đơn giao ko đúng sản_phẩm và còn bị rất chậm đơn nữa,1
như c,0
niche,1
"tạo điều_kiện cho trung_gian quãng cáo sai sự_thật , lừa_đảo , điều hướng "" Ứng_dụng dung_túng cho vấn_nạn spam link Affiliate lừa_dối người dùng . Đi đâu cũng gặp link rác điều hướng giả_mạo gây ức_chế . Nếu Shopee không siết chặt quản_lý affiliate và chặn các shop thuê chạy quảng_cáo bẩn , người dùng sẽ đồng_loạt chuyển sang nền_tảng khác . """,0
Mid,0
cx oke,1
shoppee vô_duyên thúi . tối_ngày giao_dịch bất_thường . mua bên tiktok cho sướng,0
đơn_vị vận_chuyển không thèm giao hàng cho tôi luôn mà,0
"cho mã giảm_giá , sử_dụng mã cái bị khoá tài_khoản ? ủa alo",0
tự huỷ đơn,0
không đc trả hàng hoàn tiền,0
Ok.thêm một sao nữa là 06 nhé.thêm môt sao nữa là 07 . thêm 02 sao là 09 nhé.cộng 02 là 11 . +6 * = 17 nhé . +3 * = 20+2 * = 22 nhe . +3 * = 25*+4 * = 29*+6 * = 35 *,1
"người ta đặt này giao kia không , lâu_lâu app bị lỗi nữa đăng mặt_hàng này khi ngta đặt lại giao cái khác là sao",0
hỗ_trợ khách_hàng như không . ai_đời hỗ_trợ mà đưa con a.i ra nt với khách nó cứ tl chung_chung chẳng ra_gì,0
"dm app hay bị lỗi voucher vkl , cập_nhật địa_chỉ cx ko cho luôn",0
"trải_nghiệm đúng khinh khủng lần 1 còn chăn chức , lần thứ 2 thì không giao hàng mặc_dù đã cập đã giao thành_công tui bây_giờ đã mất đi niềm tin đặt_hàng vào ứng_dụng này thật_sự rất bực_bội , 1 sao",0
ấn đặt nhiều đơn cùng một lúc mà cứ nhảy sang đơn khác ? ? ?,0
đôi_khi cho free đồ thích ghê,1
dạ oke,1
hai_long,1
shopee lửa đảo vl,0
"giá_sàn đẩy ác , từ ngày đẩy lên t k mua nữa , thiệt người bán thiệt người mua , đúng tư_bản , còn mấy cái lỗi khác rất ngo , mở app là tự_động vào live lại còn giảm tiếng nữa , mua hnagf hay lỗi mã , xàm",0
"quá tệ , mua hàng nhiều thì khoá cả tài_khoản , chả hiểu kiểu j cày mãi mới lên bậc vàng để có tí voucher",0
mô,1
shipper bên app này quá tồi tôi sẽ chuyển sang đặt trên tiktok,0
Trải_nghiệm cực tệ,0
"giao hàng nhanh , thân_thiện",1
"tìm_kiếm cái này ra cái kia , không tìm được thứ cần tìm",0
đm mua déo trả hàng được shopee ghẻ,0
trc dùng OK h dùng cứ s s á,0
"Trải_nghiệm dịch_vụ mua_sắm khá tốt , chăm_sóc khách_hàng cũng rất tuyệt_vời",0
XIN PHÉP XOÁ APP App_TIẾP_TAY cho HÀNG GIẢ để kiếm lợi trung_gian ! ! ! Mình mất một đống tiền đặt trên SHOPPEE MAILL đều nhận về hàng giả ? ? ? Ấn hoàn hàng thì chính bên SHOPPEE huỷ yêu_cầu ? ! Liên_hệ bên CSKH không được ? ! Nước mình không thiếu app đặt_hàng để bị mất tiền oan như này tích _ cực,0
hàng rẻ nhiều ưu_đãi,1
đ * * có quần_áo một đồng,0
mãi ko mua được,0
tiện_lợi giá rẻ,1
đặt_hàng khi có voucher thì bị huỷ đơn hàng,0
"Shoppee mall xử_lý đơn hàng lỗi thật vớ_vẩn , hàng lỗi mà cố_tình tìm lý_do không cho trả hàng",0
nhu cut,0
dùng rất hài_lòng,1
quảng_cáo có voucher giảm_giá nhưng ko xài đc,0
đặt_hàng thì sao nhanh còn có săn sale 0đ 10điem,1
"tự_động hoàn hàng dù ko gọi , ko thông_báo ?",0
giao hàng lâu kinh_khủng đặt đồ giá rẻ thôi mà 5 hôm chưa đc nhận hàng,0
Theo tao thì mua hàng uy_tín ok giống hình và shipper thân_thiện và nên mua ai chê thì chắc do đen,1
tạo 2 tai khoản thì báo lỗi voucher thì ít nhập mã thì ko đc dùng chung sđt thì ko mua đc . tồi_tệ,0
"con chó shopee lừa_đảo hại người cho vâu chơ không cho dùng toàn tự huỷ đơn và khoá tài_khoản của khách_hàng con chó shopee ăn_cắp của khách_hàng kia ,",0
hơn tram nghìn ko to đâu nhung bên ship giao hàng ko đến tay người tiêu_dùng rồi đánh_giá là nhận dc rồi có phải là lua đảo ko,0
áp như lon ý thằng shipper còn giao nhầm địa_chỉ má cái đơn chờ mãi mà nó giao nhầm đc chứ,0
Tạm chấp_nhận,1
điều_chỉnh thay_đổi địa_chỉ không cho shipper qua bộ chăm_sóc khách_hàng nói_chuyện không vui 1sao,0
Thiết_kế giao_diện ngooo vậy luôn . Tìm_kiếm shop ko ra .,0
Quảng_cáo ngu,0
App tự thay_đổi âm_lượng hệ_thống khi mở lên cái mặc_định chiếu live mà không vào home ...,0
"Bỏ_Ra_Hơn 1 Tuần_Đợi 2 Đơn_Hàng , 1 Đơn_Hiển_Thị_Đã Nhận_Nhưng_Không_Thấy Hàng , 1 Đơn_Về_Lại_Tay Người Bán , Suốt 1 Tuần_Không_Có_Cuộc Gọi Nào !",0
shopee tự_ý huỷ đơn mà ko có lý_do . Trong khi đó lại giữ tiền đã tt 14 ngay,0
ok ... đơn rồi ko giau mà tự_ý huỷ đơn rồi nói giao hàng ko thành_công ..... giờ tôi đặc đơn khác .... shopee côi nhân_viên lại,1
bình_thường thôi có lúc cũng cay,1
cũng ổn khi sd mua hàng,1
trải_nghiệm cực tệ . bị huỷ đơn liên_tục mà ko có lý_do rõ_ràng,0
"app lỗi đặt_hàng báo không thành_công , sáng lại báo ra 7 đơn",0
"Rất bực_mình vì lúc_nào cũng bị dời lịch giao - hàng thì đến kho mấy ngày r vẫn del giao , hối cskh thì như ko , chat vs 1 con AI del có tác_dụng l j",0
"Mình thích shoppe vì có review trải_nghiệm của người dùng trước , đơn hàng có_thể theo_dõi được , nếu ko đúng hàng có_thể hoàn_trả hàng .",1
chịu cái shoppe,0
Shop gửi thiếu hàng yêu_cầu trả hàng thì ko qua lấy trong khi vẫn có ship giao những đơn hàng khác . Ép người dùng nhận hàng sai hàng thiếu,0
mua hàng áp_dụng splayter . hàng mặc không vừa hoàn_trả cho shop . được 4 5 ngày nhưng tiền vẫn chưa về mặc_dù trên hệ_thống ghi_nhận đã hoàn tiền . mà trong ap vẫn bị trừ tiền là sao . lừa_đảo hả . nếu không kiểm_tra lại chắc có_lẽ sẽ không biết . giờ vừa không có đơn hàng vừa_phải trả tiền cho splayter ...,0
n ko nó,0
"1 trãi nghiệm siêu tệ khi mua hàng và hoàn hàng shop bán đã nhận lại hàng , và đã nhắn là hệ_thống sẽ tự_động hoàn tiền nhưng shoppe đã bắt đợi hơn 6 ngày và tới h vẫn chưa có gì thay_đổi , đây sẽ là lần cuối mua hàng , k đc rút ngắn như tik tok shop",0
WWE raw materials wwewwwweewweeeee2wwwwwww là wwwww,0
giao thì chậm_trễ ko bt baoh ms đến,0
đume cho voucher như loz cọc vãi loz kêy làm này làm kia làm xong cx đell cho mua xong kiểm ra lại voucher để 1/9 đến 30/9 mới hết hạn nhma chx tới nx đã để hết hạn đell cho mua cọc vl ra mất thời_gian vãi,0
mất bà cái voucher 100k chỉ vì lỡ ấn huỷ đơn shoppe như gì ấyyy tiền_của t,0
"suốt ngày lag , làm nhiệm_vụ để tưới nước mà k nhận đc gì r thua luôn",0
sự_kiện như cl,0
tìm_kiếm trên shoppee bị cái gì mà ko ra v cứ ra mấy cái nhảm gì đâu ko,0
shopee food đặt hơn 1 tiếng chưa có huỷ thì ko đc đơn hàng thì cứ bị dời thời_gian giao,0
"lắm quảng_cáo , quảng_cáo lại còn dài lê_thê 😡",0
giao hàng mà nhiều người vậy báo từ_chối nhận tự_ý hoàn_trả đơn về không giao được thì mai giao mà làm gì tự hoàn về t đã hoàn về đâu tốn thời_gian của t app rác lừa_đảo giao hàng toàn mất đơn giao chậm gửi ảnh thì bị bóp nén dung_lượng nhệt nhạt chả ra gì gửi gì cũng vi_phạm đúng app lỏ rách mày theo_dõi tao đấy à tắt micro rồi tao nói_chuyện cũng đề_xuất tào_lao thấy mắc ghét,0
mới tạo acc lần đầu_tiên có mã thì dùng vừa đặc 1 cái bị khoá tài_khoản xàm vl thất_vọng vô_cùng,0
"đ hiểu lm ăn kiểu j ? giao hàng xong lại đưa về ng gửi là như nào ? đitcu lm t chờ 10 ngày đ chịu giao , đã thế đớp luôn mã giảm_giá đ chịu trả , bọn óc",0
Khách_hàng kim_cương lâu năm + thêm gói vip mà giá cao hơn tài_khoản thường .,0
ok 👍 app này đã sử_dụng để mua online nhiều nhất,1
"tôi không thích đề suất phương_thức thanh_toán đầu_tiên là ví trả sau hay shopee later , tôi không có nhu_cầu và dễ khiến người lớn_tuổi không biết về ví trả sau hay shopee later dùng và gây ra hậu_quả về tiền bạc.mong app thiết_lập thêm cài_đặt xoá phương_thức thanh_toán mà người dùng không có nhu_cầu .",0
cực tệ,0
app lỗi liên_kết ngân_hàng MB ko thành_công là sao vậy 🤨,0
có vài trăm xu mà coi live xong lưu r cũng không có trong phần_thưởng lắt xu r cũng k có luôn làm_ăn gì kì,0
"shipper tự_ý hoàn về , gọi lại để nhận hàng thì ko gọi được",0
tiếng thông_báo hơi to làm giật_mình,1
đèo mẹ đặt_hàng rồi coi lại đơn thì shoppe nó lại hoàn hàng vì nó cứ bảo là giao_dịch bất_thường đèo mẹ nó,0
"tôi dùng 1 tài_khoản / 1 điện_thoại , giờ bảo tài_khoản tôi bất_thường không cho tôi nhận xu xem live stream , tôi cũng không dùng công_cụ nhận xu khác ngoài điểm_danh , xem video và livetream",0
shoppe làm_ăn quá chán . đặt_hàng đến gần 1 tuần r vẫn chx thấy đâu . app như l,0
"mua trả sau 1th k tính phí lãi , áp mã đc giảm , đến khi trả thì lại trả số tiền gốc như lúc chưa sd mã giảm_giá . lại còn mất thêm 29k tiền j k biết .",0
tại s lại k cho tôi lấy lại số đth và tự_dưng khoá tk khi chưa lmj cả chỉ săn sale vài đơn 1đ 0đ thôi thế_mà bị khoá tk app tệ vô_cùng,0
"cần_thiết để mua hàng trên mạng , giá_thành hợp_lý .",1
"rất tốt giao hàng ko vấn_đề nhanh , shoppe ko vấn_đề cái gì cũng tốt .",1
shopee tuyệt_vời mãi yêu shopee,1
tự_ý huỷ đơn hàng vậy tạo sự_kiện ra để làm_gì,0
cải_thiện có bao h làm dell đâu mà cải tuất j🗿,0
có mã giảm_giá mà ko cho xài chỉ cs thể 1s,0
1 sao ko có nhưng,0
ngon tao yêu shopee,1
xài rất okk,1
van con nhiều cua hàng bán giá nien iet mot kiểu qc mot đăng,1
Rất tốt .,1
tuyển đc mấy thằng ship giao hàng tệ đơn đã thanh_toán ship k ship còn tự huỷ lm ăn bát_nháo,0
bị shoppe tự_ý huỷ hàng nhiều lần,0
k khác j trash,0
tốt lắm,1
cảm_thấy hối_hận khi tải app về ko hiểu thằng tạo app có ó * hay ko tạo ra cái app vô_duyên vcl,0
bà mẹ spam quảng_cáo app phiền vãi pịa,0
hỏi là trả_lời ngay nhanh 1 giây tốt nhất mua hàng thì mua trên shopee còn mua trên livestream tik tok mochi shopee,1
tiền hoàn về báo đã thành_công nhưng sao ngân_hàng chưa ghi_nhận ? chiếm_dụng vốn hay lừa_đảo à ?,0
"shipper có bị đớ kh , tự_ý huỷ đơn với lí_do kh gọi dc , trong khi đấy làm gì có gọi cho ngt . hotline khiếu_nại kh thèm để , kh liên_lạc được với bên vận_chuyển , tồn hàng chục hôm kh giao . bọn nhân_viên dịch_vụ thì liên_lạc chục lần cũng chỉ biết xin_lỗi chứ đ biết làm cái l gì , đ có một cái tác_dụng gì nó ra_hồn nhân_viên hỗ_trợ tự huỷ kết_nối ạ , không đền_bù gì mà tự huỷ , có thấy hèn kh",0
I Love shoppe ❤️,1
2-3 ngày_nay tự_động mở video khi tôi vào app .,0
"đăng_nhập tknh siêu khó , đã nhập mã OTP r cứ phải nhập lại nx k đc",0
tạo tài_khoản không được 1 sao là vừa,0
quáng cáo cc,0
"mới bị trừ 119 k , cay vcl",0
"Tệ , tệ cực_kì , mua hàng mất hàng , yêu_cầu hoàn tiền đến chục ngày chưa được giải_quyết",0
shoppe lỏ,0
"má shoppe như lon đặt 2 đơn tự_ý hoàn về người bán đm thế_mà bên trung_tâm hỗ_trợ nó nói giao và thối thúc hôm_nay để đơn hàng về kho lon má thiệt , liên_hệ bên nhân_viên nó cũng nói giải_quyết cho , 2 ngày rồi nó giải_quyết chưa xong nữa gọi ko biết_bao_nhiêu cuộc , có nhân_viên hỗ_trợ cũng như_không , lm muốn chửi hề , t mà đặt lại lại đơn khác ko giao nữa t báo_cáo xoá app , lm ăn mà mih tức muốn chửi hề",0
"Luôn đưa vào tab Live & Video khi mới vào app khá khó_chịu . Thêm vào đó các sản_phẩm trên trang_chủ khi ấn vào đều xuất_hiện dưới dạng video dễ gây lag và phần_lớn các video đều làm từ AI không phản_ánh được hiện_thực của sản_phẩm . App_Shopee hiện_tại dùng rất lag , chậm và không thoải_mái .",0
đơn hàng của tôi mua bằng voucher giảm_giá 60k dành cho người mới bị shopee tự huỷ khi chưa có sự cho_phép của tôi với lý_do rằng đơn hàng có hành_vi giao_dịch bất_hợp_pháp,0
Rồi mắc chi cho cái voucher 80k xong ko cho đặt_hàng v cha tích _ cực ),0
tôi đã trãi nghiệm.khi giao hàng ko đúng và giao hàng lỗi đổi hàng kéo_dài . có shop làm_ăn đàng hoàn nhanh gọn,0
trải_nghiệm rất tệ,0
nên chọn mua hàng trên nền_tảng này vừa tiện_lợi và rất OK nhà cả nhà 👍👍👍,1
shopee,1
"Mua shopee vip để có thêm voucher , đến khi áp voucher sử_dụng thì bị gõ giao_dịch bất_thường dù chỉ mua duy_nhất một sản_phẩm chứ không phải mua số_lượng lớn . Tự mình tạo ra voucher để bán shopee vip , để rồi khi săn được mã giảm sâu thì huỷ đơn hàng do mua đồ được giảm quá nhiều . Hỗ_trợ thì chỉ có con bot lập_trình sẵn chẳng giải_quyết được gì . Tóm_lại ứng_dụng rác_rưởi",0
shopee cái gì cũng chậm hay lỗi chán thiệt,0
Cái thứ làm_ăn mất_dạy . spam khắp_nơi . tao và những người xung_quanh tao không bao_giờ mua của bọn súc_sinh này thêm 1k nào,0
giao trả hàng nhanh_chóng tiện_lợi,1
tốt ..,1
Good luck,1
"Nhiều lần mua phải hàng giả , hàng kém chất_lượng trên shopee.Đã gởi báo_cáo shop nhưng quản_lý shopee vẫn để những shop bán hàng giả tồn_tại gây bức_xúc cho khách . Hôm_nay 8/9/2026 . Lại mua phải đơn hàng đểu.Bấm hoàng hoàng gần 10 ngày ko có người đến lấy , còn báo láo là lấy hàng không thành công.Gọi tổng_đài thì hẹn 5 lần 7 lượt xong làm ngơ.Bức xúc vô cùng.Từ nay cạch , ko bao_giờ mua hàng .",0
acrospean king legacy,1
nhập số điện_thoại thì cứ thông_báo lỗi tự_ý huỷ hàng shipper thì giao nhầm hàng kh chịu lấy lại gửi hàng lại thì kh nhận mua 2 cái thì ship đúng 1 rất tốn tiền làm_ăn vô_lí,0
"👉 Nền_tảng shopee bây_giờ rất ok , ... và giao hàng rất đúng hẹn , .... bảo_quản hàng_hoá ok , ... nên tin_dùng .....",1
lúc_nào cũng có quảng_cáo hết từ TikTok tới YouTube,0
quảng_cáo lâu bỏ_mẹ,0
"tiện_lợi , rất hài_lòng",1
"app del j vậy mới tạo tk dc vé giảm đặt xong r shop tự huỷ đơn , thế từ đầu cho vé giảm lmj xong lại huỷ , lm ngta mừng_hụt ?",0
"mấy ông ship ở food rất nhiều người khó hiểu nha , mình đặt rõ địa_chỉ vào tận cổng nhà rồi , mấy ông đấy ko hiểu sao cứ thích lấy cớ là "" phải lên dốc , xe_điện khó lên , nhà khó tìm rồi sợ app phạt bla bla "" mấy lần chứ chả phải 1 lần , mỗi lần 1 ông khác nhau để mà xin thêm tí tiền "" hỗ_trợ "" , đùa chứ ; ) ) ) ) ) t nói lại thì lườm t mong shoppe training lại nhân_viên giùm cái , đi làm mà thái_độ như sắp nhảy lên đầu khách",0
hay🍀🥰🥰🥰,1
"mua hàng trên shopee từ 2/9 mà chưa giao , đến 7/9 thì bảo huỷ hàng và ko hoàn mã , tự huỷ xong ko cho hoàn mã luôn , 1 sao là vừa",0
"Mua hàng ở shopee giá rẻ và được miễn ship , mua gì cũng có.Nhân viên hổ trợ nhiệt_tình .",1
con chó shope làm_ăn vớ vẫn vừa đăng_nhập mà bị lỗi,0
xứng_đáng,1
đang chơi cữ thông_báo khó_chịu vcl🤬,0
Nếu các voucher và mã giảm_giá của shopee đều dễ xài như shopee voucher và shopee xu thì tuyệt . Mong sớm có sự điều_chỉnh . Cám_ơn,1
shopee oki và hài_lòng,1
shoppee bán đồ cũng ok lắm,1
nên tải,1
giao sai hàng ko đåm båo,0
"mua đèn nhưng giao dây đeo túi , hoàn tiền qua shopee pay khi dùng lại làm_khó , đòi_hỏi phải liên_kết với ngân_hàng hoặc xác_minh sinh trắc , quá phiền_phức",0
Yêu thích,1
shopee làm_ăn như c tích xu để giảm_giá rồi xoá tài_khoản luôn,0
"Tiêu_dùng kẹt vô đúng trang tên mình , nói_chung phí khoảng tô bún nói thật app rất hữu_ích khi đặt_hàng những thứ bản_thân cần , nhưng quảng_cáo tràn_lan đầy trên mọi ứng_dụng , hết 10 wed thì 10 wed có quảng_cáo shopi rồi . ngay cả wed đen cx không tha🥰",1
hoàn hàng vô_lý mất hơn 300k mà không dùng được hàng kêu do sóng ở địa_phương nhưng do sóng mà không dùng được thì lại mất oan tiền,0
thời_điểm này tôi thấy shopee rất tốt . chăm_sóc khách_hàng tốt . mấy năm trước tệ hơn rất nhiều . quan_điểm mình rõ_ràng,1
"Yêu_cầu cập_nhật phương_thức vận_chuyển có thêm Phường Trung_An , Đồng_Tháp . Tôi muốn mua pin để thay điện_thoại mà hệ_thống ko hỗ_trợ chỗ tôi ở . Cảm_ơn đội_ngũ hỗ_trợ , tôi đã đặt_hàng được .",1
"Giao chậm , đơn mắc ở kho sài đồng thì thời_gian nhận tính theo tuần , đơn nào cũng vậy chắc rời bỏ mua hàng trên sàn . Khiếu_nại thì gặp con AI ko giải_quyết được gì . Chất_lượng dịch_vụ càng_ngày_càng tệ",0
ứng_dụng tốt ko ưng hoạt lỗi hoàn_trả dễ_dàng .,1
"cskh cuc ki te hai , lua dao nguoi dung",0
dùng mã của shopee mà_lại bị huỷ với lí_do giao_dịch bất_thường ?,0
ngươi giao hàng rất nhiêt tình và cẩn thân hàng_hoá,1
sản_phẩm đa_dạng . dịch_vụ tốt . nhiều ưu_đãi hấp_dẫn,1
làm một con bot ai vô_dụng bực_mình khi hàng giao chậm mà con bot ai thì ko làm đc gì . bịp_bợm,0
"tự_nhiên không bom hàng mà nó khoá k cho đặt_hàng , shoppe bị gì vậy",0
Shipper không giao hàng Hàng trả cũng không lấy Phản_ánh lên tổng_đài cũng không được giải_quyết Làm_ăn riết thấy nó chán .,0
khá ngon,1
Rất hữu_ích .,1
bat buoc shopee onlai vantay online danh_gia,1
"Ủa sao bảo back xu mà có back 42k xu vậy . Shope giải_thích sao đây , toàn ko muốn cho người dùng sử_dụng xu vậy . Để nó hết hạn mất thì làm_sao . Trời_ơi là trờ nên kéo cả dòng_họ đánh_giá 1 sao mất thôi . Đến hôm_nay ngày thứ 3 rồi vẫn chưa back nổi 100k xu nói gì là back 800k xu hả trời . Shope làm_ăn chán quá , nên cải_thiện chức_năng áp xu max 1triệu xu đi để dễ gia_hạn hơn . Quá mệt_mỏi r .",0
rút xu r ăn luôn à,0
"Má bị lừa , mất tiền oan , app quá mất_dạy",0
tự_động huy đơn hàng,0
"Ai đang chuẩn_bị làm thì copy sẵn ' BKX JJG UW 7 ' nha , có chương_trình ITR 30K để tìm_hiểu , tới đúng phần yêu_cầu mã thì nhập vào và nhớ hoàn_thành những bước cần_thiết .",1
mua svip mà làm như bố_thí ko bằng,0
ko có chế_độ tối,1
rất tuyệt_vời ❤️❤️❤️,1
đặt_hàng khó,0
chúng m rẻ rách đến mức lm đủ trò để kéo ng tải apppp à,0
mik đặt đơn hàng khác nó về nó gửi cho mik đơn khác xong mik bảo hoàn tiền thì nó bảo đơn hàng của bn ko đứng với những gì mua ? ? ? ?,0
giá hiện một đằng giá mua một nẻo . lừa_đảo,0
nhanh gọn,1
quảng_cáo lây qua các ứng_dụng khác lun á tr bộ rảnh lắm ha j á,0
chưa đăng_ký tài_khoản bằng sđt này bao_giờ nhưng app vẫn báo đã có tài_khoản đã sử_dụng sđt rồi .,0
"Đm , quảng_cáo tùm_lum , tự nhảy tùm_lum . Đang mở wed học bài mà nhảy qua shopee . thật bực_mình 🤬🤬🤬🤬🤬🤬😡😡😡😡",0
"Shiper chưa gọi mà tự hoàn_trả 4-5 đơn liền , shoppe kêu tặng xu mà ko tặng Có mấy đơn săn sale quá_trời Sao ko thấy làm_gì",0
Quảng_cáo như quần què lâu như chó vô app miết,0
hay phết,1
mua hàng ở đây cũng hay tồi_tệ nhất cài_đặt ứng_dụng rồi thì Quá phiền vì xen Quảng_cáo,0
ad commercialad commercial,1
đoen giao chậm ko đúng hạn,0
"Tôi đã mua đồ trên shopee rất nhiu.Cam thấy rất tốt.Nhung gần đây công_nghệ AL phát_triển mạnh , nên nhìu sop lợi_dụng để đăng video sai sự_thật so với sản_phẩm cần bán . Cụ_thể là dùng video sản_phẩm giống với sản_phẩm cần bán để đăng , nhưng khi bấm vào link để mua hàng thì ứng_dụng hiện lên san phẩm khác , nếu so ý không xem_lại bấm đặc hàng thì gửi về Sài sản_phẩm cần mua.Nhung sop gửi thì dung sản_phẩm đặc hàng . Shopee nên xem_lại , tránh phiền_phức cho khách_hàng nhé",1
app tiện_ích nhưng cái quảng_cáo thật khó_chịu,0
"ủa tr t đặt_hàng xg đợi mấy ngày cái tự_động huỷ đơn t ? ? ý là t chưa hề bom hay lmj luôn ấy , với cả t là khách mới t đặt đồ đc giá hời , r con chăm_sóc khách_hàng nó kêu t đặt lại như_chơi v đó , chán k , làm_ăn hãm",0
shipper chỉ liên_hệ đúng 1 lần xong đi hoàn_trả hàng về mà mình không_thể liên_hệ lại được nữa . hàng giao lâu,0
như bịa,0
mong là shopee có_thể đổi bàn_phím bảo_mật ví shopee bay lại sử_dụng bàn_phím mặc_định của điện_thoại bàn_phím bảo_mật của shopee khó sử_dụng ạ .,1
"tự_ý huỷ đơn , mặc_dù mới đặt lần đầu ?",0
bớt quảng_cáo lại đi,0
đặt_hàng mua sắp tốt nha mấy tình iu,1
tuyệt_vời khi mua sản_phẩm của shopee,1
spx giao hàng quá lâu về đến tận kho cách nhà 1km mà hơn 2 ngày chưa thèm đi giao,0
lạm_dụng quảng_cáo bực_bội . một lũ bẩn thiểu đúng là china,0
một_số sản_phẩm rất kém,1
quảng_cáo láo,0
ko có vocher,0
Đc đồ rẻ,1
"Quảng_cáo nhiều , phiền vl đi đâu cũng gặp",0
"shopee làm_ăn quá dở , yêu_cầu trả hàng thì kêu lí_do không đáng . Quá tệ . Có 0 sao thì vote 0 sao luôn chứ quá thất_vọng",0
mua hàng thì shiper tự_ý huỷ đơn còn đánh_giá sp thì lại không cho xu mặc_dù ghi đánh_giá cho xu 😡,0
"má , quảng_cáo quảng_cáo như l , app như c , mẹ bớt quảng_cáo dùm t cái , 1 ngày t thấy quảng_cáo đó hơn 100 lần r đó , cl",0
xoá đi cài lại vẫn lỗi cứ bắt cập_nhật ứng_dụng chả hiểu gì,0
"Tôi mua sản_phẩm máy_khoan giá hơn 3 triệu đồng với mã sản_phẩm là mã cao nhưng shop đó bán cho tôi mã thấp , rẻ_tiền hơn công_năng ít hơn ( Tôi có trao_đổi với shop và shop thừa_nhận gửi sai , nhưng không đồng_ý trả tiền hay bù tiền chênh và tôi không_thể hoàn hàng ) Tôi báo_cáo thì shopee nói shop không vi_phạm , mặc_dù tôi có đủ bằng_chứng ( Tôi là một thành_viên vàng lâu năm của Shoppe và sắp_sửa đạt mức kim_cương sau vụ này tôi xoá app không khuyên mọi người cạch shopee )",0
như lol,0
tự_động gia_hạn mà không hỏi,0
giá rẻ 😮‍💨,1
hang nhu dai tao,0
toota,1
"ê t nói tht nhá ship lâu vch đặt 1 tuần k thấy đâu , đon đầu thì bị huỷ vì ship nhầm ? dc mỗi cái vcher 15 k ? ? ? r là ship nhanh hả - ) ) app lại còn lag , lỏ đell chịu dc",0
nhận được hàng chuẩn đẹp giống như quảng_cáo,1
⁹ 7,1
cx tạm cho 4 sao,1
Vy lộ nữ,1
d làm cho bạn q làm cho .,0
ứng_dụng này giúp mình tiện_lợi mua_sắm thuận_tiện,1
Sàn thương_mại_điện_tử có độ tin_cậy khá cao . Sàn thương_mại vẫn nên cần chú_ý sàng_lọc những shop bán hàng kém chất_lượng trà_trộn làm mất niềm tin người tiêu_dùng,1
đặt cái gì cũng không đặt được nữa,0
đơn_vị bán hàng nói shopee bán thông_tin khách_hàng,0
má đặt_hàng hoả_tốc ghi 4h nhận hàng rồi qua giờ trả cái voucher 20k . ghi 4h cho vui thôi chứ 2 ngày nhận hàng được như bình_thường quá,0
Quá tệ trả hàng mà không thấy nhân_viên tới lấy thua TikTok xa,0
"trả thì trên app và shipper lấy hàng không khớp , trả hàng không được mà_còn mất hàng , không ai giải_quyết shoppe chỉ để hoàn tiền là cho có thôi nhé không bằng mua bên tiktok giải_quyết rất nhanh_chóng , lừa_đảo lừa_gạt , thành_viên kim_cương chứ cũng chẳng được gì , tư_vấn toàn chất với AI bị vấn_đề thì chẳng ai giải_quyết sau_này sẽ cân_nhắc không mua hàng ở shopee nữa chuyển qua tiktok",0
"Ứng_dụng rất hữu_ích , nhưng nhiều người bán hàng giả hàng kém chất_lượng trên shop không ai quản_lý . khiếu_nại shopee không trực_tiếp xử_lý mà đùn_đẩy cho shop bán hàng . shop bán hàng đã chủ_trương lừa khách thì không bao_giờ hoi giải_quyết .",0
mua hàng bị huỷ đơn,0
"mình lập acc mới vs vc 80 k , sau đó spe huỷ đơn hàng của mình với lí_do giao_dịch bất thuờg và k hoàn lại mình vc 80 k , từ nay mình sẽ k baoh dùng spe nữa",0
tối hơn r và shopee có xu kiếm cxg dễ nói_chung là ngon,1
nguên tam đoàn lưa đảo mua hàng lổi bên no k cho tra hang moi ngupi cân ne qua thang quan que shopy nay ra nha,0
cứ tự huỷ đơn hàng shopping như L,0
"bực_mình thật_sự , đặt_hàng mà hàng chưa vào tay mà trên hệ_thống thông_báo là đã giao hàng thành_công . khiếu_nại lẫn liên_hệ với cskh đều ko ai giải_quyết , thế_là mất luôn đơn hàng",0
cực_kỳ tiện_lợi,1
"phiền , bán đồ đểu trả hàng k được",0
"trả hàng khó_khăn , yêu_cầu video quay lúc nhận hàng , ai mua hàng mà muốn trả hàng đâu , không có video thì nói khiếu_nại ko hợp_lệ , tiktok nay thuận_tiện hơn nhiều .",0
mình mua hàng trên shoppe k à . trả hàng dể dàng . xử_lý nhanh chống . giá rẻ mình rất thích shoppe,1
giao hang nhanh nha,1
bảo cho mã 80k cavs kiểu cho ng mới mà đặt xong nó huỷ nó bảo giao_dịch bất_thường ... 💔 0sao mới đúg nói chug dạo nì shoppee rất tệ luon,0
chưa đánh_giá nhưng làm_ăn như cái lìn . quần bé tí không mặc được còn hỏng nơ cũng không cho trả,0
súc_sinh bắt người khác khổ,0
"khuyên các bạn đừng mua hàng bên shoppe , mua hàng xong lỡ không biết sử_dụng hoặc hàng bị trục_trặc thì shoppe không cho , hoàn hàng và tìm lý_do không hoàn tiền , vừa mất tiền và vừa mất hàng",0
sản_phẩm tương_đối tốt,1
"Có nhiều cải_tiến mới , tốt hơn 👍👍👍😍okie",1
shop rẻ nhất nhiều thử để mùa miền phí vận_chuyển,1
tốt dùng để mua hàng đc,1
"cứ mở lên là tự_động vào live , ko có cách tắt , hãm nhất_là nó sẽ tự_động giảm âm_lượng của hệ_thống",0
chịu,0
đc nhưng tiền ship cao quá,1
má cái Shopee lm mất cái tgg 100k t ms săn đc giải_thích đi💢💢💢💢💢,0
giao hàng chậm 7 ngày mới tới Hà_Nội thì 3 ngày là tới Bến_Tre Huế 7-8 ngày mới tới Bến_Tre cách làm_việc của shopee mình ko thích 😡😡😡👎,0
Chat luong tot gia rẻ . San pham hoan thien tốt san pham su dung ben dep tot . Sẽ quay lại mua tiep.shop nhiet tinh tư_vấn,1
"Quảng_cáo lắm , 1 clip 3 tiếng thôi nhưng 23 quảng_cáo shopper nhảy vào , quảng_cáo thì bắt chờ 7s 8s vô_tình ấn vào là chuyển thẳng sang ứng_dụng phiền vl , chặn hết quảng_cáo này thì quảng_cáo khác lại nhảy vào . cái shopper mất_dạy",0
"Làm khó_dễ người mua / người bán , cứ nghĩ mình là app mua_sắm duy_nhất hay gì ? Shopee chính_thức mất 1 fan Thành_Viên Kim_Cương ủng_hộ mình từ những ngày đầu nhé . Bye !",0
trải_nghiệm mua hàng shoppe rất thích,1
lên mã mà ko cho mn lưu thì lên lmj ? ? ? ?,0
"lừa_đảo , truyền_thông cho lắm xong cuối_cùng tung mã ảo",0
hửu ích cho mấy người lười như tôi giao hàng nhanh tận cửa đúng là shipper có_tâm,1
ôi trời AI shopee đỉnh đổi số điện_thoại dễ hơn rồi không cần điện lên tổng_đài làm nhiều việc rờm rà như trước nữa 🥰,1
Phí_VC rât ok .,1
"mua hàng thì toàn lỗi ko ap dụng đc mã , lại còn các dịch_vụ hỗ_trợ làm j cũng báo lỗi",0
kim_cương . mua mắc hơn bạc kaka,1
Cập_nhật trạng_thái hàng sai,0
"Có mã 60 cho đơn hàng đầu_tiên , đặt_hàng nhưng shop không giao làm đơn hàng bị huỷ và voucher cũng không được hoàn lại , mất luôn cái voucher đó , liên_hệ bên cskh cũng không giải_quyết được",0
"có_thể xoá ứng_dụng luôn cũng được vì ở bất_cứ quảng_cáo youtube , gg , ... nào cũng có_thể dẫn bạn đến web 🤦 xoá đi vừa trống thêm chút bộ_nhớ",1
đặt_hàng toàn giao không đúng lúc . chưa nhận được hàng đã kêu người nhận đã nhận được,0
hàng fake,0
"tự huỷ đơn , mất voucher",0
Qua xam lon làm phiền không lm scan gi,0
shoppee khá là tuyệt_vời ấy mà mong shopee kiểm_tra và duyệt mấy nick bán hàng lừa_đảo ạ,1
mua_sắm tuyệt_vời,1
chậm lag,0
quảng_cáo còn bắt bụôc kêu ấn vô ấn vô đã văng game vô_lại nói thật quảng_cáo ít thôi,0
"dùng voucher để mua hàng , người bán gửi hàng ko đúng hẹn , r j mà lý_do này lý_do kia , shoppe tự huỷ đơn , r báo lên trung_tâm trợ_giúp thì nói ko hoàn voucher đc , thành_ra mất voucher ? khác j ko muốn cho ngta dùng voucher ko , cần có giải_pháp giải_quyết vấn_đề này",0
Coi live để tích xu mà tháng này xuất_hiện ít trong khi tháng trc lướt tới đâu có xu để tích tới đó . Làm_ơn cho xuất_hiện xu nhiều hơn đi,0
suwoe iz djd,1
z c . a y pl ll . 6 j . lx x 8 m o,0
Trả hàng nó hành cho ra bã,0
giảm cho cho t tất_cả đồ 1k đi toàn đồ đắt,0
trải_nghiệm tệ,0
ráy vui,1
mua hàng hoàn tiền phiền_phức,0
"cskh quá tệ , đơn hàng trả đã hơn 1 tuần , quá thời_hạn cuối hoàn tiền mà vẫn không hoàn , chat yc hỗ_trợ mà toàn tin nhắn tự_động , nhắm mấy lần cũng không có động_tĩnh thay_đổi . cskh tệ kinh_khủng , học_hỏi tiktok nhé",0
tôi mua hàng shopee,1
1sao quá nhiều lỗi vặt,0
"Đang bực_dọc , thích thì cho",0
app gì đâu mà mua hàng bị huỷ hoài chịu app,0
làm phiên ngươi khác,0
dất hay😀,1
"Đơn hàng của tôi bị shipper giao nhầm nhà và tôi đã báo_cáo lên tổng_đài chăm_sóc khách_hàng , và tất_nhiên là mọi chuyện KHÔNG ĐƯỢC GIẢI_QUYẾT . Có tổng_đài cũng như_không , không một nhân_viên người thật nào chat với tôi để giải_quyết vấn_đề , toàn là tin nhắn tự_động của AI . Tôi cảm_thấy có cái mục ĐÃ NHẬN ĐƯỢC ĐƠN HÀNG / HOÀN ĐƠN cũng như_không , không có tác_dụng gì hết , như tôi không nhận được đơn hàng của mình thì đánh vào mục nào ? ? ? ? ? ? ? App_XỨNG_ĐÁNG nhận 1 sao nhé !",0
Được trả đổi hàng thoải_mái,1
tạo acc đc đơn 0k,1
không đặt_hàng được🥰 khóc,0
gool,1
"Tao chịu ấy xác_thực shoppe pay cả chục lần , lần nào tới bước xác_thực sdt xong thì tb xác_thực thất_bại , do bảo_mật ? ? ? ?",0
đặc đồ siếp bơ ko gọi nhưng dơn hàng tự hoàn về đã rập nhiều lần và cho đánh_giá 1sao,0
rất là hay miễn_phí vận_chuyển,1
một trải_nghiệm tuyệt_vời,1
"đặt đồ mà cứ đổi ngày hoài ko bt nào mới về , thức vọng về app mong sẽ ko có bị nữa",0
ứng_dụng rác quảng_cáo làm người dùng rất khó_chịu xác_minh sdt thì dell dc số của mình mà không được ứng_dụng rác mọi người đừng dùng nữa nhìn thấy là tức t mà biết trụ_sở nó chỗ nào tao tạt sơn với mắm_tôm cho chet me may luon và điều gì quan trong nhắc lại ba lần ứng_dụng rác ứng_dụng rác ứng_dụng rác Quảng_cáo lol quảng_cáo lol quảng_cáo lol,0
"mở ứng_dụng xem trạng_thái đơn hàng nhưng lại hiện ngay video , lặp_đi_lặp_lại ko thể_nào tắt được",0
tốt nhiều đồ mình rất thích 🥰🥰🥰,1
"Đa_dạng sản_phẩm , phù_hợp với thị_hiếu tiêu_dùng .",1
quản cáo lắm dạo này ế quá nên vậy à ! ! ! phiền_toái,0
Lâu_lâu cho giảm_giá 80% là OK,1
đặt_hàng giao đúng hẹn,1
quá ok tiện_lợi,1
"Ap quá tệ hơn lúc trước ,",0
ship quá chậm,0
tuyệt_vời rất poak,1
"Giao hàng 2-3 lần , lần nào cũng không thành_công . Không có cách nào để liên_lạc với đơn_vị vận_chuyển . CSKH là 1 con AI không làm được gì ngoài trả_lời thông_tin của đơn hàng",0
trải_nghiệm shoppe food quá tệ,0
"qz b ch mb ” 87 🍒 ) ) 7 ) ( ) ) 8 ± + + + ? # 42 ) ! d "" q",0
"Shopee food : mua deal trừ tiền lập_tức , lúc sử_dụng deal để mua đồ_ăn thì làm khó_dễ , bắt xác_nhận sđt 2 lần các kiểu ?",0
đánh_giá nhiều cho xu ít quá nha sử_dụng lâu ko có cho vocher nào ngon hết,1
". Lần giao hàng nay cũng trở_ngại như 30 lần trước , tên giao hàng cố_tình không muốn giao hàng nên dù đã 2 năm biết khoảng giờ tôi có ở nhà , dù tôi đã nhắc 30 lần , dù đã ghi giờ chổ địa_chỉ nhưng nó vẫn 30 lần cố_tình giao ngoài giờ đã biết , nó lại còn bảo tôi đừng đặt_hàng Shopee nữa , tôi đã nhiều lần báo cho Shopee , nhưng Shopee không làm gì được nó .",0
rất tốt được giảm_giá nhiều,1
"shopspee thay_đổi quy_trình trả hàng hoàn tiền , yêu_cầu nhiều bằng_chứng trong khi kiện hàng được quay video khi mở rất rõ_ràng . gây khó_khăn cho người mua k trả được hàng",0
"ô7Chào mừng bạn đến với bảng nhớ tạm của Gboard , bất_kỳ văn_bản nào bạn sao_chép sẽ được lưu tại đây .",1
xu ít,0
shopee tự_ý huỷ đơn vì vấn_đề vận_chuyển trong khi người mua chưa nhận được cuộc_gọi giao hàng nào ? R h phải mua lại sản_phẩm với giá gốc k hề có ưu_đãi cùng mất thời_gian ?,0
hay rất hay,1
chả ra cgi,0
mình khiếu_nại trả hàng mấy ngày ko thấy ai gọi lấy hàng shopee im_lặng luôn,0
"Mình đã mua hàng trên Shopee khá nhiều lần và nhìn_chung cảm_thấy trải_nghiệm mua_sắm rất tốt . Điều mình thích nhất là Shopee có rất nhiều sản_phẩm khác nhau , từ đồ_dùng học_tập , đồ gia_dụng , phụ_kiện , quần_áo cho đến những món đồ nhỏ nhỏ phục_vụ sở_thích cá_nhân . Mình gần như có_thể tìm được thứ mình cần mà không phải đi nhiều cửa_hàng khác nhau . Phần tìm_kiếm và phân_loại sản_phẩm cũng khá tiện , có_thể lọc theo mức giá , đánh_giá , số_lượng đã bán hoặc lựa_chọn shop tuỳ theo nhu_cầu .",1
tuyêt,1
đặt xong bị huỷ,0
"quá tuyệt_vời , tiết_kiệm đc rất nhiều",1
không tệ,1
không gặp được nhân_viên giá thì không được áp_dụng Future giảm_giá giao hàng chậm_trễ không như ngày dự_kiến mà không được bồi_thường gì cả,0
"Bắt thanh_toán trước mà thanh_toán rồi mà bọn chủ shop giao sai hàng đã thế còn 2 shop khác nhau , cùng hôm nữa chứ , cho tiền trước giờ bọn nó làm ẩu đấy",0
hôm_nay trải_nghiệm mua hàng shoppe thật tồi_tệ khi cả sự hỗ_trợ từ shoppe lẫn đơn_vị giao hàng không đúng hẹn ! Xử_lý phải nói tệ !,0
làm như j á mới tai lần đầu có voucher cho người mới mà nó đ * * cho dung cứ loi m02 chịu luon nên xoá ik mọi người ạ,0
giá rất rẻ nhưng có cái là đợi giao hàng hơi lâu nhưng vẫn cho 5 sao,1
shopee rẻ quá,1
suốt ngày thông_báo phiền vãi,0
"mua hàng giá rẻ , đẹp , bền , chất_lượng",1
mua đồ được giá rẻ,1
Okie,1
làm_việc khong uy_tín và thái_độ thiếu chuyên_nghiệp,0
"Giao hàng rất lâu , đền_bù thì chỉ là voucher 15 k , giỡn mặt hả , 1 saooo",0
"dcm , tự_động đổi đc mới cho người dùng , ko cho cập_nhật lại đc cũ nữa chứ . xong cái bên vận_chuyển nó toàn ship qua bên đâu không🔪",0
con căc,0
thích mua_sắm ở đây vì có nhiều voucher,1
ok giá rẻ,1
có ai gặp trường_hợp như mình không trường_hợp 1 là mình có nhận hàng nhưng vì bận nên hàng là ngày_mai giao shipper đồng_ý rồi hôm sau gọi không trả_lời và mình check lại đơn hãng đã bị giao về cho người gửi trường_hợp 2 là shipper gọi nhưng bảo là mình có đặt kem bôi gì không mình bảo không vì lúc đó mình chỉ đặt sáp và mình hỏi lại ông đấy vài lần và ổng vẫn bảo là kem bôi nên mình cúp máy và sau đó check đơn lại bị hoàn_trả về người gửi 2 trường_hợp này là sao vậy ạ,0
dạo này tôi hay mua cây trên shoppe và thấy tỷ_lệ cây sống rất cao . Còn cao hơm so với ra cửa_hàng mua cây . Rất ưng,1
ko đổi trả hàng được !,0
"Tôi rất không hiểu tại_sao số điện_thoại của tôi muốn khôi_phục , mã thì gửi về rồi mà không lấy lại được , hoặc là cũng không gỡ số của tôi ra khỏi tài_khoản đấy . Tôi đăng_nhập vào tài_khoản cũ cũng không được luôn . Mong app xem_lại vấn_đề này",0
ứng_dụng cute nhất quả_đất 😙,1
giao hàng lâu vc,0
đơn hàng tự huỷ,0
"app xàm lòn , ko xoá tk đc đmm",0
Good . mà sao k thấy hiện ví shopee pay trong ứng_dụng ạ,1
"chất_lượng giao hàng bên shopee rất kém , rất chậm và bị huỷ đơn nhiều . Shipper thì có thái_độ không tốt và thiếu trách_nhiệm",0
vui nha,1
Lỗi mãi không đăng_nhập đc 😡,1
app cx ok nhưng hơi nhìu quảng_cáo,1
mua shopee không bao_giờ hối tiếc.hihi,1
hay và tiện lơi,1
app ok,1
cho một lai,1
Rất tốt👍🏻👍🏻👍🏻,1
"Số điện_thoại của bản_thân chưa đăng_nhập lần nào mà vẫn không đăng_nhập vào đc , tệ , không nên tải",0
"Rất thích mua hàng trên Shopee , được nhiều ưu_đãi và quyền lơi . Thanks !",1
nếu nói về mua hàng thì cũng có cái tốt và cũng có cái k được tốt . mình đã bị lừa 1 lần trên shoppe và mất 200 nên mình mua ở tiktok shop luôn . quảng_cáo thì dài và lâu . có_khi còn để nút X giả để lừa người vào trang shoppe . lỡ tay nhấn lệch một_chút là phải thoát ra vô_lại ap tốn thời_gian . xem quảng_cáo 10 cái thì đã hết 9 cái của shoppe rồi . cả những bài đăng dạng ảnh có liên_kết với shoppe trên tiktok nữa . lỡ lướt_qua_là_lại vào shoppe . nói_chung là ngta cần thì sẽ vô chứ k cần lừa như v,0
çʎ,0
"quá chán và tệ về vận_chuyển , dịch_vụ chăm_sóc khách_hàng khiếu_nại",0
rất hay,1
"không cho dùng voucher . tự huỷ đơn , tự hoàn hàng về xong khoá thanh_toán của t ?",0
Shopee giá_cả rất tốt,1
"hàng bị shipper tự huỷ , báo lên cụng ko giải_quyết vde cho khách_hàng",0
"Trải_nghiệm hay , rất vui khi sử_dụng",1
"Xài thấy khá ok nha , ai cần mã giới_thiệu thì nhập ' BKX JJG UW 7 ' , có thêm ít xu nữa á , ví thanh_toán nhanh mà dùng cũng dễ .",1
giải_quyết không thoả_đáng shop chèn_ép bắt khách lấy hàng không cho trả,0
"Ok . Mong shopee nâng phiên_bản mới cho bớt lag là tuyệt_vời . lần đánh_giá này chỉ cho 0,01 sao thôi chứ ko đáng 1 sao đâu . vì hệ_thống quét theo cảm_hứng chứ ko hề có 1 tí cái lý cái tình nào cả . ví_dụ tôi đặt đơn mà 3 ngày shop chưa giao là tôi huỷ để sang shop khác đặt là bị bọn hệ_thống quét . mà nó đâu hiểu sự_tình bên trong . hoạc đơn về đến trạm giao nhưng trạm đó ko hề giao nhưng trạm khai bố_láo là ko liên_lạc được là bị hệ_thống đánh thẳng vào khách_hàng nên khách cực_kỳ bị oan",0
do ít_nhất là 1 sao nên chỉ có_thể cho 1 sao,0
"quá tệ , cái app nào cũng có đường link để vô shopee hết . mà có dấu x bấm tắt cũng cứ chuyển sang app chứ ko tắt qc đc . muốn chửi luôn app , ai chả biết app này dùng để mua_sắm mà cứ gắn link hoài vậy , nếu có 0.1 sao thì shopee cũng xứng_đáng bị",0
tuyệt voi,1
gửi hàng không đúng sản_phẩm do người đóng_gói ... ? miễn_phí ship hết đặt_hàng vô_tư ... ?,1
rất hữu_ích và tiện_lợi khi mua_sắm,1
shoppe xu bịp vl,0
1 sao là còn nương r tay rồi chứ KO CÓ DẤU ÂM . đăng_nhập thì dell đc lại còn thất_bại thử chục lần vẫN thế,0
giao hàng chậm,1
mua hàng có trải_nghiệm tốt,1
Ứng_dụng mua_sắm tuyệt_vời nhiều mặt_hàng đa_dạng,1
giao hàng chậm vãi thời_gian dự_kiến là hôm_nay nhưng hôm_nay tự dung tăng thời_gian dự_kiến lên thế_mà quảng_cáo giao hàng đúng hẹn,0
voucher đc đơn 0 dôngd shipper khopng giao mà_còn huỷ hàng,0
"càng_ngày_càng tệ , xứng_đáng 0 sao",0
"xưa giờ sài k biết cái sàn này có một lỗ_hổng chán như_vậy , đặt_hàng đúng ở cái shop k uy_tín chụp đơn hàng cho shop xử_lý thì shop chửi lại mình r chặn hay làm thế_nào đó mà vô đánh_giá thì còn cứ bị lỗi sever , nhưng mình vẫn thắc_mắc nếu shop làm cái gì đó để mình k đánh_giá đc đơn hàng đó chả khác_nào lừa_đảo . Đã v shoppe còn để cho nó bán r mới để lỗi sever k để lỗi sever lúc đặt luôn đi cho khách_hàng bớt điên",0
thái_độ nhân_viên cực kém,0
quá thất_vọng,0
cfttttt trttr rồi trở r5r trả_lời cho thắc_mắc Bộ vậy là không có fffggfffgfff gf fffffff,0
giá tốt,1
"tuyệt_vời , mua_sắm tiện_lợi , nhiều mã giảm_giá rất ngon",1
ok chức lương,1
nhưng_mà tôi bị mo2 á có bạn nào biết ko chỉ mình với cảm_ơn các bạn,1
mã giảm_giá bị lổi nhưng vẫn cho 5 sao,1
ok hhhhh,1
£☆ 9,1
đặc hàng sông rồi shop bị tự huỷ hàng kêu là dao dịch bắc thường vl,0
"thực_sự app nghĩ rằng có_thể lừa tôi qua mấy cái quảng_cáo tràn_lan của app à , lm vậy chỉ khiến ng dùng thấy phiền hơn thôi . với_lại app cũng hay có lừa_đảo nữa bị mấy lần mà k báo_cáo hay làm j đc",0
muốn ng dùng xài spaylater hay sao mà mua hàng có lúc k có trả tiền khi nhận hàng v .,0
"ưu_đãi tốt , nhưng app quá giật lag shopee đã nhồi_nhét quá nhiều thứ gây lag , trải_nghiệm dùng app tệ , dịch_vụ ổn",0
app lỗi mạng vc như db,0
"không hiểu sao mình lần đầu mua mà vẫn không cho mua , cứ báo m02 - d02 mệt thật_sự",0
"Cứ_M 04 / D 04 suốt thôi , làm ra cái app tệ vậy ? nhắn CSKH thì kêu xoá app đi cài lại chả giải_quyết được vấn_đề gì ? Nghiệp_vụ quá kém , còn ko xứng được 1 sao nữa . Tệ",0
chơi cái gì cũng quảng_cáo,0
lằng_nhằng vcl,0
cụ nhà app cài shoppe vip lừa_đảo giá còn cao hơn shoppe thường Shoppe giải_thích t nghe phát dit cụ,0
tự_ý huỷ hàng làm mất vocher,0
"rất tuyêyj vời , nhiều mã giảm_giá ,",1
mua nhiều hàng 0đ quá thì bị cấm vĩnh_viễn hỗi trợ_thì trả_lời vòng_vo,0
"Ngay sau khi đặt_hàng phát_hiện lỗi sđt cũ k sd được nên đã thay_đổi ngay sau đó , hệ_thống báo thành_công nhưng khi đơn hàng vận_chuyển vẫn sđt cũ đề_nghị SP thêm tính_năng cho biết số điện_thoại của shipper để có vấn_đề còn biết",0
không cho khách_hàng hoàn tiền,0
rất là tốt,1
ok lắm nha,1
"Quá tiện luôn nè , để lại mã ' BKX JJG UW 7 ' cho ai đang cần nhé , có thêm chút xu dùng vui vui , thanh_toán cũng nhanh lắm .",1
"quá tệ , giao hàng không đúng như lịch hẹn . hỗ_trợ không tôn_trọng khách_hàng",0
dê mua hàng,1
dm shopee huỷ đơn hàng của tao cho mã 100k r lại huỷ nếu dc tao cho m 0 sao r,0
"Shop ok giao hang chuan , nhanh cam on shop , va nguoi ban hang nay , toi da mua lan thu 3 roi , rat tin tuong",1
"tự đăng xuất , mất hết xu",0
cũng ok,1
10đ dùng mua đồ ngon,1
"ốp đẹp nguyên khối , chac chắn , ôm gọn đt , . hình_thức đẹp . cảm_ơn người bán hàng shoppj .",1
"thấy dùng oki , nhiều deal giảm_giá vl í , dùng oki",1
"dùng shope ko vui lắm săn mua hàng khổ vl xog bị đủ thứ khó_chịu xog còn bị thk shipper nuốt hàng tích _ cực ) chỉ vì đơn của t Ođ nên nó nuốt nghĩ t ko lm j đc , đm ôg shipper tên "" Hà_Phi_Hùng "" lm ơn đừng ăn luôn hàng của khác bỏ tính đó đi",0
"mình mua hàng trên này ổn mà các bạn chê , mà cho mình tí vch : 3",1
quá phiền_nhiễu khi đăng_nhập,0
"titok shop balance . tuyệt_vời . COD hàng mà có vấn_đề , hoàn tiền vô shopeepay . rồi sao rút , sài được . 1 ôm hàng lỗi sài luôn . 2 để tiền đó k mua tiếp dc , mất tiền . giống lừa_đảo .",0
shopee cũng được nhưng shippo huỷ đơn hàng,1
android 6 mở ứng_dụng vào được nhưng nó rất là đứng Android 7 - 17 nó rất nhanh là sao,0
không đặt_hàng được,0
Khi trả hàng mà cứ phải chuyển vào tài_khoản ko thể lấy tiền_mặt,0
app như lon chơi game nào cx gặp quảng_cáo mà dạo này quảng_cáo shoppe chạy lâu vãi cả đái thấy chạy hết thời_gian ròi vẫn chạy tiếp ko có tắt buộc phải thoát game và vào lại app ngáo vcl,0
"tạo tài_khoản nhiều , cái giờ hết cho đặt_hàng",0
xem video live thì nhận được quá ít xu,1
giao chậm hàng tự hoàn tự_ý huỷ hàng dù t kh nhận đc cuộc_gọi nào cả,0
"* về sản_phẩm : đa_dạng , có nhiều chương_trình khuyến_mãi * về nhân_lực : Rất chuyên_nghiệp và nhanh_chóng khi tìm_kiếm sản_phẩm",1
trên 90% là ok rồi không ai hoàn_hảo tất_cả đâu,1
lỗi 1 nùi mà đồ lúc giá này ấn vào giá kia thà t đặt trên tik còn hơn,0
xác_minh khuôn_mặt nhận_diện thất_bại app xác_minh tệ thế xác_minh có cần_thiết không quá tệ !,0
nhân_viên k giao hàng cũng k gọi điện tự_ý hoàn hàng . quá nhiều lần,0
rất tuyệt_vời chăm_sóc khách_hàng chu_đáo,1
app như pịa tự hoàn_trả,0
"app như đb suốt ngày gắn link bậy_bạ , qc thì lắm",0
tự_ý rút_tiền thanh_toán hoá_đơn khi không có sự đồng_ý và cho_phép của chủ_tài_khoản,0
Giao hàng đng hẹn,1
. ỉ,0
"Bảo đăng_nhập vào shopee pay là nhận đc 50.000 xu mà sao t đăng_nhập rồi cái mục đó mất_tiêu , cũng không thấy cộng thêm xu cho t , lừa nhau à ? ? ?",0
dễ_dàng đặt đơn hành,1
Khá ổn,1
shipper giao sai địa_chỉ nhà khác xong quỵt luôn k nhận đc bồi_hoàn giả_mạo tin nhắn từ sđt của tôi nhắn đã nhận đc hàng,0
nên cho thêm cá_nhân hoặc tên shopper,1
ứng_dụng nên hạn_chế quảng_cáo lại giùm cái mỗi lần vô google có việc nhấn bỏ đi toàn vào shoppe ko là sao có hiểu không ? làm_vậy biết phiền với ảnh_hưởng không với_lại trò_chơi quá kém may_mắn,0
"Hệ_thống Shopee quét lỗi F02 cực_kỳ vô_lý và chặn oan khách_hàng ! Tôi xem livestream , đặt đơn 1K do shop tự cấu_hình giá có sẵn , không áp mã giảm_giá , không dùng tài_khoản ảo trục_lợi . Vậy_mà đùng_một_cái khoá tài_khoản của tôi rồi đổ lỗi vi_phạm chính_sách làm ảnh_hưởng người tiêu_dùng ? Tôi là người tiêu_dùng đang bị Shopee làm ảnh_hưởng đây này ! Người thật việc thật mua hàng minh_bạch thì bị khoá , quá bất_công ! Yêu_cầu kiểm_tra lại tài_khoản và giải_quyết cho tôi !",0
rt ok,1
mình đặt mà nó cứ lỗi M 02 / D 02,0
moẹ đag sử_dụng google thì hiện ra miết đ é ở má nó coi chx đc 2s cái hiện ra ngáo vl,0
đặt cái máy_bay ĐIỀU_KHIỂN_TỪ_XA MÀ_LẠI GIAO CAIbongs nháy,0
như c có mã giảm_giá đặt_hàng bị khoá dell cho đặt,0
"trải_nghiệm tốt nhưng vẫn còn nhiều điểm cần cải_thiện , hàng cồng kềng giao lâu",1
cho người đặt_hàng chờ quá lâu và không bằng tiktok còn uy_tín hơn shopee thì thông_tin ở một kiểu đơn hàng ở một kiểu,0
đm mắc vì huỷ đơn của tao,0
bỏ ngay tính_năng quảng_cáo video đi,0
hơn con dở,0
"Giao hàng thiếu trả hàng thì không ai đến lấy nhưng ứng_dụng thì báo không lấy được hàng . Gọi điện tổng_đài thì cũng không giải_quyết . Chờ cả tháng gọi lên 5 lần cũng không giải_quyết được . Làm_vậy khác gì lừa_đảo , tiền lấy_rồi giờ giao hàng thiếu thì chơi chiêu trả hàng không lại lấy . Tôi hạng vàng rồi mà_còn bị coi_thường vậy nên mọi người mua cẩn_thận shopee làm_ăn lừa_đảo nha",0
Shopee tuyệt_vời,1
nó ko cho tôi đặt,0
cũng ok nhưng tôi nghĩ nên thêm tên shipper và số điện_thoại củ shipper thì tốt hơn,1
"app bây_giờ tệ , hồi trước liên_kết ngân_hàng thì dễ giờ thì bắt liên_kết ngân_hàng rồi lại liên_kết SMS không được còn bảo_mật hãy thử lại trả hàng thì trước thì dễ giờ ức_chế",0
xử_lý quá lâu,0
"chất_lượng mua hàng ko ưng_ý , hàng sai hay lỗi đều được shipper đến tận nhà lấy và được ck trả tiền lại về tài_khoản 💛💛",1
tốt rẻ giao nhanh,1
có nhiều sale,1
app như loonf hở xíu là quảng_cáo bộ m mắc quảng_cáo lắm ha j cha sinh mẹ đẻ tới giờ t chưa thấy cái app nao mà bán đồ thì mắc mà quảng_cáo thì nhiều cái app vô dụng🤬cha me m la cai do suc sinh ! ! !,0
"Càng lúc càng khó xem giá để so_sánh , toàn để giá ảo 1k , 2k , ... nhằm đưa lên đầu danh_sách tìm kiém , bấm vô thấy "" phiếu bảo_hành "" hoặc gì đó giá_trị thấp hoặc k liên_quan .",0
cũng được .,1
giao hàng nhanh sipper nhiệt_tình 🥰,1
tui có rất nhiều mà khách mới tạo shoppe pay đc cho miễn_phí 20 🐟 . mn ổn nhưng vẫn có kiểu lừa giá í ngoài 10 mâý k xong vô_lại là mặt_hàng nhỏ hoặc đểu khác - ) nhưng vẫn yeu,1
khi tôi bấm vô mua hàng thì shopee bảo ưu_đãi này không dành cho tài_khoản của bạn là sao tôi thử qua điện_thoại khác cũng vậy dù có đặt mua những gì cũng vậy,0
Dịch_vụ tốt,1
mua hàng thì lại bắt tạo tài_khoản để ng ta thử mua xem trả hàng về có lỗi ko chứ làm_ăn kì_cục,0
giao sai chỗ,0
5 sao không nói nhiều,1
rât tôt,1
"gặp sp lỗi trả hàng hoàn tiền dễ_dàng , trách_nhiệm với người tiêu_dùng . thích",1
chơi game thông_báo cái loll,0
giao đúng ngày,1
Áp mã người mới xong bị huỷ đơn,0
chưa có ai giao hàng hết mà hoàn_trả người gửi là sao,0
"làm_ăn vớ vẫn , yêu_cầu trả hàng do shop gửi sai hàng thì không đến lấy hàng , câu giờ đến khi hết thời_gian yêu_cầu , quá thất_vọng",0
shipper chán lắm,0
mua_sắm thả ga đơn 0k săn ko khó,1
tôi chỉ đúng nhà tôi rồi thì nó nói rằng đây không phải là bạn chúng_tôi đang kiểm_tra mời bạn phát Minh lợi nhưng_mà tôi mua hàng tôi nói tôi quên mật_khẩu rồi nó vẫn khăng_khăng phải nhập_khẩu cũ hãy đánh_giá không sao luôn đó thôi tôi có lòng người nên tôi đánh_giá một sao thôi,0
"tốc_độ giao hàng chậm_chạp , hàng vẫn ở kho từ ngày 27/8 đến ngày 5/9 vẫn ở kho , làm_ăn vớ_vẩn",0
Shopee làm_việc vô_trách_nhiệm đặt 4-5 đơn hàng mà cứ để là đơn sẽ hoàn về người gửi đợi 1 tuần cũng chãn thấy đơn hàng . Nhắn cho chăn sóc khách_hàng mà không có tác_dụng .,0
"Không áp_dụng được voucher , gọi tổng_đài thì không xử_lý được . Thất_vọng .",0
"tốn công đặt .. tự_dưng hoàn_trả về cho người bán , cho 1 sao khỏi bàn !",0
không giao hàng mà vẫn cứ ghi giao thành_công,0
"hiển_thị không full màn_hình trên z fold 8 wide làm giảm trải_nghiệm mua_sắm . Đề_nghị cập_nhật , các app tmđt khác đã hiển_thị đúng ! Đã nhắn nhưng không thấy a tion nhỉ",0
good app,1
Săn được hàng và đã thanh_toán QR pay . Xong hôm sau lại bị huỷ do hành_vi bất_thường ? ? Có_vẻ Shoppe thích làm gì thì làm và rất coi_thường khách_hàng .,0
Hàng chất_lượng,1
hàng mua về không đạt chất_lượng như mong_muốn thì đổi trả thôi . mà không cho trả trong khi shop người ta đồng_ý xoá luôn app cho r . hiện_nay đầy app ngon hơn nhiều,0
lâu_lâu lag nhg rất yêu săn sale 0₫ luôn > ⁠ . ⁠ <,1
toi thuong dung cong dung nay . nuoc ngoai va viet nam rat 👍 ok tien loi de tim,1
"mua_sắm thuận_tiện , tạo công_ăn_việc_làm , mong chú_ý vào app hơn ạ app hay lỗi rất nhiều app là trung_gian quan_trọng liên_kết khách_hàng mà để hay lỗi thì bực lắm nhé mình bắt_đầu muốn qua sài tiktok nhiều hơn rồi mình vừa là ng mua vừa là ng bán app có chế_độ tắt thông_báo quảng_cáo nhưng lại dính dung thông_báo tin nhắn khách_hàng như ép_buộc vậy tắt k được mà bật thì khó_chịu app seller thì tự_động đăng xuất và còn lỗi nhiều hơn app gốc nữa chú_tâm vào app hơn đi , lấy phí cao k mà vậy",0
vì sao hàng của tôi lại bị huỷ,0
đùa à phát mã chán_chê xong đặt là huỷ đặt là huỷ thì cho làm mẹ gì f02 thì f02 luôn đi cứ doạ doạ,0
"화살표x , zn , , , , , xnnjdxnxnx , c , m . , . , ᆢㄹㅅㅇㄱ , , , , rrr 343 xxnmc . xnmxznxzg . , f , k . , . , rrr4Chào",0
"tụi bây cứ tự_động giảm âm_lượng chi vậy , tụi bây rảnh háng quá hả . có ai nhờ tụi bây đâu😌",0
u Jimmii ok ưu mm kkkkkkkkkkkkkkkk n mụn hữu kim kkkkkkkkkkkkkkkk mmi inn n mm kkkkkkkkkkkkkkkk ưu kkkkkkkkkkkkkkkk mmihữu ki hữu ii ki bưu ưu jun mựu,0
tuyệt_phẩm,1
quảng_cáo lắm vậy chơi game cứ xem quảng_cáo là gặp còn bị out game vô_lại liên_tục .,0
Tôi thik shoppe hồi đó hơn,1
qúa tệ shop giao hang không đúng mẫu hoàn hàng thì cả tuần khoong thấy ship tới lấy,0
Trước giờ vẫn mua_sắm chủ_yếu qua Shopee và sau_này chắc cũng vẫn sẽ tiếp_tục . Nhưng qua việc Shopee xử_lý vấn_đề của bản_thân thì tôi khuyên mọi người đừng mua hàng có giá_trị qua đây . Khi gặp vấn_đề với sản_phẩm thì bạn không hề được bảo_vệ quyền_lợi đâu .,0
thanks Shopee,1
"số_dư ví shope pay đủ nhưng ko cho thanh_toán , bắt mua trước trả sau 💩",0
"lừa_đảo , làm nhiệm_vụ shopee xu nạp tiền điện_thoại ko nhận được xu , lừa_đảo người dùng",0
đặt đồ khá tiến lợi nhiều món ở bên nước_ngoài muốn mua thì lên shoppe đặt chỉ là nhiều khi tiền ship hơi không hợp với túi tiền😆,1
"Lừa_đảo người dùng làm tiếp_thị liên_kết Tôi có gửi link qua zalo cho họ_hàng phương xa họ mua , họ mua xong đã bấm nhận hàng và dùng đã gần 1 tháng nay , vậy_mà vào phần chuyển_đổi thì shoppe đã huỷ hết hoa_hồng của tôi hơn 10 đơn , giá_trị hoa_hồng gần 1 triệu vnđ . Tháng trước tiền vẫn về đều , tháng này bị cắt đơn hết . Bọn shoppe này lừa_đảo người dùng , tôi tẩy_chay shoppe qua tiktok dùng .",0
đặt_hàng mà ko thấy dao hàng,0
"ko fix cái việc bật lên vào ngay video rất ngu . có Rất nhiều hàng kém chất_lượng scam . đánh_giá thật lòng thì bị ghi là đánh_giá khiếm_nhã / ko liên_quan đến nội_dung sp , che luôn quá sv . Còn nữa quay voucher giảm 100k cho đơn 100k bắt_đầu 0h là có hiệu_lực lập_tức 23h59 canh đúng 0h reset bật lên kêu hết lượt đúng scam vcl làm_ăn như cái đấy nhá .",0
tiện_lợi có nhiều voucher,1
QC quá mất_nết,0
tự_ý chả hàng,0
Essential app,1
"video , k liên_tục nhận xu , giảm xu🤧",0
quảng_cáo kiểu mất_dạy,0
đặt_hàng mà shipper kh giao mà lấy luôn đơn của mình,0
"dịch_vụ định_vị của shope như cái quần_đùi , khó xài vc",0
"đơn hàng đã tới trạm giao hàng gần bạn , ròi lại quay đầu về kho , quá_trời là bực_mình , trong khi đơn hàng mình cần . gọi lên tổng_đài thì nói vẫn đang khắc_phục , không biết đến khi nào . 😒",0
quảng_cáo quá nhiều lỡ bấm vô dấu x lệch một_tí thôi_thì qua shoppe bấm thoát ra đơ máy luôn,0
"Sàn lỏ , thích là xoá giỏ video Affiliate , không có bất_kỳ lý_do gì",0
đặt_hàng kh được,0
vào minigame bắt_buộc này_nọ,0
thủ_tục rườm_rà,0
ru Ed ue66veķ Ed 76 on see uty2u OÜ bz0oze in r8 u67,1
"app như l , mở lên là nhảy vào live xong giảm lượng nữa . đm",0
nhiều geam quảng_cáo,0
mới tải và dùng duy_nhất một tài_khoản và bị khoá sau chưa đầy một ngày,0
nhiều lỗi,0
"Đơn hàng đã "" đến khu_vực của bạn "" từ chiều hôm trước , lúc 09:02 được thông_báo "" Đơn hàng sẽ sớm được giao "" , thế_mà chờ đến đêm , có hối giao hàng , vẫn chưa nhận được hàng .",0
sao mình mua đơn 1k hoài cái nó kêu mình dan lận tích _ cực ) ) mấy acc luôn tr trog khi đó là ctrinh sale 1k của shope mà nhỉ,1
mong cho xu= 3,1
có lúc gập phải hảng giả khi mua,1
"app voucher xong nó tự huỷ r dời đơn kh chịu giao , nhắn cho chăm_sóc khách_hàng thì cũng không giúp được gì",0
tại_sao nó ko giao hàng đến đến thứ cn thì mới đưa tốt 1 sao,0
Đơn hàng mãi chưa đc giao Mà hối giao hàng nhiều lần rồi Chờ đơn lắm rồi,0
"đặt k đc , tự huỷ đơn ?",0
"ứng_dụng xúc_động vật , nói người mới được giảm không giới_hạn 50k mà chọn rồi quy ra tiền còn mất hơn sản_phẩm đúng ứng_dụng xuất vật , giao hàng thì toàn sai mọi người đừng Sài ứng_dụng này kẻo mất tiền",0
"quá đã Shopee ơi , sinh_viên được free Shopee vip 1 năm nha mọi ngườiii",1
vui tốt hàng lòng giao nhanh,1
phế,0
"cũng nha , ổn á lâu_lâu hơi lác tí",1
"App hay , nhưng_mà lagg , đặc_biệt là khi vào trong giỏ hàng , thường_xuyên lỗi và cực lagg",1
app cực ngon,1
ok 👍,1
"Dịch_vụ cũng như phục_vụ khách_hàng tốt , tạo sự liên_kết tốt giữa người bán và khách mua qua việc đồng kiểm tạo uy_tín và tin_tưởng giữa 2 bên . Tuy_nhiên vẫn còn chút thiếu_sót v / v thực_hiện trung_gian đổi trả hàng ( lỗi ) còn bất_tiện về lỗi app . Kể_cả shipper còn một số_ít thái_độ phục_vụ thấp .",1
thích shopee nhiều voucher ghê á khóc khóc,1
"tự huỷ đơn hàng , và khoá tk",0
nhanh,1
"Mua hàng mà như đi xin . Nhân_viên giao hàng kém , nhân_viên tổng_đài còn kém hơn_nữa . Tôi huỷ tất_cả đơn hàng và xoá luôn Shopee . Khách_hàng còn không được tháo lớp bao_bọc ngoài . Không được đồng kiểm phải hiểu là không mở seal chứ không phải là không được mở cái bao_bì đóng_gói ngoài .",0
đặt_để địa c này giao qua địa_chỉ khác ?,0
chăm_sóc khách_hàng như # # # shipper khu_vực tôi như # # # đặt cs đúng 1 hàng 3 - 4 lần ko dc chán ...,0
Tuy là mình mới dùng Shopee lần đầu_tiên nhưng trải_nghiệm đêm lại thật_sự rất tuyệt_vời .,1
"mấy tháng gần đây shoppe làm_ăn chán thật_sự , giao hàng thì lâu , deal thì ít , chat với hỗ_trợ thì không được giải_quyết vấn_đề cứ trả_lời lặp_đi_lặp_lại mà vấn_đề vẫn còn nguyên đó , nhất_là cái shoppe food là hãm nhất tích _ cực",0
"quảng_cáo toàn AI , mua về khác với thực_tế hoàn_toàn",0
tôi thích nhất 😁 😁,1
"ship hoả_tốc k bh nhận được , lúc_nào cũng muộn mà chỉ tặng mỗi cái voucher mà k giải_quyết",0
ap lừa_đảo cho khắch hàng chờ 4 ngày rối cứ nói ngày_mai ngày_mai,0
Shopee mà là con_người thì tuii cưới shopee luon á 💍💐,1
rất hài_lòng shop,1
"ship ngày_càng lâu , xưa đặt đơn ở hcm 1 ngày về tới , dạo này đặt 1 tuần rồi chưa giao là sao shoppe ơi",0
Có_thể duyệt nhanh hơn k ? Shopee lm vs chậm quá 🙂🙂,0
đc nhưng nhân_viên hỗ_trợ phải đợi lâu,1
"Bán hàng uy_tín , giao hàng nhanh",1
vô mua thấy 0đ mà đặt rồi 30k là sao ?,0
mua_sắm online tuyệt_vời,1
Tốt .,1
"Giao nhầm hàng cho khách , khiếu_nại trả hàng thì ko xử_lý đến khi khách hỏi thì lại bắt khiếu_nại lại.Cứ lấy hết lí_do này đến lí_do khác xong cứ cam_đoan sẽ giải_quyết sớm nhưng cuối_cùng ko xử lý.Làm ăn quá chán , thiếu chuyên nghiệp.Quá tệ cho 1 sao thôi .",0
"rất thích shopee , nhiều voucher và giao_dịch dễ_dàng thuân lợi , cảm_ơn shopee",1
"như c á , 1 đống quảng_cáo ai xem , còn bắt xác_minh bla bla ai rảnh v tr ,",0
t có 10k xu mua hàng 10k nó hiện có 4k xu dm,0
"cái đánh_giá để nhận xu t tải video lên mà nó cứ xoay vòng_vòng mãi , rồi đứng đơ ra xong bắt t quay video lại , bực vl luôn á",0
quảng_cáo nhiều vl,0
Shopee càng_ngày_càng hoàn_thiện rất tốt .,1
tự_nhiên ko cho mua hàng,0
ước k bị lỗi mo2,1
lừa_đảo đơn nào cũng thấy ship 24h mà đợi 2ngày đơn 1 -3 ngày thì cả tuần,0
"tạo chức_năng thanh_toán qua qr chi vậy rồi lỗi tùm_lum , có chuyện gì khiếu_nại bắt shipper bị phạt vậy",0
"chị tôi mua hàng trên shope mấy tuần rồi mà ko về , ko phân_phối cho bên shipper đi giao dù hàng đã về kho",0
Mua hàng trên shopee thấy cũng ổn_định .,1
t muốn mua 0₫,1
💯đ,1
tự_động huỷ đơn của khách . ship thì đỗ thừa cho kho . nhắn cskh thì nói sẽ cải_thiện . nói vậy xong đó . vô_trách_nhiệm . tẩy_chay,0
quảng_cáo nhiều vcl,0
"dùng rất tốt , tiện_lợi",1
nếu rẻ hơn tôi càng thích hơn,1
phí vận_chuyển còn cao gấp đôi món hàng,0
"đây là ứng_dụng chó ăn_cướp hại người , chỉ có lũ chó mới cho ứng_dụng này nhiều hơn 1 sao",0
Tôi là người_yêu thích shoppe vì shoppe tung rất nhiều voucher và mã giảm_giá siêu hời cho khách_hàng ! Tôi mong shoppe tặng voucher thật nhiều cho tôi ! Tôi chưa mua hàng ở đâu mà rẻ như shopee ! 1000₫ cho shopee,1
tiktok number 1 hahaha,0
"Giao hàng trễ , ko xử_lý được",0
App như .. ko vào nhận dc xu máy cũ ko mua dc ..,1
"thường_xuyên bị lỗi và giật lag rất nhiều , đôi_lúc lại chậm hiển_thị dù internet kết_nối rất tốt . Yêu_cầu khắc_phục lỗi trên để người dùng là khách_hàng có trải_nghiệm tốt hơn !",1
Quảng_cáo lâu vcl 🥰,0
rất hữu_ích . Xin cảm_ơn,1
shop hỗ_trợ và làm_việc thiếu chuyên_nghiệp,0
hoàn hàng đòi hộp catrton kiếm đâu ra mà làm 1 sao là đáng,0
phí giao hoả_tốc 90 bù cho cái voucher 20,0
mua trên được đồng kiểm thấy yên_tâm OK,1
mong nhà_sản_xuất cho mấy cái qc app ít giây ( lưu_ý : đừng giả nút tắt ) 🤬🤬🤬🤬🤬😡🤡🤡🤡😡😡😡,0
tuất shoppe đặt_hàng xong tự huỷ xong nói giao_dịch bất_thường thì chịu r,0
ngon bổ rẻ là có thiệt,1
không cho huỷ đơn,0
rất tốt tôi rất thích,1
tư đổi địa_chỉ liên_tục khiến ko nhận hàng đc ?,0
đùa chữ chưa giao hàng cho người ta mà_còn tự_ý huỷ đơn hàng của ng ta mà đặt rõ là lâu nữa ko nên mua trên app này,0
"t mua mấy đơn tiền triệu thì toàn bị khoá acc ko rõ lý_do , đúng ngáo",0
"Làm_ăn láo_toét , mua đồ cho nó ko biết_bao_nhiêu , có cái tài_khoản mới mà nó cũng chặn voucher người mới , no dụ mình lấy voucher 100k có bao_giờ xài được đâu mà mình mới có 2-3 cái tài_khoản trên một máy_cái nó chặn , không hiểu nổi .",0
là ứng_dụng bán hàng có giá hợp_lí,1
75em I,1
"mình xem video & live để lấy xu , mình rút 2 lần 10k ( tổng là 20k xu ) bị từ_chối nhưng không có lí_do gì , vẫn bị trừ số_dư xu luôn",0
đơn hàng cả tháng trời mà vẫn không giao tôi thật thất_vọng với shopee mọi người không nên tải app về nha mình đặt mấy lần rồi mà hàng vẫn không giao được yêu_cầu có voucher,0
Okee nha ae,1
"app đúng chó , chover mà dùng thì huỷ đơn , không biết cho làm chó gì , điểu chó",0
"Cần có thêm tính_năng : Sắp_xếp , lọc các đánh_giá ngày mới nhất lên đầu . Tôi là 1 người mua hàng , cần xem qua đánh_giá , và cũng rất cần tính_năng này !",0
"không hiểu shopee bị cái quần què gì mà mua hàng shop kên đơn gửi đi rồi cứ bị shopee huỷ vì giao_dịch bất_thường ... không cho mua ngay từ đầu đi , để người ta con đi mua chỗ khác bên ngoài , để chờ xong huỷ "" giao_dịch bất_thường """,0
"huỷ đơn của người ta cũng ko có thông_báo j hết rồi đag cần đến thì lấy đâu ra làm_ăn mất_dạy , nhận góp_ý xog ko chỉnh xửa thì như ko",0
"cho má , cho vocher làm gì mà dùng thì huỷ đơn app xàm cut",0
"bảo có ưu_đãi 50% , .. tại_sao lại không có",0
có mã mà nó ko cho đặt,0
dạo này cứ huỷ đơn hàng vì lí_do giao_dịch bất_thường ủa ngta mua kệ ngta mắc gì huỷ đơn của ngta,0
wasZZzzljk mghaZZ in c 🐜🦗🐜🐜✨ I don ' t cxx😏😤 ttdd o RSS Za và 🍏🥝🍒wwZzZzzx 🍒🍒🥓🥪😯 .,1
ko hài_lòng nha vocher xin_lỗi khi dao hàng chậm á nhận vocher giảm 15k tôi còn tưởng 15k cho bất_kì đơn nào ko ngờ giảm 15k cho đơn tối_thiểu từ 100k đã v còn ko giảm thẳng 15k nữa chứ còn thua 1 cái vocher bth ko hài_lòng cho 2 sao,0
shopee như cái L làm cái má cứ lúc tao chơi thi puảng cáo shopee tao cũng bình_thường mà tao bấm vào nút x á rồi nó văng tao ra làm tao vào bị game trừ điềm uy tin làm tao tức lám cái puảng cảo binh thường chứ tao thấy đây là bất thướng đó hiểu không,0
tự huỷ đơn của khách_hàng mặc_dù không có vấn_đề gì yêu_cầu thì không giải_quyết .,0
"tốt , có nhiều mã giảm_giá",1
nó . b .,1
shope bán SP nhái hàng giả và chất_lượng chưa tốt ....,0
tôi chưa biết sử_dụng nấm nhưng tôi vẫn đánh_giá 5 sao,1
"mình Bị bọn shoppe khoá acc kim_cương , nuôi nó từ nhỏ đến lớn cuối_cùng nó lớn nó cắn trả , Lý_do khoá là do 2 lần đánh_giá khiếm_nhã , thề mình không hề viết 1 từ nào quá khó_chịu mọi từ đều đã viết giảm đi rất nhiều như "" lần này không được 800xu đừng trách T ác ; dell me ... mà nó khoá không có thông_báo gì trc luôn , nó thích là nó khoá , không có cảnh_báo gì trước đó luôn , Quá tệ",0
"Chạy_QC cho rầm_rộ , cho mã KM khách_hàng mua thì lại huỷ đơn Khách_hàng , thu_hồi lại mã . Sàn thương_mại nhắm nếu k đủ vốn thì làm_ơn đừng tung ra những trò KM để hại sức_khoẻ người khác phải thức canh KM",0
Cảm_ơn Shopee đã hoàn xu khi huỷ đơn hàng💞,1
"Quảng_cáo Shopee xuất_hiện quá nhiều , không_chỉ trong Shopee mà_còn tràn sang cả các ứng_dụng khác . Đang sử_dụng ứng_dụng khác cũng liên_tục gặp quảng_cáo Shopee , khiến máy bị lag , giật , thậm_chí còn bị văng khỏi ứng_dụng đang dùng . Trong khi đó , vào chính Shopee thì cũng lag và phản_hồi rất chậm . Quảng_cáo quá mức làm trải_nghiệm sử_dụng cực_kỳ khó_chịu . Mong Shopee tiết_chế quảng_cáo và tối_ưu ứng_dụng tốt hơn .",0
ửh,1
"shopee ngày_xưa ok bao_nhiêu thì shopee bây_giờ thậm_tệ bấy_nhiêu , mua hàng k làm gì bất_thường mà cũng bị sàn huỷ đơn và khoá tài_khoản mặc_dù đấy là mã giảm_giá sàn cho . Rồi còn đẻ ra cái lỗi M04 khoá luôn thiết_bị là đang trực_tiếp đuổi khách_hàng và không cho khách_hàng sử_dụng app nữa luôn í",0
😡,0
không hỗ_trợ được khách_hàng,0
giao hàng quá hạn và lâu,0
i love shopee i love shopee i love shopee,1
đăng_nhập khó_khăn khắc khe,0
Tốt cho trải_nghiệm mua_sắm online !,1
1 sao nha lũ chó,0
5 sao,1
Tuyệt_vời !,1
"shipper ko giao hàng mà tự_ý hoàn về , rất khó_chịu , từ nay del baoh dùng 1 lần nào nữa",0
"Nghĩ sao mà lúc đặt_hàng thì hiện là hàng sẽ giao tới tay_trong ngày , buổi tối , mà đm chiều t xem trạng_thái đơn thì vẫn đang chuẩn_bị hàng , chưa giao luôn ? ? ? Thế tối giao cái l cho t à ? Mà nếu giao trễ thì cũng trễ hơn mười mấy tiếng thôi chứ , trễ mẹ gì mà trễ 5 ngày ? Tới lúc đó cần chi ? Với cả t đã đặt trước 3-4 ngày để đợi nó giao tới là vừa r . Mà quá_tam_ba_bận chứ , 1 đơn trễ thì cũng còn chấp_nhận , đây 3 ĐƠN CÙNG TRỄ 5 NGÀY LÀ SAO ?",0
rất là hay bị đơ luôn í,0
tôi không thích nó,0
chơi đc roblox,1
mua hang ko giao 🫠😤,0
mua hàng shoppe bao năm nay vẫn ok,1
"quảng_cáo thì lâu , chữ X như đặt bẫy , bấm lệch 0,001 mm là nó bay sang shopee , mà muốn quay về thì phải auto click nút < .",0
đang chơi game mà thông_báo ăn loz à,0
lộ thông_tin vl,0
"tệ ở khoản nhập địa_chỉ đặt_hàng , mang lại cảm_giác bất_tiện khó_chịu không thoải_mái 1 sao !",0
rất yêu shopee,1
lúc muốn chuyển sang tài_khoản khác thì shoppe cứ hiện đang tải mãi mà kh chạy ?,0
quảng_cáo mẹ j nhiều vãi,0
Giao_diện vẫn hơi rối hơn khi so với Tiki,1
khôn đấy làm qc tt hình_ảnh lừa t lướt xong vào shopee biết t quay lại chửi nên tắt bình_luận khôn như chó,0
như l chưa nhận hàng mà để nhận rồi tao định trả hàng mà mà chỗ trả hàng nó cấn ngân_hàng mà tao 14t ngân_hàng đâu ra,0
ok chỉ là hỗ_trợ không có được giải_quyết vấn_đề cần.do sử_dụng chát tư động,1
verry good,1
tải về tốn 100 mb nên cho 5 sao,0
"nói k chính_xác sự_thật , rõ_ràng bảo giao hàng 3/9 và mìh đã xác_nhận r nhưng_mà giao vẫn chờ kéo_dài đến mấy ngày khác",0
"không hiểu cho lắm yêu_cầu hoàn hàng đã quay đủ mọi thứ xong đã chuẩn_bị xong mọi thứ , đợi mòn_mỏi không thấy delivery đâu , cuối_cùng liên_hệ lại , CSKH kêu làm lại yêu_cầu hoàn đơn để hoàn lại đơn , bấm lại đã chuẩn_bị xong hàng cuối_cùng đợi mãi không thấy ai đến lấy hàng , 1 lần có_thể thông_cảm lần 2 lần 3 cũng vừa_phải th chứ , 1 hệ_thống bthg rất tin_tưởng nay làm t phải khó_chịu như này",0
tao hơi bị cay r đấy mẹ mà có ko sao là tao đánh_giá ko sao đấy,0
tiện_ích giao hàng nhanh_chóng nhiều sự lựa_chọn . ý_kiến tý là những vocher giảm_giá nếu muốn cho người tiêu_dùng thì nên cho và áp_dụng được không thì thôi chứ kiểu có chồng không bằng ở giá ! nói vậy chất shop hiểu,1
shopee ? why ? why are you peeing while shopping ?,0
"tệ vl , mua cứ bị khoá tk khó_chịu vãi",0
"Dởm tài_khoản mới tạo toàn hạn_chế , huỷ vô_cớ",0
tốt tuyệt_đối,1
"thái_độ nhân_viên chán ko muốn nói , bên dvvc thì ôm hàng chán",0
ô óc kũh,1
shoppe ơi ẩm_ương vừa thôi có cái tài_khoản không có số_dư trong tài_khoản mà đến lúc xoá tài_khoản cũng không xoá được vì kêu còn số_dư trong tài_khoản ? ? ? ?,0
rất tốt.giao hàng thân thiên nhiệt_tình,1
bỏ cái tính_năng tự thanh_toán đi shoppe l,0
"sao lại có cái áp chỉ mua_sắm thôi mà tệ đến mức này ? ý là mình chỉ áp voucher thôi ? nghe kĩ đi chỉ áp voucher thôi mà nó tự_ý huỷ đơn mình , gọi hỗ_trợ chăm_sóc khách_hàng thì nói_năng lung_tung , người ta hỏi về việc bị huỷ đơn hàng thì nó trả_lời việc voucher ? ? bị gì vậy",0
shoppe lm ăn gì đâu ko sdt ms tạo tự_nhiên khoá tức HT muốn nói,0
yasss,1
"Hoàn hàng không đc , lạy",0
tải về mà cái quảng_cáo nó nhập vào cái game làm lag vl ko chơi được cái gì,0
app tệ,0
app tốt nhưng đôi_lúc bị đứng khi thao_tác quay trở_lại từ trang con,1
"l ô , LLLl / Ô / l l l / ô , lllllllll KHÔNG",0
lừa nhấp quảng_cáo,0
giao hàng muộn chục ngày còn tự huỷ đơn,0
ok đẹp sẽ mua nũa,1
"shopee làm_ăn kiểu gi vậy , cho voucher giảm_giá người mới mà sài cái nào cũng không được , vậy cho làm gì ? ? ? ? tệ vkl",0
đâu cũng quảng_cáo,0
đặc hàng xong huỷ ko trả mã giảm_giá nhắn thì kêu chưa hỗ_trợ cho trường_hợp này,0
"khách mới mua hàng , shop huỷ mà ko trả lại mã đảm giá",0
"shopee luôn có giá tốt , sản_phẩm chính hãng",1
Quảng_cáo lừa người ta bấm vào nút X ( nút bỏ_qua quảng_cáo ) giả để vào Shoppe t tải r m đừng làm thế nữa,0
"Kho hàng Phường Sài_Đồng , quận Long_Biên , Hà_Nội có phải bị cháy không mà hàng mỗi lần tới đó đều bị lưu 3-4 ngày vậy",0
AI hỗ_trợ chỉ để làm màu,0
"Quảng_cáo ngu , phiền vl",0
rất nhiều đồ cute lại rẻ rất chất_lượng,1
quảng_cáo 10000 😡😡😡😡,0
đặt địa_chỉ mà shipping ko giao tới,0
"chịu app , bảo 1/9 giao 3/9 r chx giao lậy mẹ",0
jujyuu ưuu sẽu ưuuhi,1
giao lâu vl,0
sài ok,1
đã tải r cứ quảng_cáo app ngu,0
cho mã giảm_giá mà chỉ áp đc 1 mã thì cho chi ? ? ?,0
nhiều người lừa_đảo quá shoppe nên ap dụng cách này yêu_cầu sác mình bằng căn_cước rồi với đc đăng bán ý giờ scam nhiều quá,1
đặt đồ mà del giao tốn mã giảm_giá,0
mẹ vừa đặt xong nó tự huỷ luôn,0
ko tải đc shopee,1
tuyệt 🤗,1
"ngày_trước tuy mik ko thích shoppee đâu , tại ngày trước mik mua hàng toàn gặp hàng kém ko chất_lượng và khá thất_vọng , nhưng giờ mik thấy shop đã cải_thiện nhiều hơn trước rồi , giờ mik cũng thích shoppee hơn trước 🥰❤️",1
"phần hỗ_trợ khách_hàng toàn AI , trong khi nhiều vấn_đề hỏi không trả_lời được . Cần cải_thiện . Mất quá nhiều thời_gian khi xử_lý vẫn đề . Tồi . Ngày 02.9.2026 , ShopeePay tự_động trừ tiền trong tài_khoản ngân_hàng mà không hề được xác_nhận hay yêu_cầu nào tới khách_hàng . Phản_ánh không tiếp_nhận và phản_hồi lại . Tiền vẫn bị trừ và chưa nhận được giải_thích từ Shopee . Bà_con cẩn_thận",0
quá là rẻ còn cho tôi hàng 0đồng nhiều lắm,1
"giao hàng quá lâu , đặt_hàng từ sài_gòn về bà_rịa 5 ngày chưa có , đơn_vị vận_chuyển quá tệ .",0
"tôi nghĩ shoppee nên cập_nhật chi_tiết vận_chuyển đơn hàng cho khách , chứ đặc hàng mà chừng nào hàng đến thì khách mới biết thì bất_tiện cho khách quá",1
k đăng_nhập vô acc đc,0
đang chơi game cái quảng_cáo k thoát đc cái game luôn,0
"vận_chuyển hàng rất tệ , rất lâu , không đúng với thời_gian để ban_đầu , không giải_quyết được vấn_đề",0
"má để giỏ hàng r sáng hôm sau ko thấy nữa , tìm thì thấy ko giống tìm sản_phẩm cx ko có",0
giao hàng nên đúng hàng vou,0
okeeeee,1
"nv hỗ_trợ lôi_thôi . toàn tự huỷ đơn , xoá app mẹ đi , cho ngta voucher giảm_giá để xài , xài nhiều quá thì bảo là lạm_dụng voucher rồi khoá tk ngta , đúng xàm",0
"xàm , có mã ng mới đặt xong cái tự huỷ đơn , shoppee xàm c",0
"suốt ngày quảng_cáo , còn làm các nút thoát giả chỉ cần ấn nhẹ là vô ứng_dụng shopee liền",0
dạo này shope giao hàng vô_cùng lâu mình đặt_hàng 5 ngày r vẫn chưa chịu giao . chỉ hiện đang trên đường giao đến bạn nhưng mãi vẫn hok giao,0
mua j cũng free quá ngon🦭,1
"đặt_hàng mà kh điện giao hàng gòi tự_ý hoàn_trả đơn hàng của người ta , nhắn hỏi thì chỉ có xin_lỗi cho_xong",0
"Mua đơn nào là tự huỷ hết cx ng ta , Shopee ko còn như xưa nx",0
Mở app cái là quảng_cáo nhảy_xổ vào âm_thanh ầm_ầm phiền_phức bố_láo,0
"hôm trước t đặt một đơn hàng xong hiển_thị là đã giao mà t dell nhận được , rồi đơn hàng của t đi đâu",0
"shoppee làm v là sao đã cho người ta mã giảm 80k , họ sử_dụng đặt đơn xong thì lại huỷ sao kh cho từ đầu đi",0
cái mã nào cũng có m02 và d02,0
cos luc dat hang gui ze lau chan,0
sản_phẩm ok,1
tôi hài_lòng,1
đặt_hàng_mã 10k đơn 0đ bị bất_thường,0
app quá tuyệt_vời lần nào mua hàng cũng đc voucher giá hời yêu shoppe,1
"Ứng_dụng khá ổn nha mọi người , mã giới_thiệu ' BKX JJG UW 7 ' cho ai cần nè , nhập vào có thêm ít quà , nhiều tính_năng tiện_lợi .",1
mẹ quảg cáo . cl mẹ lm jj cg thấy m đell ấn lại cho vô gg play lm con_mẹ j ?,0
cho voucher áp lại bảo huỷ đơn,0
"hàng như l , bán điêu , quảng_cáo vs thông_báo nhiều",0
"điện_thoại hỏng chuyển sang điện_thoại khác bắt quét mã qr ở điện_thoại cũ , chúng_mày bị ngu à bọn làm ra cái ứng_dụng tệ_hại này",0
app như l đặt xong đ giao,0
"app kiểu gì v , có cái voucher cx k cho dùng là s ? ở tài_khoản khác dùng đc s tài_khoản của t lại k dùng được voucher ? ? ức_chế thật_sự shopee ạ , nhiều cái nhảm l thật_sự",0
"dm mày thấy tao đặt được giá hời nên huỷ đơn của tao đúng ko , mất_dạy",0
ứng hay tiện_lợi,1
sext0y máy rung,0
lúc ms tạo acc dc giảm_giá đặt xong thì shoppe huỷ mà huỷ thì hết dc giảm nx ln là s z,0
mất phiếu,0
cái j mà ngta đặt_hàng kh cho thanh_toán bằng tiền_mặt mà phải KÍCH_HOẠT SHOPPEEPAY mấy cái thì ẩn đi muốn trả tiền_mặt cái nó bị lỗi phải đợi 24g sau đợi mấy ngày vẫn v lm cái del j cx bắt kích_hoạt sp pay vừa vừa th má ngta tin ngta dùng mà làm_khó hoài,0
rất hời và siêu tiết_kiệm,1
đặt cái áo có vé giảm 30k shoppe bảo mình đào lửa chịu,0
"rất tiếc , tôi không dùng zalo",1
đcm shopee tao kiếm mãi mới có mã 150 mua mô_hình dứa mua xong mày huỷ luôn vì cái lí_do vớ vẫn mất_toi 150k vô_lí đcm shopee,0
bum bùm bụp giấm 0pp0 Như mơ,1
gắn hàng ảo gài mã người mua,0
ship đồ_ăn ngày_càng mắc,0
tính ra ngta dg mua ngon mà_lại huỷ ? bất_thường chỗ nào ? ?,0
mệt,0
a .. cdw,0
"nói thật app rất hữu_ích khi đặt_hàng những thứ bản_thân cần , nhưng quảng_cáo tràn_lan đầy trên mọi ứng_dụng , hết 10 wed thì 10 wed có quảng_cáo shopi rồi . ngay cả wed đen cx không tha🥰",0
tốt ko còn gì để nói,1
OK .....,1
vào phần chuyển_đổi tk thì bị lagnko vô đc trong khi mạng vẫn bth,0
cho mã dùng thì lại ko đặt đc bao_nhiêu lần rồi xong cứ huỷ đơn trả hàng thì ko cho,0
"Mới tải xong vô , đẹp",1
"Cực_kì chậm , tự_động trừ tiền gia_hạn gói không qua xác_nhận",0
hơi nhiều quảng_cáo,1
Bây_giờ tới quảng_cáo cx vô_ý_thức vậy . Quảng_cáo xong cái tự_động nhảy vô trang shopee luôn z ? Ai_mượn z hả . Đánh_giá 1 * và kbh xài shopee,0
cho tôi múa p,0
"cái mua trước trả sau thu thì thu sớm lúc có tiền lại không cho nộp trước làm_ăn kiểu này chết dân như cái bẫy để cho người khác vào nợ xấ , mọi người cẫn thận đừng có dại mà dùng",0
Mua_bán Shopee không thả ra ?,1
nói nói tải va lô mà t ko có va lô,0
shopee như l cho vouchour giảm còn 0đ r huỷ đơn vì giao_dịch bất_thường,0
cũng khá ổn .,1
ok nha mới tạo đc 0đ hết mọi ng nên mua thêm vch và xu thì giảm nên tải,1
Rẻ hơn tik tok là đc,1
rất là bực_bội đăng_nhập có tk và mk hết cái nó kêu liên_kết mail mà tk mail đó thằng google nó xoá từ năm nào yêu_cầu shoppe bỏ liên_kết bằng imail đi cho 1 sao 😡😡😡😡😡😡😡😡🤬🤬🤬🤬🤬🤬,0
lụm thôi,1
"em không sao , shopee 1 sao ☺️ , lấy lại công_bằng cho những người bị huỷ đơn , đơn hàng bị shipper huỷ mà shopee k giải_quyết , mất voucher 100k mà shopee hoàn cho voucher 10k , giỡn mặt hả 🙂",0
"cứ bắt cho thêm số điện_thoại trong khi có 1 số thì làm_sao mà cho thêm , đặt đồ_ăn mà cứ cho cách mấy chục m là sao , có quán gần hơn mà",0
kg thích,0
dùng ổn giá cũng ko đắt lắm nhưng ko có nhiều free ship còn có thu_thập xu để giảm tiền nữa khá ok,1
"shopee tự huỷ đơn hàng của mình , lý_do huỷ vô_lý vch= ) ) )",0
trả hàng hoàn tiền lâu,0
dcu chơi đc tí game quảng_cáo thì lắm vcl,0
"qc lắm cực , phiền vch , nút tắt qc thì nhỏ",0
mua hàng thì shoppe báo lỗi không cho đặt rất khó_chịu,0
như cái db,0
1s ko nói nhiều,0
dc 5 đơn 0đ trg lần vận_chuyển đầu_tiên,1
ko cho đặt_hàng luôn nên xoá app thì hơn,0
Cứ vào shoppe là tự vào phần live & video ? ? ? ? ? ngáo à😡,0
1 quảng_cáo cho tận 3 cái nút thoát giả,0
"app lỗi hiện giá của đơn hàng ( cả 2 lần 1 l huỷ 1 lần mua hẳn ) là 119k để gài ng mua sau khi ck shopee pay thì tự_động gán cho shopee vip , cskh vô_trách_nhiệm chuyển từ ng này qua ng khác , k giải_thích thoả_đáng cho người dùng , khuyên tht nên qua mấy sàn khác mua đồ xoá bà app l này đi",0
"Dịch_vụ giao hàng càng_ngày_càng yếu_kém và thiếu chuyên_nghiệp ! Đơn hàng trễ hẹn liên_tục quá hạn dự_kiến , shipper thì làm_việc không có tâm , toàn đưa ra lý_do bao_biện xàm xí . Đã vậy quy_trình xử_lý phiền_phức , không tôn_trọng thời_gian của khách_hàng . Trải_nghiệm mua_sắm vô_cùng tồi_tệ và tiêu_cực . Sẽ xoá ứng_dụng và chuyển sang nền_tảng khác ! 1 sao ! 😾",0
1 trog những áp hay đặt và có sự uy_tín hơn app khác tích _ cực ),1
săn sale ngon,1
"Shopee bây_giờ tào_lao thấy sợ , shop thì treo đầu dê bán thịt chó , vận_chuyển thì không đúng hẹn , rồi bố_thí cho cái voucher 15% , trể vài ngày thì tự huỷ đơn luôn , cskh toàn đưa_đẩy chẳng giải_quyết được gì",0
oki lắm,1
"không hiểu sao khoá vĩnh_viễn account ny mình , mất mấy tháng tích xu",0
tôi thấy shopee,1
mình toàn bị l01 luôn ý ko lm gì cũng bị bực nên cho 4 sao mong shoppe thấy và cải_thiện,1
tự huỷ hàng,0
kêu free ship mà có thấy đâu,0
tốt tiết kiệm nhiều,1
"vip thì ko cho mua , cho voucher thì không xài được , tài_khoản mới , máy mới đặt_hàng 3 ngày xong bị huỷ đơn , mất voucher ngon , cứ sơ_hở lại thấy shop huỷ đơn ức_chế vô_cùng . Nhiều shop bán đồ giả , đồ đểu cho khách xong hỏi lại cskh xin hoàn tiền thì cứ nhập_nhằng này kia , làm_ăn lố_lăng cực_kì .",0
toàn bị gd bất_thường trong khi mik chẳng làm j đặt_hàng éo đc,0
có thuế khi mua hàng,0
như cặc lỗi lỗi cực cưk,1
giao hàng nhanh và có nhiều khuyến_mãi rất ok,1
ship giao hàng như lol đơn hàng 0đ chưa nhận mà_thống bao đã nhận ...,0
"Good , nơi mua_sắm đáng tin_cậy .",1
đcm đặt có 1 đơn thôi mà huỷ lên huỷ xuống,0
Chính_sách về tài_khoản không tốt .,0
"mua hàng nhanh , gọn lẹ , hàng nhiều loại , nhiều kích_cỡ , nhiều màu_sắc , giá từ thấp đến cao dễ lựa_chọn , được mã giảm_giá , nhiều khuyến_mãi , rất tốt",1
đặt đơn 1 tuần đ thấy giao vô check thì thấy ĐƠN HÀNG SẼ HOÀNG TRẢ VỀ NGƯỜI GỬI hay lắm shoppe 5 sao,1
chuyên bị sheper báo trả hàng không rõ lý_do,0
"cho mã để khách_hàng săn rồi huỷ đơn kêu khách_hàng giao_dịch bất thươngg , đèo mẹ , 10 lần đặt huỷ cả 10 lần",0
"lừa_đảo ko à , đặt địa_chỉ đúng mà toàn là giao chỗ khác",0
ngta mua hàng 0đ thì tự huỷ hàng của ngta shopee ghen_ăn_tức_ở à,0
ngáo nặng,0
sai thời_gian nhận hàng và k thấy hàng,0
t đặt 3 đơn bị huỷ 2 đơn luôn,1
"cứ có mấy voucher 80k lm j ? ? ? đến khi mua hàng thì k cho áp mã vô từ 80k cho đến mấy vch 60 50 cg vậy , k cho sd🤬",0
"App dùng ngon nhưng game tưới cây quá keo_kiệt , 0,01% trúng 10.000 xu chắc dành cho người lập_trình !",0
đặt mã giảm cái huỷ vãi chưởng thiệt,0
rẻ hơn tiktok nhiều thứ,1
vẫn rác,0
tự huỷ của khách_hàng ? ?,0
tốt an_toàn trả hàng bình_thường,1
"lag , không xem giỏ hàng đc , ko tìm đc đồ , lỗi liên_tục , rất tệ 1 *",0
Xài mã miễn_phí vận_chuyển nhưng vẫn tốn_phí vận_chuyển là sao,0
"các trò_chơi để lấy thêm xu lúc trc thì chơi đc , dạo gần đây thì ko chơi đc , mong shopee sớm khắc_phục lỗi",1
kvaratskhelia,1
làm_ăn như l tự_nhiên xoá tk,0
"shopee thời nay quá chán , mua hàng thì lúc_nào cũng báo lỗi mã , đến chịu .",0
bảo_vệ người dùng khá ok,1
ít quản cáo lại,1
"hệ_thống quét lỗi tự huỷ đơn của khách nhưng_mà quét lỗi sai , báo cho cskh thì không hỗ_trợ được",0
"không có ốp lưng cho đth a42 5g ,",0
không đúng đơn,0
okk,1
đag lướt tt thì có vd hình lướt qua cái bật vô shoppe luôn,0
"Cho voucher xài xong khoá acc vì bảo lạm_dụng voucher , vậy đừng cho voucher làm_chi . Càng ngày khoá 1 cách càng vô_lý .",0
giá rất rẻ,1
ăn rồi huỷ hàng khang,0
Rác,0
tự huỷ đơn của khách,0
"dùng tốt và có nhiều vo trờ , kiếm su cũng nhanh",1
uh thức 5 - 6 đêm liền ko đớp được cái vocher nào,1
huỷ ko cho mua thì ra vocher giảm_giá làm gì để người ta ra tiệm mua cho_rồi làm ra sàn tung giảm_giá khách mua ko cho lừa_đảo à,0
cứ mua được bao_nhiêu là nó lại cấm nick bấy_nhiêu,0
cứ bắt đi xác_minh điện_thoại,0
không có phương_thức thanh_toán khi nhận hàng,0
"Thiết_kế rườm_rà , khó mua hàng",0
app tự_ý huỷ đơn hàng vô_lý không lý_do quá tệ_hại,0
cơ tướng luyên tri chơi_vơi mắy,1
cái xác_minh sđt bị sao v mã ngta nhập đúng k sai chữ nào mà nó vẫn cứ bảo sai là s theo t nên huỷ cái xác_minh sđt kia đi,0
giao_diện chính của shopee lag vô cùng😵,0
"giao chưa đúng hẹn , thời_gian địa_điểm shipper giao hàng chưa chuẩn để khách_hàng theo_dõi đơn , cần bổ_sung thêm số điện_thoại của shipper để khách_hàng theo_dõi .",0
liên_kết shoppee pay ko nhận đc xu lừa quá,0
"hàng ko đc giao mà bị hoàn_trả , ship ko giao đơn 😡",0
chơi game may quảng_cáo hoài ra con cho,0
duma qc như c,0
tuyệt_vời trên cả tuyên vời cần j lên đặt là có giá sốc 🤯,1
"mua dc nhiều sp ưng_ý , rất rẻ",1
tiện_dụng nhanh_chóng,1
"shoppe bị lỗi phần đăng_nhập , kéo qua để hoàn_thiện hình_ảnh bị che mất 1 nửa ko thể kéo được",0
nhiều lúc đặt còn bị shop tự huỷ ?,0
shipper khong giao tick thành_công,0
bán đồ mắc,0
"đồ thì rẻ hơn thằng tiktok đấy , nhưng vào app k được , luôn báo k có mạng dù mạng vẫn mạnh , xoá tải lại 1 lần thì k cho tải , lần nữa thì tải được nhưng ko vào được , app làm_ăn kì v",0
Rất là ! Tuyệt_vời 5 sao ❤️,1
tui nghĩ rằng bỏ cái xác_minh sdt và thay bằng email sẽ oki hơn,0
Chờ bao_lâu mới có cái voucher để đặt thì lại huỷ vì giao_dịch bất_thường trong khi cái acc chẳng mua hàng mấy . Huỷ xong rồi mua lại thì bắt mua lại với voucher lỏ đắt hơn cả trăm .,0
"Quảng_cáo bẩn , tôi sẽ không dùng vì quảng_cáo cứ tự_ý vô trang_web hoặc ứng_dụng đến lần này đến lần khác , mong shopee làm_ơn đừng làm ra quảng_cáo bẩn này nữa ! ! ! !",0
"nhanh , thuận_tiện",1
rất tiện_ích và uy_tín,1
tôi k thích vì quá nhiều qc,0
Không có giao_diện tối,1
tự huỷ hàng rồi huỷ luôn voucher của ngta,0
shopee cứ kiểu j á nói cho áp mã 0k mà áp vào rồi vẫn vậy,0
K tốt,0
hy gây phiênnf toái,0
đi đâu cx gặp quảng_cáo đã dùng đã tải r còn quảng_cáo khó_chịu vc tắt QC thì toàn lừa xứng 1 sao,0
Quảng_cáo tự_động nhảy app hoặc tự_động nhảy trang . Quảng_cáo lại còn nút tắt giả nữa chứ,0
làm mất đơn hàng của khách tại bưu_cục và không_thể tìm lại được . nhân_viên bưu_cục lẫn nhân_viên chăm_sóc khách_hàng đều thiếu trách_nhiệm,0
l love shoppee em yêu shoppe vocher đỉnh thiệt vài đơn em săn không mất tiền luôn á vocher xinh lắm luôn mà một đơn của em shipper không giao kệ đi đơn 0Đ mà em vẫn đánh_giá shop 5 sao sợ shop bị tuột sao em vẫn yêu shoppe,1
Quảng_cáo trong game nhiều,0
"tự_ý huỷ đơn hàng của mình mặc_dù đã giao đến kho , không_những không được hoàn voucher mà_còn bị cắt voucher , bị nói là phát_hiện hành_vi giao_dịch bất_thường mặc_dù mình đặt bằng số điện_thoại và địa_chỉ của mình đã dùng trước_đây , thực_sự rất tức_giận .",0
mãi yêu shopee 💕💕💕💕,1
tuyệt nhưng tại_sao tung ra dull rẻ song bị quét trúng hoài vj phải mở nhờ hỗ_trợ bn lần,1
ko uy_tín,0
nhiều lúc dùng shopee lag quá đợi mãi vẫn báo lỗi,1
Rất tệ,0
mua hàng 0d mà ko giao báo cho khách là bị trục_trặc lừa_đảo,0
khá giao hàng nhanh có một_chút uy_tín ổn_áp đã mua trang_phục khá ok giống như trên hình real no fake,1
mua hàng mà cứ huỷ đơn lần đầu mua mà cứ nhiều lý_do không biết nó ngon chỗ nào nhưng_mà tệ không đc gì ưu_đãi thì ko có bao_nhiêu,0
mua đồ tốt,1
"bắt cấp quyền lưu_trữ mới đánh_giá được , máy Samsung có quyền lưu_trữ đâu , đề_nghị chỉnh lại",0
"1 sao quản cáo cố_chấp , chứa hình_ảnh nhảy cảm , bán nhiều đồ giởm không nên tải.Không chỉ thế qc app này cũng hay có tình bắt vô app khi ko ai cần nhạc qc gây khó_chịu . 1 vài qc app rất khốn_nạn ở chỗ cố_tình ép vào app và lừa_đảo",0
ấn đặt thì lỗi xong lại giao_tiếp ship bơ thái_độ,0
tu dong huy don cua ngta,0
Cảm_ơn Shopee vì chất_lượng sản_phẩm tốt hơn mong_đợi .,1
rút trộm tiền từ tài_khoản khách_hàng để chuyển cho ứng_dụng khác khi không có bất_kì thông_báo xác_nhận như cài_đặt thanh_toán .,0
ok ngon bổ rẻ,1
"nhiều trang rác , spam tin nhắn , nhiều shop buff người mua , lag giật thiếu ổn_định , nhắn_tin còn hạn_chế , quá nhiều quảng_cáo rác như AI . chế_độ tìm_kiếm đề_xuất không liên_quan ( search không ra ) . hơi bị tệ nha shopee , coi lại đi",0
"cần cải_thiện nhiều thứ vì lỗi khá nhiều với_lại thiếu trách_nhiệm , đơn đang vận_chuyển mà gần 5 ngày chưa thấy giao thậm_chí di_chuyển đc có chút síu rồi tự huỷ đơn bảo là khách k nhận hàng rồi kêu đơn áp mã ( k có ) oải thật",0
quảng_cáo ngoại_giao thấy phiền là,0
cua hàng đưa ra đúng giá khi vào đặt_hàng shoppe tự đội_giá lên là sao,0
đổi trả hàng ko duyệt,0
"xem j , lmj cx cx qcao shopee , nhảy qua shopee , phiền vô_cùng , 0 sao",0
mua và hoàn tiền rất nhanh,1
đắt,0
cũng đc nhưng_mà nó ko có nhận hàng trước khi giao,1
gôd,1
giao hàng lỗi ko giống ảnh mà hoàn hàng thì ko cho,0
shopee có nhiều ưu_đãi sử_dụng rất tốt,1
rất cảm_ơn Shopee,1
"tiện , nhanh",1
"Giao hàng đúng thời_gian , phí ship hợp_lý , đổi trả hàng rất ok .",1
đã trải_nghiệm khá tốt,1
khá ok nhưng_mà hay xảy ra hiện_tượng shop tự huỷ đơn nhưng mình đã cộng voch và xu không hoàn_trả,1
Quảng_cáo lắm,0
Hôm nào cg đặt đồ đẹp quá mà ví tiền sắp cháy r khóc khóc khóc khóc,1
theo_dõi đơn hàng như đb nhảy loạn cả lên ko biết ở đâu,0
đã áp_dụng vocher nhưng không được giảm_giá như mô_tả,0
mới mua đồ xong nó tự huỷ,0
uy_tín và rẻ nhất so với các sàn,1
Như l,0
quảng_cáo rác quảng_cáo xong không cho ngta bỏ_qua mà cứ nhảy vào app làm người xem khó_chịu,0
Shopee cái gì cũng có !,1
app càng_ngày_càng giựt . nhiều khi vào muốn xem và đặt_hàng nhưng cứ đơ đơ . bực vcc . nên có phần tắt video tự_phát,0
dời ơi cáu quá luôn đấy . đnhap lại tk cũ để huỷ lk thì cứ kêu k xác_minh đnhap đc . nhắn nv rồi hỏi tổng_đài đủ thứ k đc 😡😡😡😡,0
Mình cần khiếu_nại voucher giảm 100.000 đ cho đơn tối_thiểu 100.000 đ . Mình đã quay trúng voucher lúc khoảng 12:19 ngày 31/08/2026 và hệ_thống yêu_cầu chờ đến 00:00 ngày 01/09 mới sử_dụng . Mình đã vào ngay khi voucher bắt_đầu có hiệu_lực nhưng voucher báo “ Đã hết lượt ” . Nhờ Shopee kiểm_tra lịch_sử voucher và hỗ_trợ xử_lý trường_hợp này . Hiện_tại mình không_thể gửi ảnh do khung chat bị lỗi.ứng dụng rất khả_dụng,0
lm nhiệm_vụ xong cứ thất_bại là sao 🙂,0
"nhiều mã giảm , đa_dạng sp , hỗ_trợ đổi trả tốt hy_vọng tương_lai sẽ có nhiều thay_đổi tốt cảm_ơn shopee",1
quay ra voucher giảm 100k cho đơn tối_thiểu 100k ra check ko thấy,0
"hoàn hàng chọn phương_án bưu_tá đến lấy nhưng 6 ngày không một ai đến , trước thì có khách đặt đơn mà cũng không ai liên_hệ để lấy đơn hối lấy hàng bao lần cũng chả được gì chat với con AI ở chăm_sóc khách_hàng thì rước bực vào người",0
"dịch_vụ hoàn tiền quá lâu , phải đợi 24 giờ chỉ mấy chục nghìn như v quá lâu",0
hay đơ mã giảm_giá hay bị lỗi,0
"là app đặt_hàng mà mình luôn tin_dùng , nhiều ưu_đãi và đợt sale lớn , đơn hàng đầu_tiên cũng giảm sâu , khá là yêu shopeeee",1
"tk k làm gì cũng khoá , mã thì k áp được , riết cần mua đồ gấp cũng k mua dc . xoá app luôn dùm cái",0
ở ngoài thì 0đ vô gần 100 mẹ vô_duyên 😒,0
không thích_hợp,0
rất nhiều lần shiper ko giao hàng ko liên_hệ khách_hàng rồi tự_ý trả hàng với lý_do ko liên_hệ được khách_hàng . khiếu_nại nhiều lần mà shopee ko hể giải_quyết vấn_đề . quá tệ,0
má cái mã cứ có m02 với ko cho xài mong sửa,0
dẻ,1
Shopee tiết_lộ thông_tin khách_hàng hay sao vậy ? ? ? nhiều đơn hàng Shopee gửi đến nhà nhưng thực_chất người dùng không có đặt_hàng ! cần một lời giải_thích từ Shopee ạ,0
nhanh gọn chu_đáo,1
ko cho đnh bằng passkey với_lại ko cho đặt_hàng dù tui có tk r,0
dùng ok á,1
có_ích,1
shoppe bây_giờ quá rác_rưởi mua đồ săn sale bị lừa liên_tục . nó quảng_cáo 1 đường bán 1 nẻo . hoàn tiền thì chậm chờ lâu hết cỡ,0
"Rất nhiều shop trên @ shopee và cả @ lazada bán hàng chất_lượng rất kém , thủ_đoạn của họ là mô_tả mập_mờ không đủ thông_tin và dùng hình_ảnh Photoshop để lừa khách_hàng . Điều tệ_hại là dường_như có sự đồng_loã của nền_tảng . Đặc_biệt shopee không cho đánh_giá lại sau một thời_gian sử_dụng . Tôi mua một đôi giày đi vài lần đã nứt đế muốn đánh_giá lại mà không được .",0
ms tải về đc giảm_giá hết giảm_giá r lại quay về giá cũ tích _ cực ),1
"nó cứ bị mã F02 , rồi m04 á , shopee quá là tệ",0
"uy_tín , an_toàn",1
"Chính_sách siêu tệ , CSKH cũng rất rất tệ , tkhoan mình bị trừ mình gọi lên bên ngân_hàng thì mới biết trừ gia_hạn shoppe vip trong khi mình chưa bấm xác_nhận thậm_chí kh biết có shoope vip mà liên_hệ bên CSKH thì làm_ăn chán kh thông_cảm hay xử_lý được",0
"chờ 1 tuần_lễ và chỉ nhận được 1 phản_hồi "" đơn hàng sẽ bị trả cho người bán """,1
quảng_cáo gây khó_chịu,0
xài ổn ko lag,1
"Shopee làm_việc rất chuyên_nghiệp và tận_tâm , nhất_là chính_sách ko đồng kiểm để từ_chối đổi trả , 3 lần 4 lượt từ_chối trách_nhiệm và dài_dòng lôi_thôi . Chúc Shopee luôn phát_triển với đội_ngũ hỗ_trợ có cũng như_không !",0
Đặt một nơi gửi một nơi,0
Tuyêt vơi D r,1
dịch_vụ vận_chuyển rất tệ.làm móp méo.gãy hỏng hàng . đề_nghị shopee làm_việc với đối_tác vận_chuyển phải đảm_bảo giao hàng còn nguyên_vẹn .,0
ghn vô_duyên vô_cớ hoàn hàng r lại ns khách là k nhận hàng t bị tận 3 đơn đề_nghị shopee đổi đối_tác,0
"hồi trước trả hàng dễ lắm , bây_giờ cứ liên_tục kêu bằng_chứng khiến việc mua sản_phẩm nhái không hoàn hàng được",0
"r tốt dễ sử_dụng , đa_dạng hàng_hoá",1
gắp xu lừa_đảo,0
-1 sao tại vìi lag quáaa aa : _ ),1
cho mã giảm_giá chi r tự_nhiên huỷ đơn ngta vô_duyên z tr,0
Sản_phẩm tuyệt_vời hơn sự mong_đợi re hon nhieu noi,1
"Giao hàng uy_tín , đổi trả dễ_dàng , đáng tin_cậy .",1
giao hàng cực_kì lâu kho thì ngâm đơn hoài ko chịu đi nói_chung thì quá tệ,0
dùng shoppee rất tiện trong việc mua_sắm online,1
2 tuần không hoàn hàng gọi cho cả tổng_đài kêu 1-2 hôm hoàn xong vẫn không hoàn đợi hết thời_gian hoàn hàng rồi tự huỷ,0
do qua dat,0
Update xong nhìn không phân_biệt được shop nào với shop nào luôn đấy,0
đặc phải hàng sai hoặc kém chất_lượng thì ko cho hoàn,0
đang ký shoppee vip mất tiền . mà sử_dụng mã giảm_giá shoppee vip thì bị huỷ liên_tục khiếu_nại thì trả_lời chung_chung chán con pee gẻ wa .,0
tự_ý huỷ đơn 0đ của khách_hàng ?,0
"có mấy đơn ý , có lúc giao về ko đúng trong mẫu còn xấu với rách nữa chứ .",0
săn nhiều đồ giá rẻ thank shoppee,1
dong y,1
sao ko cho mã giảm_giá cao hơn,1
tôi đã bị mất 200k tiền oan tuy k đặt j nhg có hàng đúng sdt tôi địa_chỉ của tôi,0
"cũng vui khi sử_dụng nếu biết cách , or other like ... 👽",1
2 đơn của tôi để đã giao hàng thành_công trong khi đó chưa nhận được hàng và trong hôm đó shipper cũng không gọi điện luôn mà chụp hình chỗ nào á không biết khiếu_nại thì từ_chối shopee làm_ăn kì vậy ?,0
Tôi thấy mua đồ rất hay và giao đúng hàng,1
rất thích mua hàng tại shoppe rất nhiều mặt_hàng và chất luong,1
spawn quảng_cáo quá,0
"dell hiểu mua hàng xong sai địa_chỉ , ko cho đổi địa_chỉ vì tiền ship đắt hơn nên huỷ đơn mua đại thì M 02 / D 02 ạ chịu shopee",0
bấm đặt_hàng cứ bị đá do vi_phạm giao_dịch bất_thường trong khi không ai làm gì cả cả tháng mới đặt 1 lần,0
rất hoàn_hảo,1
"1 đơn hàng cả tuần chưa giao , làm_ăn càng_ngày_càng chán",0
Ứng_dụng tốt,1
chan bố mày đi,1
App như lol,0
shoppe tự huỷ đơn ko hiểu lý_do ?,0
đặt_hàng mà cứ ko giao hàng dc tao đặt chắc cũng chục lần nhưng ko giao là ko giao,0
giao hàng nhanh toàn đặt đc đồ 0đ giống qcao rẻ,1
dm mã còn đ cho dùng mà mã có đang bán_chạy đ đâu làm t mất_công canh h,0
"chó shopee tuất cỏ , cho sự_kiện lq xong toàn ra hộp rổng",0
Rứa,1
nhiều quảng_cáo chen vào các app khác .,1
chưa làm gì báo sdt bị khoá f01 f02 báo mở mấy ngày vào lại vẫn kêu chờ tiếp 3 ngày xin phép đánh_giá xấu,0
siêu thích,1
đặt 2 đơn kh đơn nào giao r tự_nhiên hoàn về ng gửi chịu,0
"thật_sự không hiểu nổi , đặt_hàng , đã vận_chuyển xuống kho giao hàng luôn rồi báo là shipper đã nhận giao đơn nhưng chờ mãi vẫn không giao cứ để là đang vận_chuyển / đang giao tới , đợi tầm 1 tuần vào xem_lại thì lại để là đơn hàng đã hoàn_trả về người gửi ? ? ? , trong khi đó không có nhu_cầu hoàn_trả hàng , săn sale đã_đời xong tự_động hoàn hàng rồi bắt phải đặt lại với giá cao hơn , tệ vl , giao trễ hơn ngày dự_kiến 2 ngày cũng không nhận được voucher , tởn rồi",0
shipper không trả lại tiền thừa,0
"giao hàng lâu 28/9 đến 31/9 đơn vẫn đứng 1 chỗ ko di_chuyển còn t ở bến_tre hàng thì ở Hà_Nội trong khi t đặt 26/9 liên_hệ cskh thì để AI trả_lời như_không , không giải_quyết được gì còn kiu tao huỷ đơn nữa chứ",0
"OK xịn sò , nên mua",1
Quảng_cáo vô_tội_vạ vãi,0
tốt thường_xuyên giảm_giá,1
tớ thích lắmmmm,1
ko hỗ_trợ khách_hàng đổi trả sản_phẩm kém chất_lượng,0
"lần đầu mua trên đây đc ưu_đãi khách mới mới đặt đc , tới ngày bị shoppe huỷ nói giao_dịch bất_thường mất mẹ voocher lấy hàng thì lâu mất 2 ngày mới lấy hàng",0
KM quá đã,1
"Shoppe dạo này sao á trời , bth thì giao 3 lần không được mới huỷ nay mới giao có 1 lần không được cái tự_động huỷ , trong khi giao không gọi cuộc đt nào mà bảo là người nhận từ_chối nhận , lễ giao không kịp thì qua lễ giao cũng được làm gì tự huỷ đơn nữa tr , kiếm cái lí_do huỷ chấm_hỏi thiệt sự",1
"khá là hay mua lượt đầu 0đ lượt sau giảm 50% hàng mua về đc kiểm , hàng chất_lượng",1
okela,1
"khi cập_nhật lúc chọn ngân_hàng để liên_kết tìm mã ko thấy Bến_Tre ở đâu ? rồi Vĩnh_Long chẳng thấy Bến_Tre cũ , hay huyện mỏ_cày bắc , bến_tre ở đâu cả .. rồi liên_kết ngân_hàng kiểu gi ? chưa kể tôi dùng mã giảm_giá của shopee nhưng khi áp vào mua hàng là khoá f02 luôn .. cho khách_hàng làm gì khách dùng lại khoá của khác .. tôi đã bị khoá f02 8 caí tk shopee rồi .. mong kiểm_tra lại vấn_đề này .. cho mã người ta chi áp vào là khoá tk . apps cập_nhật kiêủ gì ko áp ngân_hàng vào được , ko chọn dc tỉnh mì",0
shoppe áp mã giảm đặt ko đc chịu,1
phải đặc được hàng,1
nhiều shop bán hàng không đúng như quảng_cáo,1
hay bị lỗi ko mua được đồ,0
"app đôi_khi khá ngu , cũng ko phải đôi_khi lúc_nào cũng bảo_mật , mật dù đó là thông_tin chính chủ mà vẫn sai",0
quá ok 👍,1
quảng_cáo lắm khó_chịu vcd tích _ cực,0
Quảng_cáo nhiều quá,0
sao lại không đặt_hàng như lúc trước mà_lại bắt dùng thẻ hay ngân_hàng làm gì vậy ? ? đã thế còn bắt trả trước ? ?,0
k giao hàng rồi tự hoàn hàng,0
đặt_hàng từ huỷ,0
"cơ_bản tin cây , shopee vẫn còn còn để 1 số shop bán hàng chất_lượng không như quảng_cáo",1
"mỗi lần đã mua gì rồi mà cứ đề_xuất món cũ thôi , không có đề_xuất món mới cả !",0
nhanh tiện gọn,1
suốt ngày lỗi,0
"quá tệ , đổi trả mấy cái nhỏ nhỏ còn được chứ hàng có giá_trị chút là rất phiền_phức , nhân_viên thì nói_chuyện lí_nhí , không có trách_nhiệm , không bảo_vệ được người tiêu_dùng . đã gắn_bó với shoppe lâu rồi mà nay cảm_thấy thật thất_vọng !",0
"Phần đăng video lên đánh_giá bị lỗi , load mãi không lên dù mạng mạnh . Shopee check sửa lỗi nhé .",1
khá tốt,1
cho tôi 0₫,1
quản cáo nhiều phiền,0
bắn ko tính dame,0
"mua hàng ổn , nhanh , nói_chung tuyệt !",1
"shop oke lắm à nhaaa giao hàng nhanh , đúng hẹn , shipper vui_tính",1
hay nha,1
tiện_lợi và giao hàng đúng hẹn,1
"dịch_vụ tốt , giao hàng nhanh",1
Tôi đã đặt thành_công và rất tuyệt_vời . Very very good ! ! !,1
lỗi quá nhiều,0
Mình đặt áo mang không vừa gửi yêu_cầu trả hàng thì shoppe không duyệt trong khi mình có video quay hàng đầy_đủ 🙂🙂🙂,0
"giao sai hàng , kh cho kiểm hàng , gửi yêu_cầu hoàn_trả kh thành_công , nhắn cho shop thì kh rep , hàng về mẫu khác , sz khác , .",0
giao từ 2/3 ngày gì đó được cái có tích xu để giảm_giá,1
ko cho đặt_hàng,0
Khỏi ohải bàn về nó,1
chất_lượng giấy tốt hàng đến tay khách nhanh . ưng_ý với người dùng,1
ship siêu lâu mặc_dù tên giao hàng nhanh,0
"shipper k giao hàng mà_còn huỷ đơn , điện thì không bắt máy , nhắn cx k trl , áp mã còn k đồng thì huỷ , lần đầu dùng shoppe mà như v ai dám mua nx",0
rất . tốt,1
"muốn xem_lại hàng đã đặt mua mà sao vào ko được , có_thể hướng_dẫn tôi",0
mua hàng giá rẻ,1
"ăn_cướp , hoàn tiền vào shopee pay xong báo số điện_thoại không khớp , xong giữ luôn",0
shoppe lm ăn cẩu_thả gửi hàng hoàn về mà để kiện hàng bị tráo_đổi kiện hàng của khách_hàng một lần ko ai dám sài hay mua hàng trên app này nữa sợ quá tệ hơn các trang_web hay sàn điện_tử khác,0
shopee rất rõ_ràng và sòng_phẳng với các shop bảo_vệ khách_hàng tuyệt_vời * được đồng kiểm nên khách_hàng biết được sản_phẩm của mình mua đúng chất_lượng số_lượng * được từ_chối nhận hàng khi sản_phẩm không đạt chất_lượng ..... * Cảm_ơn shopee rất nhiều đã làm_việc ... để khách_hàng tin_tưởng và càn g ủng_hộ nhiệt_tình * Chúc shopee nhiều thành_đạt ...,1
"chăm_sóc khác hàng mà càng_ngày_càng tệ , đã chậm hỏi thì trả_lời đâu_đâu nhắc_đi_nhắc_lại hk phải mà vẫn trl nguyên si , app thì phát_triển đổi ms kiểu j hk bằng bản cũ",0
làm mất mã lần đầu của khách tự_ý huỷ hàng,0
làm_ăn bao_che cho shop,0
giới_hạn nhiều đồ và giao nhanh,1
đặt mà tự huỷ đơn mất voucher,0
khi chơi mini game của shopee gần thắng để nhận thưởng thì nó thông_báo đã xảy ra lỗi chắc_chắn nói không cho mình thắng vì lần nào cũng vậy,0
"shopee kh cho mình đặt_hàng , làm mình tổn_thương shopee tệ vs mình quá🙂💔",0
"được , mua đồ khá tốt",1
"ổn giá rẻ hàng cũng ok , đã mua nhiều trên ứng_dụng",1
"hoàn hàng lỗi cực lâu và khó , liên_hệ tư_vấn hỗ_trợ hơn 3 tuần vẫn ko sắp_xếp đc người đến lấy , cũng ko hoàn tiền cho khách_hàng",0
đặt_hàng thì bị huỷ rồi còn bảo giao_dịch bất_thường tốn voucher,0
tiện_lợi dễ dùng,1
"shopee thiếu trách_nhiệm với khách_hàng . hàng không đạt shopee ko hỡ trợ cho khách_hàng đổi , shop đối_tác shopee thì liên_lạc không được . shoppe rất tệ.sau này tôi sẽ đổi qua app khác tốt hơn . ! ! ! ! !",0
"chất lương hàng_hoá tốt mà rẻ , giải_quyết hàng trả nhanh_chóng . tôi luôn ủng_hộ shoppee .",1
kê giá cao hơn 40-50% rồi giảm 20-30% ° < °,0
đơn 0₫ thường bị shipper lấy,0
có chính_sách tốt hổ trợ người mua.thủ tục trả hàng khi cần_thiết cũng rất nhanh tiện cho người mua,1
Ứng_dụng mua hàng mang đến trải_nghiệm cực_kỳ tối_ưu ạ,1
"Kẹt vốn cần vô trang tên em , khá ổn vay tôt nhất",1
giao lâu,0
nhu lon,0
giao hàng gần đến tay rồi mà_lại chuyển sang giao hàng nhanh làm mất luôn hàng,0
khá ưng nha,1
một trải_nghiệm khá nice,1
"App_Shopee đặt thức_ăn và mua_sắm giá tốt , thường_xuyên có khuyến_mãi . Mình đánh_giá Shopee_Food ok hơn Grabfood .",1
nhiều giảm_giá giao nhanh,1
very Good,1
mấy bạn cskh làm_việc siêu ok rep tin nhắn siêu nhanh,1
"Hàng bị giao muộn , có mã giảm 15k vì giao muộn mà lưu mã nhưng không dùng được , báo mã hết hạn",0
app tốt giá hời,1
khá oke ko đến lỗi lắm,1
"bắt xác_minh sđt , xác_minh xg thì tiền trong tài_khoản mất hết ? ? ? đúng lũ lừa_đảo",0
app mua sắp tốt nhất hiện_nay,1
"Tốt lắm , càng_ngày_càng cải_tiến chất_lượng phục_vụ",1
nhiều phiếu giảm ngon,1
có cho ngta mã tưd 15-20 k rồi k cho dùng bắt đăng_nhập thêm 1 sdt nữa r kêu k đc chịu lên phiền !,0
áp deal của shoppe pay nhưng muốn huỷ thì không huỷ được . mất tiền mà không được gì,0
gắp mất một đống xu mà cứ rớt,0
khi mới tải được tặng tận 80k nên tải,1
tự_ý trừ tiền thẳng tài khoảng ngân_hàng không thông_qua ý_kiến khách_hàng chẳng khác gì lừa_đảo,0
tải về săn sale,1
"quảng_cáo có voucher giảm 80 nghìn tải về thì lúc_nào cũng hết , lag cuối_cùng",0
"app óc chó , quảng_cáo nhiều",0
hết mã giảm cho người mới,0
pro,1
"những sản_phẩm quần_áo ngủ nữ 49k toàn là hàng nhái , hàng dỏm , đồ cũ , mua hàng này đưa hàng kia.làm tốn thời_gian rất nhiều",0
bố m dùng app khác qc gì,0
"Đang săn sale thì buồn ỉa , xin khắc_phục ạ",1
quá thất_vọng đặt_hàng không giao shop tự huỷ đơn,0
mua mà bị huỷ hàng chịu luôn,0
shipper giận khách ko giao hàng,0
bad,0
shopee cực_kỳ hấp_dẫn hàng giao rất tốt nhưng vì một_số lí giờ khiến tôi phải huỷ hoặc đánh_giá tệ sory,1
bán đồ như nồn,0
mã giảm_giá 150k cho đơn 0đ khủng vẫn còn hạn sử_dụng mà_lại bị mất một_cách khó hiểu mong shopee cải_thiện lại,1
👍🏼,1
nhiều mã hyhy,1
"app gần đây làm_ăn tệ_hại không diễn_tả nỗi . Load thì lâu kinh_khủng khiếp , acc yêu_cầu xoá thì không xoá . Lâu_lâu còn lỗi ấm ớ🙋‍♀️ hãm quá hãm",0
"Mua hàng trên Shopee thuận tiện , nhìn_chung đạt nguyện_vọng , thi thoảng có mặt_hàng không như mong đợi . Giá_cả phù_hợp , tuy_nhiên cùng 1 sản phẩm giống hệt như nhau giá mỗi shop lại khác nhau , shop chuyển hàng khá nhanh . Shopee rất nhiệt_tình giúp_đỡ khách_hàng trả hàng khi chất lượng không như mong đợi . Th xuyên cho shop 5 sao . Mong shopee giúp_đỡ khách_hàng trả lại sản_phẩm kém chất lượng thông_qua giao hàng nhanh , nếu qua bưu_cục thì hơi vất vả cho kh.hàng. Cảm_ơn shopee nhiều .",1
thông nhiều phiền vl,0
"Ngày sale shopee nó cho voucher sale to đc giảm mấy triệu để làm màu hay sao mà t dùng xong nó ban acc t lí_do "" lạm_dụng voucher "" . Còn có tình_trạng hay tự huỷ đơn của khách_hàng , phí sàn thì cao làm seller cũng kh yên_ổn .",0
đặt mà lỗi quài,0
tốt vi si eooooo,1
"vui lắm ai , nhg rẻ hơn 1 chút thì tốt ạ🥰",1
thấy ok nhiều vourcher hời,1
ổn nha mua nhiều thì giá siêu hời,1
"đăng_nhập lại vào số điện_thoại từng đăng_ký trước_đây , khi đăng_nhập lại tài_khoản bằng mã sms và zalo đều không được và báo lỗi liên_tục cho 1 *",0
Quảng_cáo láo .,0
"ko đánh_giá đc đơn hàng , nó hiện là lỗi sever .........",0
hàng tốt thật tuyệt_vời,1
Nhập 10 mã được cái mã BackToSchool đặt cái shop bán mắc nhất xong ăn F02 luôn trong khi nick t vừa có shop vừa có TTLK cộng thêm acc cũng hơn 6 năm trời . T đòi chừng nào mở lại cho t thì thôi . Để coi ai lỳ hơn .,0
quá tiện_ích,1
trải_nghiệm mua sấm trên sàn shopee rất ok,1
chuyển_đổi tài_khoản chậm,0
quảng_cáo cái L,0
quảng lắm vl nút tắt thì bé dcmmmmm,0
Tự mở video khi vào ứng_dụng ‼️,0
app xịn nhìu vocher,1
mới_đầu có voucher giảm_giá oki lắm nên thử nha,1
Nói ngày 27-28 nhận đc hàng mà ngày 28 rồi vẫn chưa thấy hàng đâu ? ? ? ?,1
mua hàng an_toàn,1
"rất tốt , rất hài_lòng , very excellent",1
giao hàng đợi mãi không có shipper bảo 3 ngày không ra nhận hàng vì về kho mà trong khi đó 3 ngày đó đi học buổi sáng thế tại_sao không giao buổi chiều app tệ,0
"quên mã pin vào yêu_cầu đổi lại mà chờ cả ngày ko xong , vậy làm_sao rút_tiền",0
"trải_nghiệm không tốt , còn lòng_vòng , chơi game không có nút xác_nhận trừ xu oan uổn",0
dùng Ok,1
"tuỳ_tiện huỷ đơn hàng ( do Shopee huỷ , chứ ko phải người bán ) mà_còn không nhắn thông_báo gì , tốn thời_gian , giao hàng lâu , trung_tâm hỗ_trợ toàn Bot / máy",0
"mã người mới thì hết , mua dùng mã thì huỷ đơn , giá thì trên trời , hết_lời để nói ...",0
"làm mất tài_khoản shopee , còn bị hack acc , bị trừ tiền trong tài_khoản ngân_hàng , gọi điện yêu_cầu giải_quyết thì nói giải_quyết không được .",1
săn được giá rẻ nhưng bị huỷ đơn với lý_do người bán không xử_lý đơn hàng của bạn đúng hạn là sao tôi săn tôi hóng mà giờ huỷ đơn của ngt với lý_do như_vậy rất mệt_mỏi,0
tốt 🐧 hơi bị tốn tiền r giảm_giá ngon hơn tiktok shop nhiều 🤑,1
hiện giao hàng thành_công nhưng chưa nhận được hàng khiếu thì từ_chối,0
tệ app lỏ mấy game thì lừa_đảo cố_tình xếp cho thua đặt biệt là game gắp thú mở hộp quà thì toàn sắp_xếp kết_quả ko có gì gọi là hên xui cả đa_số là mở trượt lừa_đảo cho voucher thì kê giá sản_phẩm lên tính ra còn mắc hơn mua ở ngoài mf còn mua nhằm hàng dỏm,0
"Mua_sắm dễ_dàng , có Sale hàng tháng , dễ săn xu và giảm_giá , đa_dạng mặt_hàng",1
có_khi tôi không đặt được hàng,1
tệ ! Trợ gíup không thành_công ! ! !,0
"sàn mua_bán thuận_tiện , muốn mua gỉ gì gi cũng có , giá_cả , chất_lượng do khách biết chọn shop uy_tín mà mua ! giá_cả thì biết áp các mã giảm_giá đảm_bảo có giá hợp_lý !",1
"hàng giá rẻ , nhiều vocher",1
ê ý là quên mk tài_khoản sau đó vào app bấm quên mk mãi tới bước cuối nó bắt xác_minh bằng mk ? ? ?,0
"Rất thích Shopee , lộ_trình giao hàng rõ dàng , đổi trả hoàn tiền nhanh !",1
tạo tài_khoản hay bị m02 ko cho mua,0
"tôi không biết là Shopee có tính_năng này không nhưng tôi cảm_thấy rất khó_chịu vì tôi đang xem quảng_cáo của Shopee trên 1 app khác và tôi bị nhảy qua Shopee luôn mặc_dù chưa chạm gì vô màn_hình điện_thoại cả và đã rất nhiều lần bị vậy tôi mới lên bài đánh này , mong Shopee khắc_phục .",0
phong_phú đa_dạng những mặt_hàng giá thấp hay bị huỷ hàng,1
Quảng_cáo láo tự nhảy app,0
như lon dm t mua bằng voucher người mới bị shoppe huỷ đơn hàng không phải lần đầu_tiên t bị huỷ mà là nhiều lần shoppe lm kiểu gì vậy,0
chỉ mún kinh_doanh chiếm lợi toàn để những shop kinh_doanh mặc hàng kém chất_lượng buôn_bán .. mặc hàng mua rõ kém chất lượng.khách hàng dù có không dùng được thì cũng đem vứt đi chứ không đổi trả được .. 👎👎👎👎👎,0
giao hàng nhanh đúng sp,1
Tải app này về mua hàng khá tiện,1
đc ổn,1
giao hàng đúng như mô_tả mà giao chậm quá yêu_cầu giao nhanh như bên tiktok shop,1
clm đơn hàng bị huỷ mất mấy cái mã giảm_giá ko có lý_do huỷ luôn lazada ít_nhất còn có cái lý_do,0
Đang mua thì hết tiền mong shop cho thêm tính_năng nợ = ) ),1
lố 3 ngày hàng vẫn chưa giao ? ? cần shoppe cải_thiện nhiều hơn !,0
shopee nên hiển_thị thông_tin tên sdt của shiper giao hàng để khách_hàng tiện theo_dõi đơn hàng,1
yeuuu shoppe,1
ngon bo re,1
"Shoppe làm_ơn tắt cái tự điều_chỉnh âm_lượng đi , phiền quá .",1
đặt_hàng cứ bảo không giao hàng được phải trả hàng suốt,0
t thấy shoppe rất kì mua áo về ko vừa size nhắn shop ko trl trả hàng hoàn tiền thì shopee huỷ khiếu_nại ko phải lần đầu lần 3 r xứ đáng 1 ⭐,0
nhiều quảng_cáo lag vãi ra ko uy_tín,0
thật giả lẫn_lộn hàng giao còn chậm chả có chút uy_tín,0
"Tích xu xong đến ngày là lại reset xu mất hết xu luôn mà chả biết lúc_nào là sale khủng , tích bao_lâu là lại mất hết mà trong khi k biết ngày nào sale khủng cả , vd : tích 30k xu đến ngày 1/1/2024 là reset và hết hạn sử_dụng thì đúng 2/2/2024 sale khủng thì lại bỏ tiền_túi ra thì cũng bằng k , vây là tương_đương , real lố_bịch , cho dc âm sao thì cho : -99 * , Toàn tuyển_chọn shipper mất_dạy , lôm_côm làm_việc thiếu pro ko bài_bản .",0
giao lâu nhưng không sao,1
"shipper cứ không có tiền thối , xong đòi ko trả tiền thối , lần nào mình nhận hàng cũng vậy , đâm_ra là 1 tháng mất chắc cũng 6 7 chục ngàn do shipper cứ kh thối tiền cho mình",0
giao nhanh hàng uy_tín,1
"Shiper kh giao hàng cho khách , trong khi kh gọi cuộc nào cũng kh giao , chưa nhận đuợc nhưng trên app đã hiện đã giao thành_công ? Trả hàng / hoàn tiền thì hiện_ảnh shiper chụp trong khi ảnh trên đó còn kh phải đơn của mình , kh có thông_tin hay Sdt của shiper để gọi hỏi ? ?",0
app này dùng ổn hơn tiktok shop nhiều . bên tiktok shop bắt mua hàng đủ chỉ_tiêu mới cho thanh_toán cod . các mã giảm_giá của shopee cũng thật_sự dùng đc ko bị giả_như tiktok,1
qc nào cx vô cmm,0
Hữu_dụng . sppe hỗ_trợ rất nhiệt tình.tôi dùng app shoppe này rất lâu rồi.từ ngày 6/7/2016 tới nay rồi .,1
"lúc trước thì bình_thường , mà dạo gần đây cứ đặt_hàng mà ko thấy shipper gọi đến , điện_thoại mình thì ko thấy cuộc nhỡ nào và mik phải đặt 2-3 lần 1 đơn hàng đó vẫn ko giao được",0
có mấy cái hay_hay cũng vui á,1
"hàng hoàn về vô_cớ , Đề_nghị shope cập_nhật thêm tính_năng cho xem sdt của shipper chứ tôi mất biết_bao lâu để chờ hàng mà_lại đến_nơi thì shipper ko chịu giao , bên cạnh đó thì còn gây lỗ_vốn cho shop , Mong bên shoppe cải_tiến thêm . rất gây khó_chịu cho người mua và người bán",0
"lướt đâu cx thấy quảng_cáo , thực_sự rất khó_chịu , shoppe ko cần maketing bằng cách vô_tội_vạ thế đâu .",0
"rất rất tệ , tại_sao đơn hàng đến kho Bình_Minh Vĩnh_Long lại không giao đến trạm tiếp_theo giao chỗ tôi mà_lại hoàn về cho người bán ? ? tôi đã khiếu_nại và nhân_viên nói sẽ rút kinh_nghiệm ? ? rút kinh_nghiệm là để tôi bị đến lần thứ 6 hả . tôi vẫn trả tiền cho đơn hàng mà , tôi có lấy free đâu ? khách_hàng có nhu_cầu thì đặt thôi . nói thật luôn shopper làm_ăn chán , tôi khiếu_nại mà vẫn không có thay_đổi , kết_quả lại càng tệ hơn . tôi đã sai_lầm khi đặt niềm tin vào shopee ! ! 😡😡🤬🤬🤬🤬🤬🤬🤬🤬🤬🤬🤬",0
Tốt_Giao_Hàng_Nhanh,1
chơi trò_chơi đc xu mà ko thấy đâu,1
"tôi nghĩ không sài được nữa bởi_vì quá thất_vọng tôi vô mua 1,2 món mà không hiểu đc tôi dẹp bỏ shopee còn hơn 🤧🤧🤧",1
nên tãi,1
Như lônf,1
"Cskh tệ_hại , tự_nhiên đơn hàng shipper tự_ý hoàn_trả về shop làm mât đi vc giảm 100k của khách xong cập_nhật sai tình_hình mà muốn Huỷ đơn để bù lại 10k xu.Ủa có ai khùng mà để mất 100k đổi lấy 10k không.Làm việc tệ_hại chưa từng thấy từ khâu vận_chuyển đến cskh",0
trải_nghiệm rất tệ . Mới tải đc voucher j giảm 50k xong t đặt mua r bị shopee huỷ vs lý_do nực_cười là giao_dịch bất thg ? ? ?,0
làm_ăn ko ut giao chậm đến khu_vực nhưng ko ai giao,0
"tao thề luôn đi đâu cũng gặp nó quảng_cáo phiền vl , quảng_cáo đi đâu cũng gặp quảng_cáo vừa lâu mà nó có nút thoát giả , có nghĩa là bấm vô lộn hoặc lệch 1mm thôi nó tự_động chuyển qua trang shopee r phải vô_lại game phiền vc , chơi game j cũng gặp nó , tao mệt nó lắm luôn mà cũng ko làm đc j nó , đi ngủ quên tắt wifi cũng qc , đặt_hàng 17k giao nó nói 23k lừa_đảo khách_hàng , giao hàng , giao nhanh , thái_độ ok , áp voucher vô như ko , riết tao mệt mốt xoá app r mong phá_sản sớm cho t vừa cái lòng của t",0
Tiện_ích,1
ok hợp_lý,1
OK ạ,1
mua gói shopee VIP đặt được 2 đơn xong bị dính mo2 k cho rùng mã thế_ra gói để làm j mua xong k cho rùng,0
sản_phẩm chất_lượng tốt đúng như mô_tả lại còn rẻ nên thử,1
đặc hành chưa thấy ai điện mà đơn hàng được trả lại là sao không hiểu ?,0
hay bị lỗi mã ko mua được ( nếu_mà mua được ko bị lỗi mã tôi sẽ gỡ bài đăng ),0
Nguồn hàng phong_phú .,1
vào 1 cái là video mở ầm_ầm . thoát ra vẫn kêu . mong xoá dùm,0
shopee tôi rất thích dùng vì có rất nhiều voucher ưu_đãi dành cho khách_hàng bài giao hàng rất chỉnh chu,1
có đủ món cấn,1
"Đánh_giá ngày 29/8/2026 . Không muốn mua hàng trên shopee này nữa . các sản_phẩm trên tất_cả các gian_hàng giá bán ra cao hơn niêm_yết , chưa tính tính phí ship",0
hàng trên shop pe bữa_nay không hề rẻ .,1
"quảng_cáo shopee là cái thứ phiền nhất trên đời , xem hết quảng_cáo r hiện dấu x ra t bấm vào mà đổi sang dấu x chỗ khác để lừa người xem bấm vào shopee , khi nào t cần thì t mua bớt quảng_cáo phiền_phức dùm t",0
rất tôt,1
cứ mở ra là tự_động mở video . cực_kỳ khó_chịu . nếu ko tắt đc tính_năng này chắc xoá app chuyển qua tiktok shop,0
cho cái vocher chỉ đc dùng trong 3 phút lừa dân,0
hoàn tiền lâu vãi,0
"app rác . yêu_cầu huỷ đơn hàng trong lúc giao hàng . nó coi như là đã giao , trả hàng hoàn tiền . ăn mất luôn các voucher khách_hàng mới . hỗ_trợ thì kém . rất chậm hiểu vấn_đề",0
"mới vô app chưa kịp lmj thì nguyên cái màn_hình trắng_bóc đập vào mặt hơn 5p vẫn k chạy xong , đeo tai nghe hay k đeo đều bị hạ_âm lượng khi vào app🙂 ? bỏ cái chức_năng này dùm cái , chuyển sang acc khác thì đi tống_cổ lại acc chính , 2 từ thôi TÀN VL👎🏻",0
ko Tốt,0
đag lén mẹ chơi đth mà Shoppee thông_báo làm mẹ mình phát_hiện mong ap khắc_phục lỗi này😔,0
hay dùng,1
tao mới lập shoppe và có vocher 50k xong đặt bịch bánh 0đ xong shoppe tự huỷ đơn và mất luôn vocher ? cần lời gthich,0
phù_hợp tìm_kiếm so_sánh sp . giá_cả phù_hợp .,1
huỷ đơn mất luôn voucher,0
"như cl lỗi hoài không vào được , mạng t rất bình_thường mà nó lại không có mạng lỗi kết_nối này_nọ",0
Tao chỉ cần chú tép thôi,0
"đặt_hàng không như_ý và rộng hơn người nên quyết_định hoàn hàng . Vậy_mà sau hơn một tuần shipper đi giao hàng rồi mới tiện lấy hàng luôn dù đã hối_thúc đến lấy hàng , nhân_viên hỗ_trợ tổng_đài bảo sau 1-2 ngày sẽ đến lấy vậy_mà sau 2 ngày vẫn không thấy ai đến cả ấn hối thêm một lần nữa lại bảo y_hệt thì đến ngày thứ 3 sau khi ấn hối lần thứ 2 mới có người giao hàng cho nhà nên đến lấy đơn hoàn về shop . Đợi mãi không thấy shoppe hoàn tiền về tài_khoản lên xem mới biết shoppe huỷ . và cho rằng ch",0
Toàn hàng kém chất_lượng tiêu _ cực ( 🚫,0
nhiều quảng_cáo gây khó_chịu,0
"đơn hàng đúng thời_gian vận_chuyển đúng hẹn , hàng_hoá không bị ảnh_hưởng chất_lượng khi vận_chuyển",1
"mấy cái vi deo giới_thiệu sản_phẩm tạo bằng Ai cần được loại_bỏ , vì nó sai_lệch hình_ảnh không đúng sự_thật , mang tính_chất lừa_dối khách_hàng",0
"đơn trên 40-45 k mới thấy giao ; ) ) hàng ổn , ok , giá hời",1
"quảng_cáo nhiều trên mọi nền tản . phát chán rồi , ko quan_tâm nữa . phiền",0
giáo hàng không tốt đặt mấy đơn toàn quay trả lại người gửi.hỏi người gửi thì bảo là không nghe đt,0
vô ko đc,0
rất tiện_lợi rẻ,1
nhiều mã giảm_giá,0
tồi,0
"Hết thời rồi hay sao ý , Giá và phí ship thì ngày_càng cao mà chất_lượng và dịch_vụ ngày_càng kém đi ... Cứ bảo săn sales nọ_kia rồi kiểu gì đơn ý cũng gặp chuyện ko đến được tay ... hàng trả khó_khăn dù lỗi do shop ... Hãm éo chịu được bực_mình . thêm trải nhiệm tồi_tệ khi bị cho leo cây 10 ngày , khiếu_nại , giục_giã các kiểu cứ bảo mình chờ xong sau 10 ngày mới bảo hoàn hàng ... làm dịch_vụ mà mất khả_năng thấu_cảm , bỏ_qua cảm_xúc của khách_hàng .",0
giao hàng quá lâu càng nâng_cấp càng giao lâu,0
yeuvayyy,1
"bị ghép đơn giao đồ_ăn nhiều dẫn đến quá lâu đơn mới tới , shopee nên có chính_sách ưu_tiên giao hàng với chi_phí nhiều hơn để lựa_chọn .",0
"Ứng_dụng quét tài_khoản quá máy_móc , khoá nhầm tài_khoản của người dùng vô_tội lỗi F02 rồi không giải_quyết thoả_đáng . Chăm_sóc khách_hàng quá tệ , sẽ chuyển sang dùng sàn khác !",0
"ok vip , nếu không đăng_ký shop vip thì bằng_thừa giá cao hơn mua trực_tiếp của hàng , đăng_ký vip thì ok khi mua hàng trên shop thì so_sánh với cửa_hàng đa_số đắt hơn cửa_hàng nếu không có volume thì không mua được",1
tui cho 5 sao nha hôm bữa tui mới tạo acc shoppe cho giảm_giá 100k nên tui mua đôi giày bata chỉ có 18k xài ok lắm,1
tải không được,0
khá,1
thích đánh_giá 1 sao,0
giao hàng quá chậm lúc_nào cũng chậm một ngày không nên tải tiktok shop tốt hơn,0
Ứng_dụng rất hữu_ích,1
quảng_cáo nhiều nên cay,0
"Shopee vui , hay nha , có những game tích xu vui lắm . Nhưng_mà ước gì có nhiều game hơn_nữa",1
đặt_hàng tự_nhiên huỷ đơn hàng của ngta ?,0
giữ hàng gần 1 tuần ở trạm,0
"shoppe food có cái kiểu bán deal rất mất dậy , khách k để_ý đặt luôn là mất tiền oan , k ưa nổi shoppe",0
nó nói xem live hoặc video tới tận một tiếng xong cái nó có phần_thưởng 1 triệu xu nhưng tui coi xong 1 tiếng cái nó không cho luôn,0
giao hàng nhanh và chất_lượng tốt,1
Quảng_cáo ít thôi . Phiền .,0
"Dạo gần đây shopee làm_việc rất trì_trệ , nhất_là bộ_phận giao hàng , những đơn hàng từ các tỉnh miền bắc thì vẫn tạm chấp_nhận , nhưng những đơn ship từ nam ra bắc rất lâu , thậm_chí lâu hơn khi order , pre-order hàng nước_ngoài . Thật_sự rất ít khi mình đánh_giá như này , nhưng lần này mình thực_sự rất bức_xúc .",0
ko thik,0
"ngày 23 tháng 8 năm 2026 đã phản_ánh shopping khi mở ứng_dụng thì phát video với những sản_phẩm không phù_hợp và còn can_thiệp vào âm_thanh của máy , shopping ghi_nhận nhưng hiện_tượng đó vẫn còn . Vẫn 1 sao nhé .",0
"Tui thích_ứng dụng mua_sắm rất tiện_lợi , giao hàng nhanh . Sản_phẩm đúng hãng như quảng_cáo . Tui hài_lòng tặng shopee 5 sao",1
quá tiện_lợi,1
sao không có hỗ chợ hoàn tiền bằng zalo pay,0
có mã 30k chứ ht mã 80k roi,0
vô app là giảm âm_lượng điện_thoại ? ? ? ? ? TAO KHÔNG CÓ MƯỢN,0
quá tệ k giao như dự_kiến,0
h.a.y,1
người lười ra đường đi mua đồ như tôi thích shope nhất,1
bấm trả hàng hoài ko đc,0
t cần là giao hàng đúng ngày chứ k phải là giao trễ r cho cái voucher 15% trên 100k ms áp đc voucher,0
sao dạo này app shope lag hay sao ? mà mình đánh_giá sản_phẩm ko bấm vào mục thêm hình_ảnh đc . ko phải dt mình hư đt mới mua nhé . reno 15,0
Good app !,1
yêu_cầu cho 0đ thật không,1
"Lỗi đánh_giá sản_phẩm , nhấn để chụp ảnh quay clip thì không được . Thử nhấn gửi cái nó gửi luôn thế_là mất xu , oắt phắc",0
mua gì không có Lừa_đảo,1
"tư ý huỷ đơn nhiều lần mà người mua ko biết . ko giải_thích hay bồi_thường , người mua mất voucher và cơ_hội mua hàng .",0
rẻ vãi,1
"shoope lam viec rat tot , luon luon ung ho shoope .",1
tôi mong shopee ngày_càng uy_tín hơn và còn những hàng kém chất_lượng lên cấm bán trên shopee,1
trả hàng không được với không đăng ảnh trả hàng được,0
mua hàng tốt,1
Hôm_qua ngày 27/8 quay đc 1 cái voucher giảm 100k cho đơn tối_thiểu 100k có hiệu_lực 24h tính từ 00h 28/8 thế_mà sáng 8h 28/8 tìm thấy mất_tiêu ko thấy voucher đâu,0
"Từ tháng 7 vào shopee là điện_thoại nóng kinh_khủng , cả 5 đt 5 hãng đều bị như_thế . Giá cao hơn chợ , bách_hoá , siêu_thị bán luôn rồi . Không khắc_phục được lỗi mau làm hư điện_thoại khách và điều_chỉnh lại mức giá thì tồn_tại không lâu nữa đâu .",0
hàng nào cũng 0 đồng cho tôi voucher 0d đi Bản nhé bạn biết chưa bạn yêu của tôi ơi,1
shopee là một ứng_dụng rất là tiện_lợi,1
"chính_sách của shopee cần cải_thiện , giờ shipper mà làm như cha ngta",0
quảng_cáo phiền_phức,0
mã tạo ra để bg dùng nhập mà nhập thì bị huỷ đơn mất cái vch mất_công săn 🤬,0
"đi đâu cũng gặp quảng_cáo shopee , bực cả mình",0
Shopee giao hàng lâu vkllll,0
quá tốt luôn,1
hàng thì chưa giao chưa gọi hỏi đã trả về cho người gửi,0
ok .,1
hơi ít mã,1
"rất oke mua hàng giao nhanh , giá rẻ , đổi hàng hoàn tiền rất nhanh ,",1
"Shopee giao hàng và giải_quyết các vấn_đề nhanh hơn các shop khác , mình đã trải qua Lazada , Tiki nhưng nay mình chọn Shopee và thích đồng_hành cùng Shopee hơn .",1
"tự_ý huỷ đơn , tự_ý hoàn hàng , giao hàng gần 2 tuần không giao để ở kho xong tự hoàn hàng .",0
"tôi rất rất , là thất_vọng về shopee , tôi đặt mấy chục đơn hàng qao , đồ_dùng ... để chuẩn_bị cho năm_học mới , thì shopee huỷ hết từng ấy đơn hàng , và bh thời_gian đi học sắp đến mà chx có 1 đơn nào gửi thành_công , ( tôi mong rằng shopee sẽ khắc_phục nỗi này )",0
chất_lượng,1
cảm_ơn nha,1
khu_vực hải an hải_phòng đặt_hàng toàn giao hàng sau dự_kiến 5.7 ngày . đặt_hàng từ hà_nội vè mà mất 5 ngày mới tới nơi . quá chán,0
"huỷ đơn rồi mà vẫn k trả lại mã , shoppe ngu à",0
t đặt_hàng mà nó tự huỷ đcu nó,0
shopee bắt nhập số điện_thoại khi mua hàng không mua được hàng luôn,1
"Mọi thứ đều tốt ... nhưng quảng_cáo app này toàn bị nhảy trang , nút thoát giả tích _ cực ) ) .",1
không trả hàng được tệ trả hàng khó dù sản_phẩm sài ko đc vẫn ko đc trả,0
tệ☹️ giao hàng lâu dù gần tỉnh gần hà_nội tôi chưa bao_giờ đặt_hàng phải chờ lâu vậy đặt ít_nhất chỉ 2 ngày hoạt 3 ngày lần này là 4 ngày tệ phải đợi đơn sốt_ruột ☹️,0
shoppe có muốn bán hàng không vậy hàng không giao mà_lại hoàn đơn,0
app rác,0
shopee rất tích_cực giúp tôi xoá app nhờ vào quảng_cáo láo,0
Vận_chuyển quá lâu,0
hàng_hoá đa_dạng,1
1 sao vì đặt_hàng mấy lần shipper k giao hàng cho . shipper tự huỷ giao hàng,0
um cx đc khá nhiều ưu_đãi,1
khoongi iio o,1
áp_dụng mã được giảm_giá nhưng shop không giao hàng mình mất hết không được hoàn lại mã,0
"mình tìm thấy đơn 1.000 đ mình mua cái lên lại 11.000 đ tưởng đâu là 1.000 đ ai_ngờ giả_mạo tiền giá rồi , chơi kì gì đâu ớ , mình tìm thấy thật 100% là 1.000 đ luôn , đến khi mình mua nó lên giá lại 11.000 đ luôn , chơi vậy rồi ai chơi lại nữa , hên là phát_hiện trước ớ , không thôi lỡ mua là không đủ trả tiền đơn hàng luôn",0
quá mệt,0
Quá nhiều QC xoá app đi là vừa😗,0
"cho voucher làm gì rồi cứ dô canh mua đồ_là báo hết , chưa kịp sử_dụng là báo hết mã , cho như_vậy thì thôi khỏi cho , mã thì cứ không đủ điều_kiện , không hiểu nổi làm_ăn kiểu gì",0
tôi quá xui,0
thiết_kế toàn kiểu ẩn mất luôn chữ không xem được cay thật,1
Tốn quá nhiều tiền nên mày phải chịu hình_phạt đánh_giá 1 🌟 ( +4 ) của tao🥰,1
ee nhe đơn đầu_tiên đc 0đ vậy_mà toy khh bttt,1
"nói_thẳng ra là ship như l nhé , dell hiểu sao gặp trúng ông ship k thèm giao hàng , không gọi điện không nói gì mà cầm hàng r huỷ mẹ hàng t đi . rồi lấy lý_do khách không nghe máy , con mấy lần gọi nói sẽ giao nhưng lại vẫn k giao luôn ý . k pk một đơn mà 3-4 đơn luôn r ý . đặt sđt t thì nó kh giao cho , nhưng đặt sđt bạn t nó lại giao cho ? ? hỏi chấm vl ra ý . đell hiểu kiểu gì nữa luôn , muốn đánh_giá 1 sao mà không đc ! !",0
"lắm lời với mấy cái chính_sách vớ_vẩn , không gò_ép thì cũng giới_hạn mấy cái tào_lao .",0
mua mà không giao tự huỷ xong vô mua lại 200k mấy gần 300k,0
đặt nhiều đơn là ko cho freeship chán,0
nhận hàng tại điểm nhận hàng nhưng không hoàn về 1000 xu như đã nói,0
đi đâu cũng thấy quảng_cáo trong khi đó tải về rồi đang sử_dụng,0
"Có rất nhiều mã giảm_giá và giá tiền các mặt_hàng rất hợp_lý , tuỳ theo thứ mình muốn mua .",1
quảng_cáo tự_động dẫn link cái dmmm,0
vào mua hàng mà mãi không được máy bình_thường wi-fi cũng ổn_định nhưng cứ xoay mãi mong shopee sửa lỗi,0
mở hội shoppe mà thấy thái_độ nhân_viên không được tốt lắm,0
thật tuyệt_vời khi hỗ_trợ tôi cập_nhật lại tk bằng số điện_thoại đã bị các bạn hạn_chế,1
mở mấy cái chương_trình siêu hội shoppe ở kcn mà nhân_viên k muốn làm thì phải,0
có cái tài_khoản để mua cũng khoá,0
bỏ chế_độ Popup video quảng_cáo trên màn_hình đi . vô_cùng khó_chịu .,0
shopp như l quảng_cáo trong game,0
ko thấy giao hàng mà huỷ ngang,0
Thoải_mái chọn_lựa mua_sắm ...,1
nền_tảng shopee rất tốt nhưng giao cho đơn_vị vận_chuyển nhanh nhưng thật_sự giao hàng rùa chỉ đáng 1sao,1
"đặt_hàng có mã giảm_giá , cái huỷ , đặt lại kêu k được sử_dụng k cho hoàn mã , vậy lúc đầu sao k cảnh_cáo , bắt đk mệt muốn cht rồi huỷ mã của người ta , k đưa ra mã nào bù vô",0
tự_ý hoàn_trả đơn mà không giao,0
qủang cáo lắm,0
đc nha ok lắm nói với trung_tâm thì nó đáp_ứng hết luôn ok,1
"Rất thích tính_năng hoàn tiền trả hàng nếu bị hư_hỏng , lỗi , ..",1
"mua hàng ok , mong shopee cho thêm nhiều mãa",1
"giao hàng nhanh_chóng , thông_tin minh_bạch , rõ_ràng , giao_diện dễ sử_dụng và hay có các đợt sale lớn , nhưng nên thêm các phương_thức thanh_toán online đa_dạng như zalopay , momo , ... chứ chỉ shopee pay thì hơi bất_tiện ạ .",1
mình muốn đc miễn_phí síp a,1
lỗi không cho hoàn hàng,0
k gọi cuộc nào nhưng lại hoàn đơn về thà mua trên tik còn hơn,0
tiện_lợi đa_dạng sản_phẩm phù mọi nhu_cầu của người dùng hy_vọng Shoppee ngày_càng phát_triển lớn_mạnh hơn phục_vụ ngày_càng tốt hơn tốt nhất có_thể,1
có mã giảm_giá mà không cho sài ? ? ? ? ? ? ? ? ?,0
rất tốtnha và giảm_giá nhà,1
Đề_nghị cho thêm mục KO QUAN_TÂM SẢN_PHẨM định_mệnh cứ ghét cái nào là lặp lại hoài bực cả mình,0
"Ship giao hàng thì ko gọi cho khách cứ quăng hàng của khách , đặt_hàng tới lúc giao thì trên app hiện đã giao 3 lần mà thực_tế ship ko hề giao dù chỉ 1 lần . Tôi là người mua hàng có trả tiền đàng_hoàng đâu có đi xin , mà làm_ăn như_vậy với khách_hàng à . Trải_nghiệm cực_kì tệ",0
ok nha,1
ok nè,1
"quảng_cáo tự nhảy trang , để nút x mà bấm vô là vô trang , nhiều lúc đang quan_trọng thì quảng_cáo",0
"Shop gửi hàng sai cho em_em bấm trả hàng hoàn tiền thôi , đặt màu hồng mà giao màu trắng hỏi coi quạo ko . H shopee xử_lý v là ko công_bằng , vừa mất tiền còn nhận lại đồ ko đúng phân_loại mik đặt nữa sao sài . E sd Shopee 6-7 năm r ko phải mới_đây , nào giao đúng e nhận giao sai e phải báo_cáo để lấy lại tiền chứ . Shopee coi lại cách xử_lý của mik đi chứ làm_ăn v mất khách hết đấy , mấy shop đểu shop láo đặt này giao kia xong bấm trả nó lại từ_chối thiệt ng mua còn tụi nó lại nhởn_nhơ",0
"T ghét cái thái_độ của shipper nha , đã ghép với đơn xa thì đi đơn xa đi , còn ghép đơn của mình vào xong ko tìm thấy chỗ tới địa_chỉ , chỉ tới thì ko nghe , xong đem cái đơn của mình ăn dọng luôn",0
cứ gặp lỗi xác_thực xác_thực nhiều lần thì nó ko cho,0
good !,1
vipp,1
đặt_hàng áp mã còn 0 đồng mà_lại huỷ mấy lần luôn tiêu _ cực (,0
"quá tệ , mua hàng áp mã thì bị huỷ vì giao_dịch bất_thường , mua về dùng cá_nhân chứ làm gì mà bất_thường ? ? ? đơn đang đi giữa đường cũng cho quay đầu về shop , cho mã thì dùng mà dùng thì bị huỷ ? Trải_nghiệm quá tệ quá tệ",0
Quảng_cáo rất phiền chơi game còn giả_vờ nút bấm thoát có tình vào app,0
giá rẻ,1
mẹ ccho shop vip trừ của bố 119k,0
tài_khoản ngườu dùng tải sài bt mà đặt_hàng bị khoá,0
"quảng_cáo thì đồng kiểm , nhưng mua hàng shope k cho kiểm , tự_ý trả hàng , rất nhiều lần như_vậy",0
bắt xác_thực Zalo,0
tự hoàn đơn hàng về người gửi đền_bù 10000 cho voucher hơn 100000,0
tệ_hại Không cho trả hàng dối khách_hàng dù đã gọi điện_thoại nhiều lần hứa là có người đến lấy Rốt_cuộc không đến lấy và lại huỷ đơn hàng sau đó lấy lý_do trang_trại hàng lâu quá nên huỷ không trả được nữa gần và bây_giờ khoá khoản của tôi không cho tôi gọi nữa shopee là đồ tệ_hại lừa_dối khách đồ tệ_hại lừa_dối khách_hàng,0
"giao hàng quá kém , bên giao hàng gần địa_chỉ shipper tự huỷ đơn của khách_hàng , không giao hàng cho khách",0
"nhập tài_khoản kêu lợi_dụng mã giảm_giá trong khi không mua gì tài_khoản thì khoá luôn , chất_lượng ngày_càng kém . chịu a shope",0
thời_gian ko đúng,0
cứ quảng_cáo mãi không thôi ghét nhất_là shopee quảng_cáo .,0
tu nhien huỷ hành,0
cái số_dư shopee ngân_hàng xác_minh r t đưa xác mặt t vào thì bảo ko chính_xác mãi ko rút đc tiền thế bh t cho mặt t ko đc thì t cho cgi vào hả con shopee ko bh muốn cho lấy đc tiền,0
rat tien dung,1
rất thích_hợp,1
"mấy nay đặt quần_áo họ toàn gửi sai màu hàng chán thực_sự , Shopee nên có chế_tài nghiêm_khắc xử_lý đối_với các chủ shop bán hàng khi đơn hàng khách đánh_giá sản_phẩm 1 sao nhé",0
ứng_dụng xài tốt,1
nói_chung là tốt,1
ok tin_dùng i love shopee,1
ko đc bị lỗi hoài,0
ok nhoa nhma đặt nhìu quá ô ship quen nên k gọi mà la ầm dưới cổng = ) ) ) ),1
quảng_cáo nhiều v,0
Tệ không được như mong_muốn 1 sao vẫn hơi cao,0
đặt_hàng mà bị huỷ hoài ng bán kh chuẩn_bị hàng đúng hẹn😤,0
"Giải_quyết hoàn tiền cho khách rất lâu , bắt đợi nhiều ngày mà vẫn không hoàn được tiền",0
hàng dao ko đc tự_nhiên bị bỏ,0
Quá nhiều quảng_cáo,0
phí vận_chuyển càng_ngày_càng lên cao,0
"shopee cách bán và đổi trả tuyệt_vời , nhưng thời_gian này hàng giả quá nhiều , mua 5 lần sữa tắm Cá_ngựa , toàn hàng giả dù tem nhãn đầy_đủ , hoá_đơn , chai đẹp , nhưng giả từ công_ty , chán lắm phải lên fado mua mới có hàng thật .",1
"không hề tốt , tôi chỉ là lấy số điện_thoại của mình để liên_kết nhưng đặt hành thì shoppe cứ báo SĐT đã được liên_kết với 1 tài_khoản khác",0
"kh áp đc mã giảm_giá , nhận mã lúc_nào cũng kh hợp lẹ cho_dù mã đó kh có lọc acc . Muốn săn vc mà cx đ yên",0
có nhiều mã giảm,1
"ứng_dụng thường_xuyên có vấn_đề về áp_dụng mã ưu_đãi , và có vài món hàng tế_nhị mà ship hoả_tốc lại mắc gắp 3 gắp 4 lần ship các đơn khác AD nên xem_xét lại những tình_trạng này",1
rất đúng quảng_cáo,1
app mua hàng rẻ nhưng mong shopee khắc_phục vài shop tự huỷ đơn hàng làm mất voucher,1
cải_thiện phúc_lợi shoppe vip đi . t mua 12 tháng mà voucher ít quá sài ko đủ . sài giảm cx ko đc bao_nhiêu,1
Thực_sự là giao hàng ok nhưng nên làm chặt lại nhưng shop bán hàng giả và quá hạn sử_dụng cho khách mình đã báo_cáo mấy lần 1 shop rồi mà vẫn thấy shop hoạt_động bình_thường thi k hiểu là đội_ngũ kiểm_duyệt shop làm_ăn kiểu gì,0
đặt mà shipper cứ ko giao hàng,0
"cực_kỳ tệ , trả hàng hàn tiền thì 7 8 ngyà không có nhân_viên vào lấy hàng . Tìm mọi cách tránh_né",0
M.ẹ m bớt quảng_cáo giùm đã v còn lừa nữa đang chơi bị quảng_cáo m mãi,0
ap gì lag qa đứng lại r văng ra hoài vs bị lỗi hoài tr ko do dx áp lun dẹp ap lun đi,0
Đc áp dungk mã giảm_giá 0đ,1
"Quảng_cáo nhiều , rất phiền",0
như rắm tài_khoản mới toàn dính lỗi M02 có đặt dc đâu,0
ngt đặt_hàng kh hề giao cho ngt mà đã bảo giao r,0
shopee l # n,0
"giao lâu gần 2tuần rồi chưa giao cũng kh thấy cập_nhật trạng_thái ! , cũng kh huỷ được , mệt ! ! !",0
k mua dc,0
10 điểm ko có nhưng,1
"quảng_cáo shopee ơi mình có_thể bớt bớt lại không ạ , đg đọc truyện mà nó cứ tự chuyển trang ý cáu vl",0
tuyệt_vời 👍,1
Như cho,0
ừng dụng ok,1
"Mua hàng nhanh , trả hàng dễ ...",1
"Mua_sắm rất tốt nhưng tôi cực_kỳ ghét mỗi lần vào App là bị đưa đến phiên Live , rất rất phiền",0
app rác ở đâu cx quan cáo đc,0
giao hàng thông_báo là chú_ý điện_thoại nhưng đợi 6tiếng vẫn chưa thấy giao lại,1
tự_động huỷ đơn hàng_không khôi_phục lại mã giảm_giá và nhiều cái khác,0
"Rất ok , tiện_lợi và giúp trải_nghiệm mua_sắm thú_vị , an_toàn , thông mình hơn .",1
rất là OK được săn giá rẻ hợp túi_tiền cảm_ơn shopee nhiều,1
tại_sao lại có đồ ngủ sườn xám ( tốt nhất không nên tìm từ trên ),0
"tệ cực_kì , mong sớm phá_sản , nếu được thì trong năm nay .",0
Bị trả hàng về cho shop trong khi tôi không huỷ đơn,0
lúc tôi có vai_trò tôi mua một cái miếng dán tóc là tôi dùng voucher là 0 đồng tôi không thích mẫu đây nữa tôi thích màu khác xong tôi huỷ cái đấy đi tôi muốn đặt lại cái khác nhưng tôi đã mất voucher và khi tôi đặt muốn cho muốn dùng voucher nó báo mua chó bị lỗi,1
tận dụng😃,1
shoppe không dùng cho máy yếu,1
shoppe tự huỷ đơn hàng của mình khi mình áp mã giảm_giá còn 27 k cho một cái váy,0
"Mua hàng thuận_tiện . Tuy_nhiên hiện_nay việc đánh_giá sản_phẩm mua trên Shopee cực_kỳ phức_tạp và mất thời_gian . Không đơn_giản là nhận_xét về mặt_hàng mình mua nữa . Do_đó hầu_như sau khi mua hàng mình chỉ còn bấm đã nhận hàng và không đánh_giá gì về đơn hàng đó , quá phức_tạp , rườm_rà",1
thiết_lập sđt ko đc số chưa thiết_lập lần nào,0
Trừ voucher vô_lý . Ko tìm được nhân_viên tư_vấn . Loại_AI,0
Làm_ăn vô_trách_nhiệm . Giao hàng quá chậm mặc_dù tôi chỉ ở cách trạm gần nhất ( khoảng 2 km ) mà cũng là trạm phân_phối hàng cho tôi . Gọi điện nói để tôi tự đến lấy cũng không chịu . Tới giờ tôi thật_sự thất_vọng với cách làm của Shopee . Thật lừa_dối .,0
đặt 7 đơn ship k gọi mà hoàn về ng bán,0
"có nhiều sản_phẩm ảo giá thật_sự . kéo giá trên trời còn có những sản_phẩm rẻ quá kích vô thì toàn ko đúg mô_tả , hiện cái sản_phẩm mồi que chọc sim đem vô làm j . khó_chịu shop kiểu câu veiw z ai dám mua . bị nhiều trường_hợp z cũng ức_chế . nếu_mà ai cũng làm z là qua sàn khác đó",1
mua cái gì 0đ cũng rất tiếc mệt thiệt sự,0
app rất uy_tín,1
"Trải_nghiệm mua_sắm trên Shopee nhìn_chung khá thuận_tiện , từ việc tìm_kiếm sản_phẩm , xem đánh_giá đến đặt_hàng và theo_dõi đơn đều tương_đối dễ sử_dụng . Tuy_nhiên , mình mong Shopee tiếp_tục cải_thiện tốc_độ xử_lý đơn hàng , giao_diện và đặc_biệt là hỗ_trợ khách_hàng khi phát_sinh vấn_đề . Hy_vọng Shopee lắng_nghe những phản_hồi từ người dùng để ngày_càng hoàn_thiện hơn , mang đến trải_nghiệm mua_sắm nhanh_chóng , minh_bạch và thuận_tiện hơn .",1
đặt xong cái j đó mn nên xoá đi tải lại r có mấy món đc free,1
vẫn còn lừa_đảo thông quá việc mua điện_thoại giả nhé cần khắc phụ,0
hay tiện_lợi,1
"shipper giao đơn 0đong không đàng_hoàng , nhận đơn mua mà mình tưởng mình đi xin á",0
miễn_phí vận_chuyển toàn_quốc hoa là thích_hợp cho những người ở xa,1
"shopee tự_ý huỷ đơn hàng , trời mưa_bão thì đơn hàng đến muộn tí có sao đâu . tôi là người đặt_hàng và tôi thất_vọng bề shopee .",0
chất_lượng phục_vụ ok,1
mua hàng chả sao nhưng quảng_cáo lắm đag chơi game gặp qc của app này là y_như_rằng văng,0
dịch vuh trả hàng quá tệ,0
chọn khu_vực mà để ở xứ mô nào á để chỗ của tao bảo không đúng là sao ?,0
mik đặt 2-3 lần mà ship ko gọi cho mik hay bảo mik ra lấy hàng mà ship tự_nhiên huỷ đơn hàng của mình mất_công mik đợi,0
ngon luôn,1
cho mã mà mua cứ bị huỷ đơn là sao,0
"Thực_sự không làm gì vẫn cứ dính lỗi M02 mãi í , nếu app dám tung ra những mánh_khoé ưu_đãi cho người mới thì cũng biết khắc_phục lỗi từ cái mánh_khoé đó gây ra chứ bây không_thể dùng voucher freeship gì ở app cả",0
đặt cái . q.q j cx lỗi M02 chịu,0
tự huỷ đơn hàng,0
okkkkkk,1
"shoppe có đơn áp mã về 0₫ , shoppe tự huỷ đơn rất bất_mãn ...",1
"ok . ! tốt , uy_tín . !",1
"app l quá tệ , giá đắt hơn tiktok",0
ý_nghĩa là có lúc cái gửi yêu_cầu hoàn tiền không được đồ_dùng thì lỗi tùm_lum luôn,0
shopee huỷ đơn t vô_cớ ? ?,0
huỷ đơn của người ta vô_duyên,0
đúng lỏ đăng_nhập acc cứ không được,0
"shope rất ok , uy_tín , riêng nhưng trường_hợp hàng có giá_trị lớn thì việc nhận hàng trả thì trễ nãi , làm_phiền khách_hàng , chỉ được 4 sao",1
Ước gì shopee có phương_thức thanh_toán bằng zalopay thì tốt biết_mấy,1
apo giao hàng khá chậm,0
Ứng_dụng ok,1
đặt_hàng rồi tự huỷ ap này k nên tải về nhé rất rất tẹ,0
đăng_nhập trái_phép trong điện_thoại quảng_cáo,0
"hệ_thống quá tệ , tự_ý thêm ngày dự_kiến giao hàng , hối giao hàng mà không phản_hồi lại",0
quá ok nha,1
dcu app l gì mà đang múa flo nó hiện thông_báo chèn hết mẹ màn_hình del thấy j nx,0
qc lắm,0
ứng_dụng làm ì máy,0
sao nick e k săn đc xu v . dùng ọ chỉ là_hơi lag thôi . mong ad khắc_phục lỗi tốt hơn,1
rất oki,1
"lúc_nào cũng "" ưu_đãi ko thể áp_dụng cho tài_khoản của bạn "" , tài_khoản nào cũng ko đủ yêu_cầu là sao ? ? ? làm_ăn kém",0
shopper tôi rất thích và còn được giảm_giá nữa cảm_ơn shop nhó 💗,1
ap ngáo dùng 1000 su gắp lấy mảnh lại cố_tình làm rơi chs map lấy ít xu lại lấy dế app này óc,0
đg đọc truyện nhg web cứ chuyển sang shoppe ghét,0
oke lắm nha,1
đặt hằng xong tự huỷ là sao shoppe ơi đểu quá,0
có rút được tiền thật không shop cho 5s,1
ship hoả_tốc 3 ngày không có làm_ăn chán,0
nhiều ưu_đãi,1
"rất là bực_mình nhé , hơi tí lại khoá tài khianr không cho mua hàng",0
mạng tui nhiều cục mà vô shoppi thấy không có mạng là sao nữa má k thấy cái j để mua,0
app lag quá,1
đặt_hàng giao trễ ko đúng thời_hạn đặt 10 đơn tự huỷ hết 8 đơn của ngta,0
toàn hiện món đã mua hiện gợi_ý mua đồ khác dj mà ad . mong góp_ý ad ghj nhận luôn,1
Châu trấu bị thối hỏng cũng bán,0
quảng_cáo ngầm khi mở ứng_dụng . gây quá phiền_toái,0
áp mã vào đơn liên_tục bị shopee huỷ hàng . Đã gọi tổng_đài hỗ_trợ vẫn không có lý_do cụ_thể bị huỷ đơn .,0
"1 sao là đồ rẻ , ok 1 sao còn lại là chơi sk shoppe gắp thú săn 6000 xu mà tại_sao t dc 2 mảnh r mà cho t 500 xu là xong ? shoppe ăn_gian à , k muốn cho thì nói_thẳng , t tích xu t chơi cho đã vô r cho 500 xu ăn l à , vc thật",0
"tự_nhiên bật lên chưa nhấn gì hết , đừng có tải",0
"chán vãi chưởng , mua đơn hàng 0đ thì bị huỷ vì người bán hàng chưa chuẩn_bị đơn hàng .",0
"đánh_giá ko biết , quảng_cáo shoppe toàn cố_tình scam tôi , vì sao ? Vì tôi đell có tiền mà cướp đoạn hết , chơi mà cũng gặp quảng_cáo này , đang dụ tôi về điều đó sao ? chắc collab với tiktok shop à vì shoppe và tiktok shop đang bắt_nạt tôi ko có lý_do",0
vào chơi game khác mà cứ quảng_cáo hoài xong lại tự nhảy qua chplay nx chứ😡,0
"cho voucher đặt thì huỷ xong f02 chán chả buồn nói , qua tik tok mua còn hơn",0
shopee tự trừ tiền ở trên máy,0
ghét nhất_là qcao shoppe,0
"Ghét quảng_cáo , cho 1 sao .",0
Ê giao hàng nhanh vl với Lâu_lâu được giảm_giá nữa,1
bán hàng như lừa_đảo hàng bán xong không giao app tự huỷ luôn mất mấy đơn_thức đêm săn vậy app cho nhà bán hàng bán chi vậy rổi huỷ của khách không có một thông_báo,0
săn được khá nhiều,1
"t tạo acc mới , điện_thoại mới , số cũng mới mà lúc mua hàng 0đ bằng voucher 100k ng mới thì tự huỷ đơn của t . bảo là hành_vi bất_thường , app rác , t tải nhờ vào có voucher ng mới mà_còn đối_xử v với t . t xoá app cho vừa_lòng m",0
voucher đểu,0
ok ....,1
trời,0
thôi thấy khá tốt,1
"áp như cl , nói thật",0
"Biết_ơn ứng_dụng Shopee đã giúp chúng_tôi có những sản_phẩm mới giá rẻ , có công_việc làm và hoạt_động kinh_doanh có lợi_nhuận để chăm_sóc cho gia đình.Hy vọng chúng_ta sẽ cùng nhau phát_triển hơn .",1
"giao hàng không đt mà hoàn đơn . 1 🌟 . mất thời_gian , bên CSKH nhiệt_tình 👍 cùng ngày mà tiktok người ta giao hàng , mà dám để liên_hệ không được người nhận",0
cho người dùng mã giảm_giá nhưng khi sử_dụng thì bị huỷ đơn ngay_lập_tức với lí_do giao_dịch bất_thường . Vậy cho mã làm gì ?,0
lừa_đảo đấy đừng tải,0
thái_độ phục_vụ quá tệ,0
cho bố nút block mấy đứa tưới cây coi 🤬🤬🤬🤬🤬,0
rrrrrrrat ttttttttot,1
mẹ mất_dạy đang chơi cứ nhắn,0
đăng giá 1 đằng bấm vô_giá 1 nẽo lừa_đảo à,0
rất rẻ rẻ hơn so với thị_trường,1
hàng kh như mẫu,0
"tiện_lợi , hữu_dụng",1
mỗi lần mở app là tab video tự nhảy vào . tôi vào mua_sắm chứ k xem video . vì video shoppe toàn hàng láo . video 1 kiểu xịn xò . ấn vào sp thật thì fake,0
trả hàng gì kì,0
giao hàng quá chậm quá thất_vọng,0
không đúng ngày dao bảo ngày 25 dao mà_lại không dao ngày 28 mới đào 😡,0
rút 50k xu từ shopeelive bị từ_chối và shopee nuốt luopn 50k xu tích _ cực ) mất cong cốc bao ngày treo máy tốn pin,0
can khac phuc lai thoi gian hen voi khach hang .,1
mua dễ . hàng chất_lượng so với giá_cả,1
"Ứng_dụng gì mà chán thế không biết ! Hệ_thống để mấy shop đăng bán hàng đặt trước cả nửa ngày nửa tháng , xong cuối_cùng rủi_ro hệ_thống quét huỷ đơn làm_khách mất_toi cái mã giảm_giá giá_trị lớn ( mất oan mã 80k cực_kỳ ấm_ức ) . Săn sale vất_vả lắm mới trúng được cái mã hời mà cơ_chế huỷ đơn và hoàn mã của Shopee quá bất_cập , làm_ăn thiếu chuyên_nghiệp . Trải_nghiệm tồi_tệ , đề_nghị bộ_phận phát_triển xem_lại ngay chính_sách bảo_vệ quyền_lợi người mua và xử_lý mấy shop treo đầu dê bán thịt chó đi",0
Đặt được rất nhiều đơn_giá rẻ em đang có 3 đơn mong sp duyệt,1
"chả lquan nhưng cho_dù có tải về thì đang chs game vẫn hiện quảng_cáo rất mệt_mỏi nhiều lần phản_hồi mà vẫn như_không , chịu",0
shopee tuyệt_vời,1
mong shoppee hãy sửa lỗi khi mình sử_dụng voucher hay xuất_hiện m02 gì đó ko cho mình sử_dụng voucher 0đ mong đó chỉ là lỗi,0
suốt ngày lag có ghi_nhận ý_kiến đ đâu,0
đặt không được vô coi thì nói vi_phạm cộng_đồng tôi chỉ mua hàng thôi chứ có làm gì đâu nhắn thì không trả_lời khuyên đừng tải shopee,0
sử_dụng ok,1
ứng_dụng hay lỗi khi rút xu xem live dễ bị mất thắc_mắc tổng_đài cũng ko được,0
quá tuyệt_đỉnh,1
xem live mãi mới được 50k xu khi rút lại mất 2 lần mới đau thắc_mắc không tổng_đài không được,0
hàng tốt giá rẻ,1
"Phát voucher ra cho xài , xài cái bị khoá tài_khoản , lũ bịp_bợm",0
điên vl ship kh qua lấy hàng trả mà trên hệ_thống báo kh lấy thành_công_hoá chó quá,0
shopee mua gì cũng rẻ,1
1 sao tôi hết mã người mới 80k mà quảng_cáo như đúng rồi,0
khoá mã ko cho lưu,0
"tạo tài_khoản mới lấy voucher để đặt thì đều bị huỷ , moẹ làm_vậy ai dám tải về tạo nữa , dẹp mẹ sang sàn khác mua cho_rồi",0
0đ,1
Chà_B z 4,1
"ứng_dụng quá tệ tôi người dùng mới áp vocher mua cho rẻ vây mà huỷ đơn thế cho vocher để làm gì , phí sàn cao_sản phẩm_giá cao mà không cho ap vocher không quá",0
sale ngon hơn tiktok shop,1
cho vocher làm chó gì mà dùng thì huỷ đơn hả,0
lag mất gg,0
app lag quá dùng lâu cứ bị giật,1
tôi iu shoppe oãi🩵🩵,1
hayy,1
"hàng chưa nhận được mà hệ_thống đã hiện giao thành_công , móng shoppe lm chắc vào hệ_thống shipper đi ạ buồn _ bã cgi mà chưa nhận hàng đã hiện "" giao thành_công """,0
mình mua bàn_phím nó bắt đưa tiền trc rồi mình huỷ hàng mà cx ko hoàn tiền m bảo shop thì shop ko nói j im im bau 5 l,0
sam pham rat dc,1
"chả đáng , quảng_cáo scam , brain rot , dài_dòng , thiếu ý_nghĩa",0
cũng ổnn,1
đặt_hàng r tự huỷ là s matday v,0
"chơi game qc xong ẫn nút tắt toàn dẫn vào shop , qc ít thôi",0
"đặt đồ_ăn vặt , thực_phẩm chức_năng mấy trăm nghìn ₫ thì spx không thèm lấy hàng , lấy sau 3 ngày luôn , đơn thời_trang , shopee xử_lý có mấy chục nghìn thì lấy đơn nhanh_nhẹn lắm . xử_lý ì_ạch thế_này muốn nuôi kol hả , gần đây t thích nhất là lock kol , mới phát_hiện ra kol nhiều gấp mấy trăm lần shop thực tồn_tại , lấy mã thì chậm mà nhảy video là nhanh , lượn có nửa tiếng mà đơ máy , chạy quá phần ram trống 2g",0
ok lắm đặt đồ giá siuu rẻ,1
"shipper thì ko đến lấy hàng , ng bán chuẩn_bị hàng rõ lâu , xong r đến lúc ko ship dc hay quá hạn là lại tự huỷ , cho cái voucher ko ai cần . nhắn shop mà ko ai rep , ... nh vđ",0
Đơn hàng của tôi bị huỷ do hành_vi giao_dịch bất_thường,0
"thật_sự dạo này shopee bị sao đấy , đặt_hàng shipper ko gọi điện lấy hàng xong tự huỷ luôn . đề_nghị shopee khắc_phục",0
"Rất tệ trong vòng 1 tháng trở_lại đây . Hơn 10 đơn hàng thông_báo sẽ sớm giao nhưng không hề có bất_cứ cuộc_gọi từ shipper nào , xong đùng_một_cái 2 ngày sau thông_báo trả hàng . Đơn hàng nào có cho_phép gửi qua tủ đồ thì nhận được , còn không thì phải chịu thiệt . Đã hơn 10 lần bị shoppe bom hàng , tôi đã cạn_kiệt kiên_nhẫn với shoppe và sẽ quyết_định rời sang app khác.Mong rằng những_ai gặp phải tình_huống tương_tự sẽ làm theo để tránh bị phụ_thuộc vào sàn cảm , tiết_kiệm thời_gian cho bản_thân",0
"trả đơn hàng không phải mình đặt không được , làm_việc lộ thông_tin mất uy_tín",0
tạo acc mới có mã giảm mà k cho dùng cứ báo k đủ điều_kiện tk nào cũng dị,1
"chơi trò .. máy gắp thú . kiểm_tra . sai bro , của xấu xuống xu số 2300-2000 lượt gắp 2 = 300 xu . thai . bruh . 🥲 my xu",0
app rất hay,1
quá ôkê la,1
chê,0
"Trải_nghiệm tệ kinh_khủng , hàng thì thoảng mới tới tay khách đúng hẹn , cứ liên_tục bị delay không rõ nguyên_nhân cụ_thể , không giao đúng hẹn , app liên_tục hiện các thông_báo vô_nghĩa , không giải_quyết được vấn_đề xuất_hiện , trì_hoãn với những lý_do rất ba chấm ? chăm_sóc khách_hàng đầy tệ , đơn bị trễ thì hối giáo đơn hàng nhưng không có kết_quả cụ_thể , cảm_thấy không được tôn_trọng , chú_tâm tới . Rõ là shop đóng đơn đi rất lẹ nhưng đơn_vị vận_chuyển thì luôn chậm_chạp , giao sai ngày hẹn 2-3 lần",0
giao hàng shopee spx express Thuỷ_Nguyên Hải_Phòng càng_ngày_càng chán mua hàng shopee . đơn thì giao trễ cả tuần . hoàn hàng thì mất . tự huỷ đơn hàng .,0
hàng chưa giao đến mà đã bảo hàng đã giao,0
"quảng_cáo gì mà quảng_cáo lắm thế hả ? người ta đang chơi game vui_vẻ , mà quảng_cáo quảng_cáo , đi đâu cũng thấy quảng_cáo shopee mệt lắm rồi đó",0
wow,1
Ứng_dụng rất tốt,1
ko cho sử_dụng vucho cứ bị lỗi m 02 / d 02,0
ưng_ý với sản_phẩm này,1
nhan don song dú kg giao,0
ko có j để_ý,1
rất rẻ,1
"đơn hàng phản_hồi fdổi trả không rõ_ràng , khô hỗ_trợ rõ lâu .",0
cũng được nhưng_mà hơi lag tí tích _ cực ),1
du ma,0
shiper nhiệt_tình,1
"1sao ngta lấy sdt tạo acc r đặt đơn hàng cái shope tự huỷ r nói bi phạm này kia ? ? acc ms tạo vi_phạm cái gi , r mất voucher 80 k , lạyyyy",0
người bán thì thô_lỗ mua đồ giá_trị nhọ mà hàng về xấu ko xống quảng_cáo còn ko bòi thường,0
"các mẫu hàng đẹp , chất_lượng",1
mắc dell gì khoá_số đth t còn nghiêm_trọng nữa làm dell đặt được hàng tệ vcl,0
trong thời_gian dài Sài app thấy huy tín sẽ ủng_hộ nhiều hơn,1
vấn_đề hoàn_trả hàng tiền rất là lùa gà bịp_bợm,0
"app thì lag , rất ghét cái dịch_vụ chăm_sóc khách_hàng đã không làm được gì rồi thì nói tôi không làm được , cứ dùng văn AI nói đi nói lại 1 câu xin_lỗi cáu vl",0
Sài đeo dc,0
shipper thái_độ mất_dạy,0
"gần đây trong những cái_trò chơi săn xu chất_lượng vô_cùng tệ , cứ lag giật xong rồi cái vật_phẩm cũng không nhận được , nếu mình sợ người chơi nhận xu thì làm_ơn đừng mở ra làm_gì",0
bán hàng ko giống như sản_phẩm,0
"shopee giao hàng rất nhanh , đóng_gói cẩn_thận , sản_phẩm phù_hợp giá tiền",1
mình thấy shopee rất tiện_lợi,1
ko đặt đc cứ huỷ vé thì có ko sd đc,0
"shopee giúp tôi mua được nhiều món hàng trên khắp thế_giới nhưng người bán nhiệt_tình , ship hàng thì không hư_hại nhiền nhở giúp_đỡ người mua hàng nhiệt_tình mỉm cười với khách_hàng shopee là một ứng_dụng tuyệt_vời toi mong_muốn shopee được nhiều người biết đến hơn nhưng shopee lại huỷ quá nhiều đơn hàng của tôi",1
"web quá tốt , nhiều voucher với chương_trình tặng xu .",1
chưa làm gì tự_động huỹ đơn hàng,0
Ko giao đơn đúng hạn . Tôi cần đơn chứ ko phải cứ dí cho cái voucher rồi bắt tôi chịu_đựng việc trễ đơn .,0
"Dạo này shopee bán hàng rất lừa_đảo , rất nhiều video đăng 1 sp rất hot nhưng bấm vào mua lại là sp khác hoàn_toàn , bịp_bợm lừa_đảo vừa thôi",0
QUÁ TỆ,0
Tốt đúng theo mô_tả độ bền chưa biết được cho sốp 5 sao,1
tạo QC đánh_lừa người dùng,0
khiếu_nại trả hàng 4 5 lần thì k cho trong khi đó hàng k giống ảnh,0
"Sao nhảy quảng_cáo shopee hoài , phát ngán . Tôi phải tháo app ra mới yên . * * * * * * Bây_giờ ổn rùi , không còn bị quấy nữa . Góp_ý chân_thành , SP nên loại những shop bán hàng dỏm , ví_dụ những chai sữa gội R mà giá 3xk , nếu có chế_độ trả trước bằng ví điện_tử thông_dụng thì quá tiện , không nên áp_đặt bằng Ví shopee . 8/2026 OK giá rẻ mà thường freeship . Trả hàng cũng rất nhanh .",1
mua đồ có giảm_giá cái tử huỷ ! ?,0
Tr ơi Pi đánh tài_khoản vi_phạm tùm_lum v . Hôm bx mình mua len nma shop k cs giao cho mình xong bị huỷ đơn ( đơn vou to_nha ) . Xong mấy hôm sau thấy Pi hoàn voucher cho mình mình xài vou đó xong cái Pi khoá luôn tài_khoản của mình . R là s nx v Pi ơi ? ? ? ?,0
Sau vài năm thì Shoppe đã cải_thiện hình_thức thanh_toán tiện_lợi hơn,1
đặt 2 đơn mà nó giao 1 đơn_tính tiền 2,0
Vào cú bị thoat ra miêt lỗi miêt tốn tg buc minh muốn xoá ap cho_rồi . sau 1 tg dùng thấy cũng ổn âp,1
"Mong sốp pi thêm nhiều mã giảm_giá nữa nhoaa , mãi ieu shopee",1
cả cái soppe to_tướng mà mỗi cái chức_năng huỷ đơn Shopee food khi đã thanh_toán cũng khó có ! mấy ngày không giao cũng không cho huỷ kiểu đớp được tiền rồi không nhả nhẽ ra người ta đặt đợn thanh_toán rồi không giao đc thì thì phải cho người ta huỷ xong hoàn tiền đi chứ . ? Đây mấy ngày r ko huỷ đc cứ treo đấy cũng chả giao đặt thêm mới giao🙏🙏🙏🙏🙏,0
okkkkkkk,1
sản_phẩm giá rẻ nhiều ưu_đãi,1
"Shopee là ứng_dụng thương_mại_điện_tử hàng_đầu tại Việt_Nam với hệ_sinh_thái đa_dạng , nhưng trải_nghiệm người dùng có cả ưu lẫn nhược_điểm rõ_rệt .",1
Mẹ oi t săn đi 0 đ luôn giá gốc mấy trăm_nghìn,1
hàng của sàn shopee chất_lượng và giá_cả hợp_lý phù_hợp với tất_cả các nhu_cầu và mục_đích sử_dụng của người tiêu_dùng . Đã sử_dụng sàn thương_mại_điện_tử của shopee và quảng_bá cho nhiều người cùng sử_dụng .,1
cảm_ơn shopee đã mang đến trãi nghiệm mua_sắm thật tuyệt,1
OK Ok,1
nhìu cái k thích . vd như vts bị khoá và k đc mở lại,0
sản_phẩm các loại hàng_hoá dịch_vụ đặc_biệt chất_lượng cao 5 sao mẫu_mã đẹp thiết_kế gọn_gàng OK number one i love shoppe .. .,1
Tất_cả các sàn khác đều đặt các sản_phẩm về pin được ngoại từ shoppe vẫn cho đăng bán nhưng không cho đặt,0
nhảy trany - thông_báo giả sv ác t muốn mua cần đó tự_khắc vô chứ cần m lừa nhảy vô à,0
chờ ngày sale để săn mua thì bị huỷ . Đặt lại đơn thì mất mã giảm_giá,0
phần_mềm ồn_ào không tắt được âm_thanh,0
có ưu_đãi mới mà không hiểu sao tôi lại không có voucher,1
tốt ! ! !,1
rẻ à,1
đã đặt_hàng đc r xog lại huỷ đơn hàng ?,0
mua_sắm tốt giao hàng nhanh,1
rất tốt cho người dùng ...........................,1
tiện_lợi rất hữu_ích dễ sử_dụng,1
tôi không biết nói_gì,1
bịp à tôi thấy để giá 50 đôi găng_tay 19.300 nghìn đồng mà mua báo tổng giá là 995.000 nghìn đồng lua dao à,0
ko gọi chăm_sóc khách_hàng được ? sdt chính chủ thì không cho vào acc ?,0
"Rất đáng thất_vọng ! Shopee liên_tục huỷ đơn của tôi đến hơn 4 lần vs lí_do "" CÓ HÀNH_VI BẤT_THƯỜNG "" rất mơ_hồ , liên_hệ vs bên bộ_phận chăm_sóc khách_hàng thì đổi lại là gì ? Tôi không ngờ bên hệ_thống sd đến AI hỗ_trợ vấn_đề của khách_hàng luôn đấy ! Mấy cái lỗi thông_thường thì ko sao , nma vấn_đề của tôi đặt ra là TẠI_SAO SHOPEE LẠI HỦY ĐƠN của tôi liên_tục vs lí_do ở trên khiến nó ko đủ thuyết_phục tôi ! Tôi yêu_cầu nhận đc 1 câu trả_lời rõ_ràng và xác_đáng cho vấn_đề trên !",0
"Mẹ nó , nhận thưởng mà gặp qc shoppe là văng game , xoá thì văng vô chplay",0
ok á,1
quãng cáo quá phiền_phức,0
"tao nói thiệt chưa gặp cái ap nào mà như cái ap này tao đặt_hàng bị ship lười biến không giao rất nhiều lần tôi khiếu_nại với ap rất nhiều lần ap không giải_quyết ngược_lại còn kêu tao chờ chờ là chờ cái gì đánh_giá ship tệ thì k giải_quyết vẫn để ship đó ship cho tao rồi tao lại bị lấy đơn nữa , thật_sự thất_vọng về chăm_sóc khách_hàng của ap này tao sẽ không bao_giờ tải cái ap này nữa",0
chất_lượng hàng tốt ưu_đãi rất nhiều rất nhiều điu hoi,1
Quảng_cáo nhiều bỏ_mẹ,0
cứ đặt sđt thì nó lại bẩu lỗi chờ 5 ngày rồi vẫn chưa hết,0
"nhìu vocher , đặt cx dễ",1
10đ nha,1
rất ô_kê mà app có_thể cho thêm vô chờ nhiều hơn_nữa đi,1
hàng k dùng đc gửi yêu_cầu hoàn tiền bắt t phải kích_hoạt shopeepay hoặc thêm tài_khoản ngân_hàng kh lm thì ko cho hoàn hàng ? ? ? ? ? ủa vô_lí vcl vd như t là hs chx cs tk ngân_hàng với cccd thì bgio hoàn hàng kiểu gì chẵng lẽ bị mất tiền oan hả ? ? ? ? ?,0
chúng_mày tự_động đăng_ký thêm 1 năm không thông_báo gì với tao và chúng_mày còn không hoàn tiền lại cho tao .,0
rất nhanh và độ tin_cậy cao,1
bớt quảng_cáo google lại đi nha . khó_chịu vô_cùng,0
có thông_báo nó tự vào shopee,0
"trả hàng hoàng tiền của shopee rất mất thời_gian , mua thì dễ trả mới khó",0
ms tạo acc mà kh cho mã giảm 80k nói là số_lượng hết trong khi chx kịp lấy mà hết đề_nghị coii lại cách vận_tải app,0
tốc_độ ốc_sên giao hàng lâu_lắc,0
"Đặt_hàng từ lâu , app báo dự_kiến giao ngày 17 mà chờ mãi không thấy . Cuối_cùng đơn lại bị huỷ vì người bán không giao hàng . Mình mua để đi học nên rất cần , chờ bao_lâu xong shop không giao cũng không báo trước , mất thời_gian chờ_đợi . Mong shop lần sau có hàng thì hãy nhận đơn , không muốn ship thì đừng để khách chờ , nhiều lần lắm rồi đấy ! ? 😐",0
rất chất_lượng phối đồ cực_kì dễ,1
như l mua thì cứ để lấy hàng_không thành_công 1-2 đii không nói lần nào đặt cũng nói vậy rồi lấy hàng rồi thì shipper giao không thèm điện không thèm giao tới . TỆ QUÁ TỆ,0
"ứng_dụng rất ngu , lừa_đảo , t dùng nó trên 10 năm rồi , ko bao_giờ t hài_lòng nổi với nó . đơn hàng của t ngày nhận ban_đầu ngày nào thì giao ngày đó . nó trễ là nó tự đổi ngày giao . hỏi làm_sao nó giao trễ mà cam_kết giao trễ tặng vocher . t thèm ba cái 15k , 20k của vocher hay sao . t cần giao đúng ngày_giờ như thời_gian ban_đầu khi đơn đc xác_nhận . bây làm_sao miễn giao đúng giờ cho t chứ . thời_gian t để kiếm tiền chứ ko phải chờ_đợi đơn tụi bây . có tiền mới mua sp trên sàn tụi bây . lũ ngu .",0
Đã khắc_phục các sự_cố cũ .,1
"trừ 1 sap vì đơn giao chậm và đổi nhân_vật AI chat nch về đơn hàng t thấy tép nhỏ còn tốt hơn nhỏ bh dcu nhỏ "" chăm_sóc khách_hàng "" kiểu mẹ . j mà t thấy nản với nhỏ đó",1
đểđể,1
mới húp đc tí vocher đã bị band ip,0
đểu,0
"trải_nghiệm mua hàng tốt , nhưng phải_biết chọn_lọc shop uy_tín mà mua , ko thì dễ bị lừa rất cay shoppe đã giúp tôi mua rất nhiều thứ qua vuocher người mới ( 40-100 k ) , vuocher quay lại ( 10-20 k ) thực_sự rất nhiều chỉ có một cái là lâu_lâu app bị lag , ko ấn đc cái gì , phải thoát ra vào lại , khá khó_chịu khi phải tìm lại mặt_hàng trc đó",1
"Shopee đã giúp mình tiết_kiệm được bao_nhiêu là , giá siêu rẻ . Những ngày sale đều có lắc xu .",1
giống như mô_tả và quảng_cáo . nên mua và ủng_hộ tiếp . tặng shop 5 sao,1
số điện_thoại chưa đăng_ký mà bắt lấy lại số điện_thoại,0
không liên_kết dc ví shopee pay,1
thấy hàng nào Giao về cũng ổn_áp hoàn_trả hàng nhanh có khuyến_mãi rất hời tôi mua đồ toàn giá rẻ thậ m trí 0đ,1
hàng rất ok,1
tạo nhiều acc để mua đồ rẻ hay phết,1
bọn giao hàng bố_láo tự_động huỷ đơn ? ?,0
"bên shopee làm_ăn kì_cục vậy ? ? ? ? Huỷ đơn do giao_dịch bất thường= ) ) ) , tôi đã làm gì đâu ? ? ? ? ? ? ? ? ? ? ? ?",0
đặt_hàng mà cứ bị huỷ ? ?,0
"qua trải_nghiệm và hàng ngày mua_sắm trên shopee , tôi rất tin_tưởng và sẽ tiếp_tục sử_dụng dịch_vụ mua hàng trên shopee .",1
đúng ngày nhưng giao chậm quá còn phải đợi đến ngày_mai,1
"app gì lỗi hoài , xoá app luôn",0
trải_nghiệm mua_sắm ok,1
1 sao mã 80k hết mà quảng cáo_cáo lùa gà,0
shopee có dịch_vụ tốt .,1
ma 80k người nới hết rồi quãnge cáo để lùa gà hây gì,0
"giá cao do phí sàn cao , vậy_mà dùng mã giảm thì huỷ đơn , không hiểu quảng lý kiểu gì , vậy cho mã làm_gì",0
nhớ cho tôi voucher freeship nhé,1
"sao hàng đã hoàn_trả mà trong hoá_đơn spaylater vẫn tính tiền của mặt_hàng đó vậy , trong tin nhắn hỗ_trợ nói là sẽ cấn_trừ vào hoá_đơn đến hạn mà khi mình thanh_toán có được trừ khoản tiền của hàng đó đâu .",0
rất nhiều đồ rẻ,1
"đâu mã 80k của người mới đâu , quảng_cáo làm gì mà vào thì hết mã , lùa gà hả",0
Quảng_cáo xuất_hiện trên web rất phiền,0
thấy toàn lỗi không là lỗi đặt biệt là lỗi voucher 😡,0
"cho 1 sao vì app quá tệ , quảng_cáo cho mã 80k người mới thì hết , mua hàng ap mã khác thì huỷ đơn , giá sản_phẩm thì cao trên trời",0
lỡ ít có cái sạo đó,1
"app quảng_cáo rất xạo , mã 80k người mới toàn hết , quảng_cáo chỉ cho có , giá thì rất cao so với thì trường bên ngoài",0
5 ★ quá tốt đúng hẹn nói_chung là ok,1
Vé vào 7,0
rất hài_lòng về các dịch_vụ của shoppee những liên_kết với Facebook ko được,1
ứng_dụng đặt_hàng tốt nhất mà tôi từng tài,1
Như lon 0 sao,0
ngon trêu _ chọc,1
đồ_dùng rẻ và sài rất bền_bỉ,1
"mới tuần trước liên_hệ với bên chăm_sóc khách_hàng , yêu_cầu tắt tính_năng "" tự_động mở tab livestream khi vừa mở shopee "" , được 2 tuần thì tính_năng này lại "" quay trở_lại "" trên_tài khoản của mình vui _ vẻ shopee thực_sự đối_xử với khách_hàng của mình không khác gì những người bị nghiện dopamine cấp_tốc , hay nói cách khác là copy y_hệt cách tiktokshop vận_hành nếu vấn_đề vẫn không được giải_quyết hoặc không có option bật / tắt tính_năng này , thì tôi - 1 thành_viên shopee hạng kim_cương , sẽ dừng xài app",0
shop giao sai hàng rõ_ràng ! chụp hình quay_phim đủ bằng_chứng nhưng người bán vẫn ko cho trả hàng hoàn tiền ! shoppee cũng đồng_ý luôn mà ko hề xem khiếu_nại ! quá tệ ! ! !,0
"shopee huỷ đơn hàng với lý_do không hợp_lý , nhân_viên CSKH thì không_thể giải_quyết chỉ có_thể đổi cho phòng kĩ_thuật",0
"nhiều đơn 0 d , nhưng hơi lag",1
rất ok đó ạ,1
"Tiện_lợi , đáng để cài_đặt đấy ! ! ! còn kiếm xu khủng nữa nhé ! ! ! !",1
cứ vô ứng_dụng shopee là âm_lượng giả xuống làm ảnh_hưởng người dùng,0
ứng_dụng OK,1
"shopee liên_tục huỷ đơn hàng của khách , tôi không_thể mua điện_thoại hay máy đọc sách được , tôi thấy phiền , mất thời_gian và bức_xúc vì cách làm_việc của shopee hiện_tại",0
như v,1
Dạ ứng_dụng rất nhiều người_yêu thích và rất thích_hợp cho mọi gia_đình và bạn_bè và thành_công trong công_việc của mình ạ .,1
thông_tin sản_phẩm k rõ_ràng,0
gundam bên đây rẻ vl,1
"Mua đồ 5 sao mà shipper giao hàng 1 sao nha mắ . Thái_độ cực_kì mình đặt đơn ko phải địa_chỉ nhà mình , mình kêu gửi đơn đi mình ck thì ko chịu bắt giao_nhận tận_tay , gòi còn nói mai_mốt đặt địa_chỉ nhà đi anh gọi 1 cuộc ko bắt máy là tự huỷ đơn luôn . Nhờ giao vô nhà bạn gần chỗ địa_chỉ đặt kêu cửa đi ko chịu đứng đợi lâu gòi quay sang nói mình này kia . Đơn ko có bao nhiu mà làm như ngta ăn_cướp giựt ko bằng tiêu _ cực ( thua",0
tốt nhưng đơn 0đ không đặt được,1
"app huỷ đơn hàng mà voucher của khách_hàng thì không hoàn lại , chả hiểu làm_ăn kiểu gì . Trong khi voucher đầu_tiên là quyền_lợi của khách_hàng mà shopee huỷ đơn rồi không trả voucher cho khách_hàng là sao ? Bộ_phận chăm_sóc khách_hàng báo voucher hết hạn trong khi đơn hàng bị huỷ các vài tiếng ? ? ?",0
hàng rẻ ok nha,1
"Điểm dịch_vụ SPX [ Hồ_Chí_Minh / Phường Phú_Lâm ] ( D 6 / Kinh_Duong_Vuong - 51 HCM 177 ) 131/3-131/5 Kinh_Dương_Vương , Phường 12 , Quận 6 , TP. HCmM hồi nãy tôi đang coi cái đường đi tới đâu mà nó hiện ở đây hoài là nó không có đi về giao luôn không có về nó không có về nhà luôn á bên tik tok đơn nhỏ freeship người ta vẫn giao tới nhà luôn còn khách thì thích thì tiếp cho shipper còn không thì thôi còn bên đây thì thôi ối giời_ơi",0
đặt_hàng thì huỷ vì lí_do đặt bất_thường,0
"chỉ vì đánh_giá tiêu_cực 2 lần sản_phẩm kém chất_lượng ko đúng mô_tả trên nền_tảng mà khoá tài_khoản vĩnh_viễn , trong khi vi_phạm lần 1 dell có nhắc_nhở hoặc nhắc_nhở hời_hợt tôi ₫ách thấy , đợi đến khi "" tài_khoản đạt đc nhiều tiện_ích "" thì lại lấy lý_do vi_phạm 9 sách nhiều lần ( 2 lần ) khoá vĩnh vĩnh tài_khoản Liên_hệ CSKH ưu_tiên thì toàn trả_lời cho có và kêu tạo tài_khoản khác Shopee ❌lọc sản_phẩm đểu , kém CL , bán 1 đằng giao 1 nẻo ✅Khoá vv tài_khoản đạt được tiện_ích cao do bỏ tiền ra để có",0
ok Giao hàng nhanh,1
"quá tệ_hại , lạm_dụng AI quá mức làm méo_mó mô_tả sản_phẩm , mô_tả 1 đằng bán hàng một nẻo , lừa_dối khuyến_mãi , shopee qua_mặt khách_hàng , lừa_đảo khách_hàng về cái gọi là khuyến_mãi voucher , rất nhiều hạt sạn trong sàn thương_mại_điện_tử này , hứa và không làm gì hết , bỏ mặc xem nhẹ ý_kiến khách_hàng , để người bán hàng tự_tung_tự_tác thao_túng sàn , người mua chịu hết , yêu_cầu nhà_nước xử_lí và quản_lý chặt_chẽ các sàn thương_mại_điện_tử này",0
"chuyên_nghiệp , chu_đáo",1
đặt shopeefood quên không áp mã giảm_giá mà_lại có xế nhận rồi . app không cho huỷ . xế và quán k chịu huỷ hộ vì sợ ảnh_hưởng điểm thi_đua . gọi tổng_đài thì là tổng_đài tự_động lại điều hướng sang xế . rất bực_mình .,0
Tôi rất hài_lòng và ủng_hộ shopee . ✋️,1
"shoppe siêu dễ_thương , mãi yêu .",1
hoàn tiền cũng bắt thêm cccd muốn lộ thông_tin của ngt hay gì,0
tui iu shopee 😘,1
shop chất_lượng OK,1
tiện,1
shipper giao hàng đến không biết gọi cho khách_hàng,0
săn mãi mới dc mấy đơn 0đ mà shopee toàn huỷ của tôi những đơn hàng sắp giao đến_nơi r thì lại hoàn về người gửu kh giao đến tay ng nhận,0
hàng giao thì bị lỗi không sử_dụng được,0
"thề mua hàng trên sàn mà gặp chủ shop giao hàng đểu k đúng sản_phẩm đã đặt mà đánh_giá trên sàn thì bị sàn xoá đi , vốn định đặt_hàng thêm để sắm đồ năm_học mới đành phải chuyển qua sàn khác . làm_ăn mất uy_tín !",0
ok đó,1
❤❤,1
d uu .,1
mua hàng tiện_lợi rẻ và có nhiều mã,1
"Thứ gì cần là có , nhưng vẫn còn nhiều shop kém uy_tín nên trước khi xuống_tay cần phải kiểm_tra Đánh_giá của cộng_đồng trước .",1
"Nhiều hàng tốt , đa_dạng và ưng_ý . tiẹn lợi mua_sắm . nhiều deal săn sales tốt",1
chắc cũng tạm đi😅,1
Nói_chung mua đồ thì ưu_tiên shoppee là số 1,1
"đang xem ytb thì nó bắt coi quảng_cáo dài 1p mà nó ko cho bỏ_qua , cay quá qua đây cho 1 sao cho đỡ tức",0
"1 . quá nhiều shop bán hàng nhái , đăng thông_tin một đằng , gửi hàng chất_lượng một ngả . nếu Shopee không chấn_chỉnh những shop này . sẽ mất hết khách_hàng . 2 . trên thông_tin sản_phẩm cho đổi trả trong 15 ngày . tôi đặt_hàng ngày 16 tháng 8 , ngày 19 tháng 8 giao hàng , đến hôm_nay 24 tháng 8 không đổi trả được nữa .",0
"Yêu_cầu shopee xem_lại việc hoàn tiền , shop báo đã hoàn tại_sao không thấy số tiền hoàn lại trong số_dư , hiển_thị 0 đồng , không giao_dịch , tệ_hại quá",0
"ứng_dụng shoppe ok . gặp phải nhân_viên giao hàng Nguyễn_Minh_Cường cục xúc , thô_lỗ . đề_nghị shoppe đổi nhân_viên khác khi giao hàng cho mình .",1
cập_nhật cho ổn_định và dễ_dàng mua_sắm,1
đặt_hàng xong nó tự huỷ,0
mua_sắm tôi ít dùng lắm,0
"quảng_cáo vô_tội_vạ , design quảng_cáo gây ra sự khó_chịu cho người dùng bên ngoài ứng_dụng shopee .",0
hoàn tiền khi trả hàng đòi tài_khoản ngân_hàng rồi tới zalo.xong rồi bùng luôn.quá chán,0
chơi geam mà đến quảng_cáo shopee một cái he là tự văng geam nói_chung là shopee mau sửa lại lỗi này,0
kì_thị sinh_viên ko cho mở tài_khoản sinh_viên,0
"nay shoppe lấy lại được 4sao rùi , mừng quá",1
có voucher giảm 100k cho đơn_từ 100k mà ko cho dùng trong khi t phải thức đến 12h đêm để săn mà cứ báo voucher lỗi ? lỗi thì tự sửa đi đừng bắt khách_hàng phải chịu,0
"phí sàn cao làm sản_phẩm bị đội_giá lên , hay bị lỗi vặt , cskh tệ , k giải_quyết dc vấn_đề , voucher bị huỷ vô_lí",0
4 vì thích,1
vãi săn quá tr cái nó tự huỷ đơn,0
"mua deal shopee xong không cho dùng vì xa quá , trong khi cách có 5km . không bao_giờ dùng app này nữa . quá thất_vọng",0
tôi rất thích khi sử_dụng,1
Trước_đây chị tôi có dùng số điện_thoại của tôi để tạo acc shopee và để lấy các voucher hoặc đặt_hàng gì đó tôi không biết lắm nhưng bây_giờ khi tôi sử_dụng số điện_thoại đó để vào acc shopee thêm một lần nữa thì nó lại bảo là nick của tôi có những hoạt_động xấu gì đó . mé cái lol má kêu hỗ_trợ khách_hàng mà đợi mòn đít,0
app xài chất_lượng 👌,1
đề_nghị shoppe ra thêm Voucher_Tiền triệu,1
Vì qc của mày méo làm gì cũng bị chuyển app khi bị văng game không nhận phần_thưởng coi qc 1 khắc_phục 2 tao lấy acc phụ ra đánh1 sao tích _ cực,0
"khuyên thật đừng tải , lừa người là giỏi",0
khuyên ko nên tải đặt_hàng rồi chờ 4-5 tự_nhiên đơn hàng bị trả về ng gửi trong khi đó shipper ko hề gọi điện giao hàng,0
tốt hơn lazada😂,1
tuyêt vời,1
đẹp như hình,1
dám khoá tài_khoản láo . tố_cáo làm_ăn bát_nháo,0
app hay nha,1
CSKH quá tệ,0
hoàn_trả hàng toàn trục_trặc,0
"nhắn_tin thì nhân_viên trả_lời vòng_vo tam quốc , mua hàng mà bắt mua dưới 3km mà khu_vực chỗ t thì không có quán nào đáp_ứng đc yêu_cầu để mua",0
"nếu có uy_tín về chất_lượng , tôi điều đánh_giá cao OK",1
"Đặt_hàng 3 lần thì shopee tự huỷ cả 3 , mãi vẫn không đặt được hàng",0
rất_chi_là ưng,1
ko đặt_hàng đc mà_còn khi mình đặt rồi lại tự huỷ đơn của người ta ko bao h tao tải với_lại đặt_hàng nữa,0
Ko cho coi hết tiêu_đề sản_phẩm,0
hệ_thống chất_lượng ok gửi shopee 5sao,1
tuyệttt,1
đề_tài này tài,1
"tốt , dùng rất xuất_sắc mong khi mua giá sẽ rẻ hơn",1
"1 sao vì quảng_cáo cho mã 80k người mới nhưng vào thì hết mã , vậy củng quảng_cáo",0
"shipper thì giao hàng lâu , chính_sách thì ko cải_thiện , hối giao hàng nhanh cg ko có_ích gì",0
tốt sếu,1
"mã người mới thì hết , dùng mã khác thì cũng huỷ đơn , trong khi đó giá sản_phẩm thì gấp rưỡi giá thị_trường , vậy không cho dùng mã , đúng là khôn lỗi , rồi app chúng mà có ma nó dùng , tao xoá app trước , không bao_giờ dùng lại",0
"má app lùa gà thôi , mã 80k thì hết , dùng mã khác thì huỷ đơn , giá thì gấp đôi thi trường bên ngoài , không được ít lợi gì",0
uy_tín mọi người ạ .,1
xin cảm_ơn,1
nhiều voucher và giá rẻ,1
mua hàng khá ổn . giá_cả ok . nếu không hài_lòng sản_phẩm việc đổi trả cũng ok . không phiền_phức,1
ocee lắm nha,1
"Giao hàng lâu , lòng_vòng mất thời_gian .",0
nhiều tiện_ích lắm 👍,1
Nó lag lắm cban ạa,0
"như quần què , lúc đặt thì báo lỗi xong biết sao lại hiện đơn r bị trùng đơn mà k giải_quyết ổn_thoả cho ng bán và người mua .",0
Đăng_ký Vip 6 tháng cho nhiều mã đặt đơn 1k đc 30đ khoá vĩnh_viễn ních,0
Toàn tự_ý huỷ đơn hàng,0
sán phẩm đa dạng.giá tốt . tiện_lợi,1
"Cái app khùng điên j z trời hàng thì để là đang giao ngồi chờ nguyên ngày ko nhận đc đt gọi giao nào cả dị mà cập_nhật đơn là giao không thành_công , xong giờ mấy đơn cứ để là hoàn về người gửi ? ? ? ? Mà đâu phải 1 đơn hẳn 4-5 đơn rồi . Đã dị còn tự huỷ đơn của người ta nữa chứ , làm_ăn cái kiểu j vậy trời😡😡😡😡😡😡😡",0
thường_xuyên có vc giảm_giá cao . Nhưng có_điều lâu_lâu bị lỗi k đặt_hàng dc .,1
Quảng_cáo quá nhiều và nút tắt quảng_cáo lại xuất_hiện rất lâu,0
ứng_dụng cũng ok lắm,1
liên_hệ nhân_viên thì khởi tạo 1 tiếng chưa kết_nối được đổi địa_chỉ tôi chỉ muốn đổi tên và sdt người nhận mà_lại nói là ảnh_hưởng đến phí ship mà địa_chỉ vânc như_thế liên_hệ cskh thì đùn_đẩy qua người bán người bán đùn_đẩy qua cskh liên_hệ thì không được còn bị lỗi k thể đăng_nhập vào tài_khoản gg mà k hề lquan tới l01 hay lỗi nào cả tôi thật_sự rất thất_vọng,0
shopee như b triển tài_khoản còn không đc,0
không đặt hang được,0
rất hài_lòng về chính_sách đổi trả của shopee,1
Rất ok,1
"đã ra deal rồi thì ngta đặt cũng phải chịu đi , đằng này đặt xong lại huỷ hàng , lần sau nhắm làm được thì làm không được thì đừng ra deal nữa",0
"máy đời cũ cảm_ứng của tôi lag kinh_khủng vô shoppe là máy tôi đơ luôn lướt coi hàng bấm mua đơ luôn , mỗi lần vô shoppe máy tôi chạy không nổi màn_hình đt nóng muốn phỏng tay như muốn nổ , mong shoppe giữ ổn_định cho máy đời cũ để tôi có_thể sd",0
"Tốt , nhiều voucher giảm_giá",1
tốt làm,1
rất ô_kê,1
lm ăn lâu_lắc để giao hàng mà trễ mấy bữa chưa giao ? ? ?,0
Cứ bắt thay_đổi số mới trong khi đó lúc trước không có vụ này lấy lái số thì ko đc,0
đơn 10k cx bj huỷ bởi giao_dịch bất_thường ?,0
lag kinh luôn,0
Shopee cố_tình gây phiền_phức cho khách_hàng khi hoàn_trả sản_phẩm ! ! ! ! 1 * cho Shopee .,0
siuuu thic ứng_dụng nàyy,1
Hữu_ích,1
đuoc,1
vô_dụng,0
hồi trc giao hành nhanh vc bg giao đúng chậm lên trung_tâm trợ_giúp hối giao hàng thì cũng như k,0
góp uy_tín còn được giảm_giá,1
shop luôn rất tự_ý huỷ đơn hàng,1
hàng chất_lượng luôn đúng với sản_phẩm oke la,1
shíp bo tự_ý trả hàng của khách về cho shop,0
shopee khoá tk vô_cớ còn chặn sdt ? ? ? tốt nhất nên bị phạt hơn lazada,0
"Hỗ_trợ khách_hàng quá tệ , chẳng đâu vô đâu còn làm mất thời_gian khách_hàng . Gây khó_khăn với khách bằng mọi cách dù bằng_chứng hay cả shop bán đồng_ý hỗ_trợ . Hệ_thống thì bất_cập với các thao_tác yêu_cầu khách phải làm . Nhân_viên cskh cứng_nhắc",0
nền_tảng tốt nếu biết lựa_chọn sản_phẩm đúng phù_hợp,1
giao hàng nhanh .. đuoc đồng kiểm,1
Mình thấy mua trên shopee rất tiện ko cần đi_lại .,1
shoppe mua hàng quá uy_tín luôn,1
bịp vl tạo mã cho cố vô đk shopee vip xong rồi áp mã từ 700 tối 391k thù huỷ đơn bảo giao_dịch bất_thường ? ? ?,0
"quảng_cáo gì bất_chấp , nhiều nút giả chạm nhẹ thôi là vô shopee liền phiền vô_cùng",0
"trải_nghiệm chăm_sóc khách_hàng tệ vcđ , trả hàng 5 lần 7 lượt vẫn ko đc ? 🙂 chê ạ",0
mong shopee mở lại cho tôi xem live để tôi săn xu mua sản_phẩm cám_ơn shopee trước,1
dùng shopee 6 năm mua lên hạng kim_cương luôn mà gần đây quá thất_vọng về việc shopee gộp nhiều shop vào bán 1 sản_phẩm nhìn giống nhau . Rồi lúc đặt là 1 hình . Lúc hàng về là sản_phẩm khác tích _ cực Bấm vô thông_tin sản_phẩm mình đã mua thì mỗi lúc ra 1 shop tích _ cực,0
"Ứng_dụng tuyệt_vời , dùng để đặt mua bất_cứ mặt_hàng gì ...",1
đặt đơn nào cx huỷ,0
App hay,1
đặt_hàng quá rẻ,1
nhân_viên làm_việc không hiệu_quả treo đơn hơn tuần bưu_cục tự_ý huỷ đơn,0
đi đâu cũng gặp phiền vl,0
tự huỷ đơn hoài,0
App như tuất .,0
giao hàng quá chậm lúc_nào cũng giao trễ 1 ngày,0
"vừa bật thông_báo cho là báo từ sáng đến tối , 😠 . phiền_phức ! hạn_chế đề_xuất bật thông_báo nhé .",0
"bị lỗi liên_kết shoppepay mãi mà không sửa , ảnh_hưởng quyền_lợi khách_hàng . Gọi điện coi lỗi cũng như_không",0
lúc đặt cái gì cứ M02,0
"Ứng_dụng Shopee trên hệ_điều_hành Android đã tự_ý can_thiệp vào quyền điều_khiển thiết_bị cá_nhân của người dùng mà không được sự đồng_ý . Shopee đã tự_ý thay_đổi mức âm_lượng ( Volume ) trên điện_thoại của khách_hàng . Hành_vi này vi_phạm nghiêm_trọng quyền riêng_tư , trải_nghiệm người dùng và tự_ý can_thiệp vào cài_đặt phần_cứng / hệ_thống của thiết_bị cá_nhân .",0
Nơi Mua hàng đáng tin_cậy giải_quyết đổi trả hàng nhanh_chóng,1
mua gì áp voucher cũng bị huỷ,0
"thật_sự tệ , 2 đơn hàng đặt đều không giao không gọi tự_ý hoàn hàng . tổng_đài thì gọi không được .",0
quá mất dạy.thấy giảm_giá người mới thì ko mua được . xong tự_động chuyển qua giá cao,0
ung_dung tot,1
ok ok ok,1
Đây là lần đầu_tiên mình đặt_hàng mà bị gặp trường_hợp như này tự_nhiên shopee tự_động huỷ đơn của mình với lý_do giao_dịch bất_thường ? trong khi mình không làm gì cả và mình cũng chẳng biết chuyện gì xảy ra Bạn khôi_phục đơn hàng cho mình ! ! Lần đầu đặt trên shopee mà bị tình_trạng này kì_cục vậy ? Trước giờ mình toàn đặt trên tiktokshop lần đầu_tiên bị trường_hợp như này ! Mình cũng lớn rồi nên ko rành mấy cái trên shopee nên bạn làm_sao khôi_phục đơn hàng giúp mình ! !,0
chịu làm_ăn chán kinh đưa ra voucher để khách_hàng mua hàng xong tự_ý huỷ đơn hàng . giao muộn thì đưa ra cái voucher giảm 15 nghìn đồng cho đơn 100 nghìn đồng ? thứ t cần là đừng tự_ý huỷ đơn hàng của khách và giao đúng ngày dùm,0
Không hoàn_trả tiền,0
Mong shopee cho thêm giao_diện tối,1
giao hàng đúng hẹn nhưng lạu hây giao sai hàng cái nầy hên xui có vài shop cho trả hàng vài shop thì ko nhận nên 4 sao 😅,1
cho ngta mã lần đầu mua hàng xong mua thì bị m02 xong hết m02 r mua lại tự huỷ của ngta,0
tốt dễ dùng,1
quay đc mã mà ko vào tk,0
thiết_lập số điện_thoại mới vào nick mới còn không được do quy_trình shoppe quá tệ,0
hài_lòng về dịch_vụ của bạn,1
Không thanh_toán chuyển_khoản được nữa quá chán shoppe,0
mua hàng giá_trị cao shopee không hỗ_trợ đổi trả,0
thật_sự là đặc hàng điện_thoại trong đây yên_tâm vl các bạn ạ 😀,1
lỗi số điện_thoại KHÔNG đặt đc hàng,0
mua hàng 0₫ bị huỷ vô_căn_cứ,0
"Đặt_hàng cái gì cũng ok đó mà cái quần què gì cũng hiện lên giữa cái màn_hình to_tổ_bố mày , tra thông_tin trong Google cũng dô link shoppe , bấm qq gì cũng dô . Dỡ hơi dị ? Tưởng ta hỏng biết hả gì ? Bớt lại nha lãng_phí thời_gian của ta .",0
tốt và nhiều voucher,1
Tài_xế mất_dạy huỷ đơn của khách,0
tôi đánh_giá ứng_dụng này 5sao nhưng đang chơi game nó cứ thông_báo phiền ! !,0
"ko nên mua nhé mn khuyên thật app hay lỗi , trả hàng ko dc , mua hàng thì toàn bị m02 , mua về gọi cho shipper ko nghe máy , chăn luôn , ko lên mua để tránh mất tiền oan ?",0
shopee ngủ vl,0
ok hài_lòng,1
k áp_dụng đc tất_cả voucher,0
"làm đủ bước để nhận 35k xu khi đăng_nhập shoppe pay , lúc làm xong vào tìm để nhận thì không thấy , không muốn cho thì đừng làm mất thời_gian người khác",0
"mỗi lần đọc tiêu_đề sản_phẩm nó không cho đọc full hết . phải sao_chép rồi dán vào mục bất_tiện mới đọc được gây khó chiệu cực , seal thì hơn tiktok nhưng tiktok nó cho xem đủ tiêu_đề .",1
shoppe chó,0
Shopee đang bị cái gì vậy . Lúc k có tiền thì vào thoảieeeeeeZzZxccvvVcvvvvq ? mmm mái . Vừa nhận lương cái sao ko vào đc roài,0
"nói cho mã người mới 80k mà hết số_lượng đúng xàm , mấy trò , quảng_cáo rẻ_tiền",0
"nói_chung là cũng được , giá_cả phải_chăng , nhiều mặt_hàng giảm sâu , có những ưu_đãi đặc_biệt . Tôi thấy shopee đáng để bạn trải_nghiệm",1
dịch_vụ ngày_càng tệ,0
"cho app này 1 sao do quảng_cáo cho mã người mới 80k mà vào thì hết số_lượng , tìm hàng để mua mà giá trên trời nên xoá app luôn",0
hay xuất_hiện quảng_cáo ảnh_hưởng điện_thoại giật lát,0
vô_cùng thất_vọng đặt đồ_ăn 2h báo không ai nhận đơn,0
"trang mua_sắm an_toàn , đổi trả , hoàn tiền nhanh_chóng",1
từ lúc đặt ko nhận được một mặt_hàng nào,0
"-1 sao luôn do vào mà không có vocher giảm 80k người mới tại hết , lùa gà thôi ae",0
"1 sao vì luôn giao hàng chậm_trễ , thậm_chí hối giao hàng nhiều lần vẫn không giao ! ! !",0
cho mã giảm cho lắm xong k đc xài bị gì v càng_ngày_càng thảm,0
"tuất qc bịp thì hay dữ , đâu cx có cái mặt l m hết_ý tuất shoppe",0
"hàng báo đã về thì không thấy đâu , còn đơn khác thì đợi biết lâu vượt qua mức thời_gian vẫn không thấy shiper giao",0
"Chào đội_ngũ hỗ_trợ , mk muốn phản_ánh vấn_đề về quảng_cáo trong game . Gần đây mình gặp quảng_cáo Shopee khá thường_xuyên . Sau khi xem xong , quảng_cáo đôi_khi tự_động chuyển sang app Shopee dù mk ko hề bấm vào , khiến mk phải thoát ra và quay lại game , khá bất_tiện vì mk vẫn ko nhận được phần_thưởng . Mong đội_ngũ kiểm_tra và hạn_chế tình_trạng quảng_cáo tự_động chuyển_hướng như_vậy . Mk vẫn sẵn_sàng xem quảng_cáo để nhận thưởng , chỉ mong có_thể quay lại game bình_thường sau khi xem xong . Cảm_ơn !",1
cái gì cũng rẻ,1
huỷ đơn hàng deck dc bộ sợ ht của mà m à,0
ko làm gì cũng lỗi mua không app voucher mà báo lỗi M02 luôn á ! hỏi thì nói kiểu tiếc thay rồi thử voucher khác hoặc kiểm_tra lại bên bạn,0
"tôi rất yêu shoppee luôn , ghoppee cute",1
app rất lag,0
"giá_cả hợp_lý , giao hàng nhanh_chóng",1
"Số điện_thoại vẫn đang liên_lạc bình_thường , shipper k gọi rồi tự_ý trả hàng luôn , đánh_giá shopee 1 sao 😡😡😡🤬🤬🤬",0
good job,1
ok vl,1
đặt_hàng về quá nhanh,0
chính_sách tệ vô_cùng mất hàng là mất luôn khiếu_nại lên thì bị huỷ khiếu_nại,0
"sàn cũng tàm_tạm , sài lag vc",0
"Shopee làm_ơn hãy cho tăng giới_hạn số_lượng mặt_hàng được thêm vào trong giỏ hàng đi . Suốt ngày báo đầy làm tôi cứ phải xoá bớt suốt , tầm 500 -600 sp tối_đa trong giỏ hàng cũng được . Với là bổ_sung thêm dark mode nữa đi , đêm mở ra săn sale mà muốn đau mắt vì quá sáng",1
"hay rồi , tới cái quảng_cáo , cái nút bấm thoát còn lừa tôi🙂",1
"giao hàng đúng lúc người nhận bận , gọi lại thì không nghe , tự_ý huỷ đơn hàng , hỗ_trợ với ai chưa hoàn_chỉnh đổi sang nhân_viên thì phải đợi bộ thiếu nhân_viên à",0
"Hàg chx đến vì gửi nhầm nhà , lên chăm_sóc khách_hàng hỏi thì dùg Al trả_lời hời_hợt , nhắn bảo gửi sai nhà r mà cố sống cố cãi bảo đã giao rồi gửi hình nhà mà shipper giao nhầm , lên tận nhà đấy hỏi ng ta cx bảo ko có",0
trải_nghiệm tốt không có gì phải phàn_nàn,1
thay_đổi số diện thoại thì rất rối,0
suốt ngày đặt xong bị huỷ,0
"lướt wed cứ bị đẩy sang app , bộ bị mắc nghiện makettinh hay j . tải từ đời_nào r , thik thì tự tay bấm vô tùn sp . đây dell có nhu_cầu mua cứ đẩy sang , khó_chịu vcl x tự trừ tiền của ng dùng",0
mua hàng ( lồng chim ) toàn làm ẩu vội khung bị méo và không thẳng,0
Thích !,1
hiển_thị quảng_cáo không có nút x để tắt có ý gì,0
"Dùng tiền để quảng_cáo shoppee xuất_hiện trên các ứng_dụng khác thì làm cho đoàng hoàng . 1 quảng_cáo có . 1 ) nút thoát giả . 2 ) nút thoát giả 2 . 3 ) tự nhảy qua shopee . 4 ) thông_báo giả "" trang này sắp chuyển sang shopee . đồng_ý . từ_chối . Trc t đánh_giá cao ứng_dụng này , vì quảng_cáo nên nếu ko thay_đổi thì t sẽ chuyển sang lazada",0
lắm qc vl,0
"trả hàng báo k hợp_lý liên_tục , k biết lý_do vì sao , giờ k cho trả nữa , quá tệ",0
"lỗi hơi nhiều toàn M01 , M 02",1
Toàn đồ t thik,1
Có shop pee ko cần phải đi đâu cả ở nhà cũng có_thể mua hàng được tới nhà,1
đặt xg tnhien lại huỷ ngáo à,0
"shoppe cũng ổn nhưng cần hoàn_thiện hơn là khách_hàng tôi mong shoppe cần xử_lý nghiêm những shop làm_ăn chưa chuẩn_mực , bán hàng kém chất_lượng và có thái_độ không tốt với khách_hàng cần để riêng 1 mục báo_cáo cho những shop làm_ăn gian_dối tôi mong rằng shoppe càng_ngày_càng hoàn_thiện hơn để người mua hàng chúng_tôi có_thể yên_tâm mua_sắm hàng_hoá",1
Tôi đã nhận được hàng như shop mô_tả . Sản_phẩm như shop giới_thiệu . Nói_chung phải dùng mới biết được . Tạm_thời cho shop 5sao . Có gì chỉnh_sửa sau .,1
đặt_hàng xong huỷ đơn thôi mà ban vv,0
dùng rất tốt đồ lại rất rẻ và tốt,1
"shopee đáng tin_cậy , mua hàng ở đây không lo bị giả mn ạ .",1
uỷ tín chất_lượng giá_cả phải_chăng,1
dịch_vụ hiện_tại tốt !,1
tốn rất nhiều cuộc_gọi lên trung_tâm hỗ_trợ . vẫn ko fix đc lỗi xác_thực số đt . làm ko thể đặt shopeefood .,1
"web và để dễq xe để nữ để xem toàn màn_ảnh , xe by để",1
"app oki lắm , nh mẫu_mã đẹp , rẻ , đáng tải nha",1
đồ rẻ tiền😉,1
thật tuyệt_vời,1
dễ dùng còn rẻ cực,1
"App mua hàng tốt , tiện_lợi .",1
bộ shopee có thù với tôi hả mà tôi đặt đơn được shop giảm_giá cho người mới mà tui đặt xong tự huỷ của tôi,0
"quá nhiều shop lừa_đảo , rất nhiều người bị lừa_gạt nhưng shopee không đánh sập",0
ko cho shop gọi tổng_đài hỗ_trợ,0
tôi là người mới mua hàng trên shopee lần đầu_tiên mà bị F02,0
shop này uy_tín nè,1
"app đặt_hàng tiện_lợi , nhân_viên hỗ_trợ xử_lí vấn_đề nhanh",1
hàng chất_lượng ok,1
"Cực_kì tốt , mới tạo tài_khoản được mua 0đ",1
quảng_cáo lâu😡😡,0
tiện mua đồ,1
dùng tiện_lợi ok,1
choi pvsz no cu hien mai ko duoc troi khoi trang qc,0
mua hàng dẽ_dàng sản_phẩm phù_hợp . sipfo thân_thiện nhân hàng nhanh ....,1
"Mình có mua điện_thoại black shark 4pro trên shopee , shop Thế_Linh_Store shop này bán hàng ko uy_tín sảm phẩm kém chất_lượng mà shopee giải_quyết quá tệ bảo máy chơi game nặng ko thích_hợp cấu_hình máy yếu , shop kia nói sảm phẩm ko có vấn để ko cho mình trả hàng . Mình ra tiệm sửa điện_thoại kiểm trả người báo máy bị lỗi ic cpu , đóng cpu 1tr rõ_ràng là máy bị lỗi ae thấy có đúng không , nhắn_tin shop thì chặn tin , ko chịu trách_nhiệm , ko đổi trả , ko bảo_hành kểu sửa đánh giá_thành 5 sao . Quá tệ",0
trải_nghiệm mua_sắm tại nhà,1
kh giao hàng,0
"dạo này vào face hay youtube , đâu cũng nháy qua . quảng_cáo nhiều , hàng bán thì lộm_cộm",0
"Shopee ơi SAO LẠI KHÓA TÀI_KHOẢN CỦA TOI ĐÃ VI_PHẠM CÁI J ĐÂU MỞ LẠi_TK_ĐI_MÀ ( ；´Д｀ ) , nhm mà ap hàng rẻ nhiều mã hời có tích xu khá hay .....",1
"mặt_hàng phong_phú , nhiều tiện_ích . Có cả game giải_trí nữa , thật tuyệt_vời",1
trải_nghiệm quá tệ.và giao hàng quá chậm,0
mình đến điểm giao SPX tại phường phạm sư mạnh TP hải_phòng lấy hàng thằng ranh phát hàng nó quát ra ngoài đợi.không thèm hỏi lấy hàng gì .,0
shipper quấy_rối khách_hàng cho shipper khác giao hàng thì shipper khác cố_tình không goii điện tự_ý huỷ đơn app quá thiếu trách_nhiệm mặc_dù báo_cáo trường_hợp này rất nhiều nhưng không giải_quyết khiến khách_hàng không nhận hàng được đặt_hàng 3 năm không có chuyện gì vẫn bình thường.trong 1 tháng nay thì shipper nổi hứng xàm sở khách_hàng yêu_cầu đổi người khác vẫn đổi nhưng shipper mới cố_tình không gọi cho khách_hàng hoặc cố_tình nhá máy xong tắt r tự_ý huỷ đơn hàng app quá tệ 1sao,0
mua cx nhiều mà ch săn dc cgi 1k tích _ cực ),1
đặt_hàng thì tự huỷ rồi bảo là tài_khoản mua hàng buôn_bán lậu cái gì đó đèo mẹ t có trả tiền và hàng chưa tới tay t mà tính ra huỷ cũng 5-6 đơn của t rồi đó chả lẻ có mấy đơn sale dc là đi qua lazada mua hả nhất mấy đơn là mấy đơn quần_áo xoá shoppe đi nha mn càng_ngày_càng dở_hơi lỡ mà có huỷ thì hoàn voucher hoặc là hoàn xu đi xu với vuocher người ta tích để mua đồ người ta thích mà mua không đưa hàng rồi không hoàn xu và vuocher,0
rất thật_thà,1
"sàn giao nhanh , voucher nhiều",1
có nhiều mã ngon lăms,1
ko giao hàng,0
"tốt , đổi trả hàng có tiền ngay , sp uy_tín",1
đc😍😍,1
tôi thấy chả có gì thú_vị quản cáo lâu,0
rất đắt không nên tải,0
tự_ý thay_đổi âm_lượng điện_thoại khi mở app,0
mấy event kiếm su toàn bịp mn cẩn_thận,0
muốn trả hàng mà không được chịu,0
sản_phẩm luôn bán rẻ hơn ứng_dụng khác,1
tôi rất hài lòng,1
thiết_thực với mọi người mọi nhà,1
"Rất tốt , rất tiện_lợi",1
"bấm lol gì cũng nhảy qua shopee , rất phiền_phức , xài lol gì cũng hiện quảng_cáo shopee , chèn link shopee khắp mọi nơi",0
"mới có mã vâu chờ còn hạn 5-6 ngày , mã 100k đàng_hoàng tự_nhiên xoá mất mã của t ?",0
"để shopee chạy nền 3-4 tiếng , mở lên đơ cảm_ứng máy .",0
đặt bcs ko dc,0
"mình mới lập tài_khoản , ngoài săn đc cái bút cảm_ứng ra thì chưa kịp làm gì nhưng lại bị đình_chỉ",0
quảng_cáo tối này dài nữa khó_chịu,0
lag kinh_khủng cực_kỳ bất_mãn nếu có 0sao thì tôi sẽ cho,0
rất lag,0
tốn tiền,1
"ship đơn 0đ ko giao nhưng đã cập_nhật đã giao , tự hoàn đơn hàng về cho người bán không rõ lí đo",0
quảng_cáo tận 120 giây mịa màu_mè bắt tôi xem hết thà 1 sao đi quảng_cáo dài như gì vậy đấy,0
cứ vô game chơi là lại dính quản cáo cái này mười trận như một cứ quản cáo shopee,0
hàng bị lỗi,0
xuất_sắc,1
"đặt_hàng đến gần 10 ngày mà đơn hàng vẫn trong trạng_thái không di_chuyển , giao hàng quá lâu , rất chậm . Đợt này bên vận_chuyển làm_ăn chán quá , tổng_đài_viên thì giải_thích chung_chung , chẳng có tính thuyết_phục . Không giải_quyết được vấn_đề khách_hàng đưa ra . chán !",0
đặt_hàng k đc tự_nhiên bị cấm,0
"bộ_phận hỗ_trợ siêu chậm , AI không biết bị sa_thải hết ko , thời_đại này còn chậm_chạp là lên_đường ...",0
Shopee dạo này làm_ăn rất chán luôn sản_phẩm thì kém chất_lượng yêu_cầu trả hàng thì không cả thèm nhận lại,0
mua rất ok,1
"tại_sao tôi không_thể dùng vocher giảm_giá , free ship nữa vậy huhu",1
toàn 0k,1
nhiều hàng là hàng giả,1
rất phù_hợp 🥰,1
tốt vcl,1
thuận_tiện cho công_việc,1
"liên_kết mãi không được tài_khoản ngân_hàng , xong còn khoá ko cho hoàn về Shopee pay nx , bực cả mình",0
"Sản_Phẩm Chất_Lượng , Đúng_Mô_Tả , Giá_Cả Hợp_Lý .",1
"k giải_quyết vấn_đề cho khách_hàng . khách gọi nhắn_tin cả tháng k giải_quyết , shiper thì coii thường khách_hàng . Quá tệ , chưa bao_giờ đánh_giá sàn nào trên gg nhưng lm ăn vô_trách_nhiệm . shoppe vs spx họ nhà hứa , xin_lỗi các thứ nhưng k giải_quyết",0
tốt,1
đặt đơn 0đ 1 cái là tự_động huỷ haizz chán thật,0
rác_rưởi,0
quản_lý kém app để bị sai xong sử lý không được lòng khách_hàng . Không coi khách_hàng ra gì cho voucher khi mua xong khoá acc,0
lúc mới thành_lập . shopee có ng gọi giải_đáp giờ thì gọi k dc gưi tn chẳng ai phản_hồi chán,0
mua hàng tiện_lợi .,1
"giá quá đắt so với thị_trường bên ngoài , quảng_cáo cho mã 80 người mới chỉ cho có hiện_tại thì mã hết , quá tệ nên cjo 1 sao và xoá app",0
uy_tín chuyên_nghiệp .,1
trừ phí duy_trì tk vip không qua kiểm_duyệt .,0
"Riết rồi khiếu_nại không mở khung chat phần trao_đổi thêm khi phát_sinh yêu_cầu khiếu_nại phát_sinh luôn . Shopee tự đơn_phương xử_lý đơn hàng , ưu_ái cho người bán mặt kệ là do lỗi của shop luôn",0
làm_ăn kiểu gì đấy kiểu bố náo à,0
Mua hàng dễ_dàng và tiện_lợi,1
"bỏ hết lỗi đi là ok ( vd : m 02 , md2 , f02 , l01 , ... bỏ hết cho t )",0
Quảng_cáo làm_phiền nhiều quá,0
rất làm,1
không nên dùng,0
mua đơn hàng trong tp th mà lâu kinh mà tiền hoả_tốc cao nữa chơ moẹ ngồi chờ từ 10h đến 8h chx thấy + t nói là t cần gấp trg tối nay r mà ng giao có_vẻ ... ấy nhỉ chắc t mà chậm như này 1 * hết,0
bị huỷ đơn 🙏,0
mình mua nhận đúng loại khi đặt.cảm ơn shop bán và shopee.mình rất tin tưởng.và mua nhiều lần rồi,1
"1 sao , nói cho mã 80k người mới mà vào thì hết , coi giá sản_phẩm thì cao hơn cửa_hàng bán ngoài rất nhiều , xoá app luôn",0
Khoá shopee vip không lý_do,0
"very good , thanks so much",1
"phần_lớn hàng ok , voucher đa_dạng , giá rẻ hơn bên ngoài , nhiều lựa_chọn",1
"shopee mặt_hàng lớn vài triệu thì vẫn ưu_tiên shop hơn mặc_dù bán hàng lỗi đã qua sử sụng , đủ hình_ảnh bằng_chứng nhưng vẫn ko cho đổi trả , không có trụ_sở trực_tiếp để gặp người có chức_năng đánh_giá sản_phẩm chỉ qua mail .",0
mua_sắm êm,1
"ae né app này ra đi , lùa gà thôi , mất thời_gian , hết mã 80k người mới quãng cáo lùa gà thôi , sản_phẩm thì giá cao hơn gấp_bội mua trực_tiếp ngoài , ngu mới dùng",0
ko đặt đc hàng mong shopee sửa và tặng lại mik mã giảm_giá,0
đừng có mua bánh trên nền_tảng này nữa .. mua bánh về mở ra bánh bị hôi dầu k ăn dc cần hoàn tiền . lại không cho hoàn .. bảo mở ra rồi không hoàn dc . không mở ra sao biết được bị hôi,0
shoppe ơi có_thể giao hàng nhanh trong vòng 3 ngày ko khóc sao lúc đặt là khoảng 3 ngày hơn đùng cái sang 5 ngày thế khóc ko kịp hàng mất r,1
Ổn,1
"rất tốt , nhưng sao không được điểm khi điểm_danh",1
chả hiểu nổi tự_dưng lại bảo khuyến_mãi này kh áp_dụng cho tài_khoản của bạn,0
shoppee kiểu j vậy ng t áp đc mã xong đi huỷ hàng của ng ta ? ?,0
rất hay và tiện_lợi tôi rất thích,1
"shopi phục_vụ khách mua hàng rất tôt.việc hoàn_trả hàng shopi . không nên bỏ cột lý_do .. "" không còn nhu_cầu ... "" nên để lại cột lý_do này cho thuận_lợi cho người mua hàng khi hoàn_trả hàng.vì có_khi shop giao hàng chậm quá.hoặc hàng_không đảm_bảo .... cho_nên khách mua hàng không còn nhu_cầu sử_dụng nữa . xin cám_ơn . shopi cần yêu_cầu các shop và các đơn_vị giao hàng cho đồng kiểm hàng , để cùng phát_hiện kịp_thời sản_phẩm không chuẩn như quảng_cáo , hàng bị vỡ , thiếu khi đóng hàng và vận_chuyển hàng .",1
App dùng ok ! !,1
rất thích . giao hàng đúng hẹn,1
mới mua oxy mini cho cá rất ok,1
trải_nghiệm tốt dao hàng tận nơi,1
mua hàng shopee mùa khuyến_mãi được giá rất hời . web nhanh không bii lag .,1
tiện lắm luôn,1
Như lon,0
ok le,1
nói là acc mới thì dc vocher giảm 80k mà vô thấy vocher 40k là sao ?,0
đang đặt_hàng được thì đợi nó đến tự_nhiên tự huỷ đơn hàng trả huỷ đơn hàng chỗ nào mà sao nó tự huỷ,0
tự huỷ đơn hàng 0đ quá nhiều lần,0
"tôi rất vui ngày đầu_tiên tải còn đc vocher khủng , ít_nhất lên tải sớm",1
okii nhó,1
nhiều voucher giảm_giá rẻ toàn 0 đồng không mất tiền,1
Thấy có số đẹp là ghen à 🤬,1
app loằng_ngoằng,0
làm đơn trả hàng rất hay bị lỗi,0
2 năm không sử_dụng bị xoá tài_khoản ạ,1
đặt_hàng mà cứ tự huỷ đơn của người ta là s,0
Không vào app được ! Nên mở tính_năng đồi thẻ điện_thoại bằng kim_cương . App cứ lag kinh_khủng luôn á .,0
ko hài_lòng,0
rất hay nhiều thứ mình muốn,1
"quảng_cáo lắm vãi , tụi mày thiếu người dùng đến vậy à ? , còn bày ra đủ thứ để lừa không cho người dùng tắt cái quảng_cáo khốn_nạn đấy của tụi mày đi_nữa",0
"Rất tuyệt , đúng như mô tả",1
nó rẻ,1
như loll,0
quảng_cáo quá nhiều và gây hiểu lầm,0
"cho toàn mấy cái sạp bán hàng fake , đớp hoa_hồng à ,",0
đó là trái nghiệm thật tuyệt_vời,1
Tiện_lợi để mua_sắm .,1
"okeee lắm , iu shopee",1
hoàn hàng trả tiền mà không nhận được tiền trực_tiếp rồi mấy ng kh có shoppe pay với tài_khoản ngân hành thì sao,0
"mất tiền đăng_ký svip nhưng k lưu được voucher , hỏi cskh thì bảo tài_khoản bình_thường tích _ cực ) ) , lừa_đảo khách_hàng",0
tự_động huỷ đơn ?,0
Dùng tốt akk nên tải nha : 3 😘,1
săn được sale ngon là huỷ đơn ? sợ ngta mua hàng hời thì đừng có ưu_đãi ?,0
"cũng đc của nó đấy , vẫn đang trải_nghiệm",1
"ok , tiện_lợi , đa_dạng và chất_lượng sản hàng_hoá được kiểm_chứng",1
cực tốt nhưng toàn tự huỷ mong shop chú_ý lại ạ,1
Đặt đơn nào tự_động huỷ đơn đấy . Năm nay đang bị báo lỗ quá nên quyết không để khách_hàng mua được hàng nữa nhỉ ?,0
qc dài,0
tin_tưởng mua hàng,1
DM Cứ tự huỷ đơn của người ta,0
"shopee ah , quảng_cáo chỉ quảng_cáo thôi , đừng có mở ứng_dụng luôn nữa . khi nào cần người dùng sẽ vô app của bạn . làm người khác thấy bực_bội !",0
ổn ôk . 💗,1
tuyệt_vời .,1
"Rất tốt OK shop , cho shop 5 sao",1
"shoppe trước_đây sản_phẩm rẻ , tiện_lợi và ok , nhưng bây_giờ giá_cả sản_phẩm hơi cao rồi .",1
"đây sẽ là lần cuối t dùng shoppe-spx giao hàng hẹn 19-20 xong nay 21 thì hàng lại chuyển ngược đi , gây ức_chế người dùng",0
quá ngu_ngốc,0
"trải_nghiệm tuyệt_vời , giao hàng tận nơi nhanh miễn_phí vận_chuyển",1
như lol vl vừa sắp mua đc hàng rẻ thì ht voutra chịu ko nên tải về tốn dung_lượng,0
sử_dụng mã 80k không đc,0
mới bt Sài nên chưa bt gì hết cũng tạm ổn,0
chất_lượng ok hoàn_hảo .,1
rẻ mà nhao đúng giờ,1
Không cần,1
Không tôn_trọng khách_hàng,0
shipper kh giao hàng,0
cách giải_quyết tệ và không hướng_dẫn rõ_ràng cho khách,0
"quảng_cáo mất_dạy , hàng giả nhiều hơn các sàn uy_tín khác như tiki hoặc lazada",0
khvcho,0
sài cũng tiện_lợi,1
giao hàng như rùa,0
"Các dịch_vụ ngày_càng đi lên , chăm_sóc khách_hàng càng_ngày_càng tốt nhưng có một thứ lại đi ngược_lại đó là Shoppe . Dịch_vụ , nhân_viên ... mọi thứ càng_ngày_càng tệ . Nếu có âm điểm thì mình cũng đánh_giá âm điểm . Quá kém . Quá tệ",0
rất ok nhé đặt_hàng nhanh nux đặt xong 1 đơn 0k lại có thêm nhiều món 0k để đặt nux nên đặt nha mn💗💗,1
chất luợng sửa lại là 1 sao vì trải_nghiệm mua hàng rất khó_chịu . mất thời_gian,0
tôi cảm_thấy mn là tuất,1
video thì tự mở lên khi vào app + tự giảm âm_lượng đem lại trải_nghiệm ngu như thằng làm .,0
quá tuệ treo đầu dê bán thịt chó,0
đơn hàng đi vòng 2 lần nhà mình cách shop 30km đặt_hàng ngày 19 hẹn 20 đến 21 không giao mà cho đơn đi vòng lại lần 2 giờ hẹn 22,0
tốn 50k xu kh đc j,0
Ứng_dụng chứa bọn lừa_đảo . bán hàng kém chất_lượng,0
tôi mua đồ bên tik tok giao hàng shipper vui_vẻ mua hàng bên shopee shipper giao đồ vao như kem không muốn mua đồ shopee tí nào,1
"giá càng_ngày_càng tăng hơn cả ttshop , cảm_giác thất_vọng về shopee lúc trước hay mua ở đây lắm à giờ lên giá khong mua nữa",0
chúng m thừa tiền quá hoá điên luôn r à quảng_cáo thì lắm chs cái j cx gặp toàn nút thoát giả để ngta ấn vô r nhảy sang shopee như kiểu ép người xem QC ph mua hàng nó đang QC lại còn có cái_trò màn_hình vỡ giả nứt nguyên 1 đường để lừa ngta sờ vào kiểm_tra r lại nhảy sang shopee cm có bt chừng_mực là j ko ? ?,0
cập nhât xong . không có chỗ đóng tiền vay nhanh luôn.nhắm cập_nhật mà k cần kiểm_tra . tốt nhất nghĩ việc bớt đi nà,0
"đặt_hàng mà shipper ko giao cứ huỷ lí_do khách ko còn nhu_cầu nhận hàng , shoppi mới thì OK lắm về sau_này thừa tik tok một_trời_một_vực shipper giao hàng nói_chuyện thì như đồi nợ nhất_là bên giao hàng nhanh đã vậy đặt đơn nào là bên đó huỷ hoài_luôn",0
app quá tệ . không nên tải về máy,0
"shopee là một nơi mua_sắm tiện_lợi , uy_tín",1
tạm tốt,1
đặt_hàng mà tự huỷ dcm shoppe,0
🥰🥰🥰,1
thật tiếc vì máy tui là samsung j7 mà ko mượt mong shopee tạo app Shopee lite,0
giá ưu_đãi,1
= ) ) đèo mẹ chứ t ít khi quỵt tiền ship nhưng nhiều khi mik đã giải_thích là mik muốn tiền_mặt bảo ship cầm nào mik ở nhà thì ship thì đ nghe ship xog giục như cháy nhà ... mik nói dõ là lấy tiền_mặt ko thì kêu ko tiện thế_thì phải đợi chứ ít_nhất mik sẽ trả trong 2 ngày mà cứ giục gọi liên_tục quá phiền,0
"sao không hiện xu để săn , người săn được người không",0
ko hiểu sao vừa đăng_nhập mua để hộp màu xong rồi bị shoppe huỷ do dịch bất_thường là sao đấy ko bt là lỗi gì r huỷ luôn đơn hàng chịu luôn,0
5 sao cho shopee,1
rất tuyệt_vời !,1
"góp_ý 1 chút : khi shipper giao hàng nếu có ghi tên và số điện_thoại sẽ tốt hơn ( khi giao xong trong nhật_ký cuộc_gọi có số trong bằng_chứng giao hàng có tên , bảo mất cái nầy là không cần_thiết và bên tiktok shop đang làm_vậy ) . Nếu shopee đọc được hãy phản_hồi",1
hay Lammmmmmmmmmmmmmmmmmmmm ? mm mm mm ? mm mm,1
xài shopee 10 năm rồi . rất tuyệt_vời,1
ê bộ không có cái quảng_cáo nào ngắn hơn à ? có 1 video quảng_cáo mà tốn mấy chục phút của t ☺️,0
"đẹp_mắt , ngon",1
ưg dụng mua_sắm tiện_lợi,1
"voucher đủ đk không dùng đc , lúc săn đc đơn 0đ thì bị huỷ vô_lí ?",0
"khuyên mn ko nên tải nặng máy , app tự huỷ đơn của người dùng cho mã giảm_giá nhưng sử_dụng lại huỷ đơn , sao ko có cái đánh_giá 0 sao vậy trời",0
good very special,1
"các bạn rất tích_cực đáp_ứng cho tất_cả xung_quanh bạn , tốt",1
lần nào mua cũng như_vậy trc mua đơn 0₫ thì bảo gì quên m ẹ rồi vậy là mất luôn cái vorcher 60₫ hnay vào đặt tiếp lại mất tiếp rõ dàng thông_báo là vorcher 60₫ nhưng chỉ đc 40₫ rồi tao đặt một đôi dép với giá 45₫ nhưng đc giảm 40₫ mà bgio vào xem ko thấy đơn nào mất luôn cái vorcher tức vãi L ( mong shoppe thấy và phản_hồi ) 🥹,0
sản_phẩm tốt OK,1
bán hay hàng giả mà giao lâu,0
"tệ . Mua món hàng đó , nhận về tệ vô_cùng mới đánh_giá xấu , shopee ẩn đánh_giá tui , chán vô_cùng . Mà bth kh nói , cần gấp ms dùng mà càng dùng càng tức sp tệ_hại , đánh_giá tệ bị ẩn , chán shop chán cả shopee🤢🤮👎",0
"1 . Quảng_cáo giả_mạo như phần_thưởng miễn_phí , quà miễn_phí , đang giao đến nhà bạn 2 . Đặt nút tắt quảng_cáo giả trong quảng_cáo để bait đến ứng_dụng",0
người giao hàng thấy đơn ít tiền là k giao hàng,0
tuyệt_vời không Có nhưng xúc_xắc,1
Ứng_dụng okey,1
"mở quyền cho ứng_dụng hoạt_động thì bị lỗi.lúc đánh_giá sao thì xong thì bị dính đơn lại bị đặt tiếp , lần 2 rút kn.đánh giá sao xong kiểm_tra ko thấy gì.tắt máy 30p sau lại thấy đơn dc đặt đúng giờ mình truy cập.rất ức_chế vì phải trả hàng cho shop liền 2 đơn.rất mất tg.ko ll dc với shoppe nên minh đánh_giá 1 sao",0
tải app shopee mua hàng rẻ cực,1
"Tôi sử_dụng ứng_dụng mua hàng của shopee được khoảng 2 năm . Rất thích , rất tin_tưởng vào shopee . Mong rằng shopee ngày_càng phát_triển và đạt nhiều tiêu_chí mà khách_hàng đề ra .",1
"yêu_cầu hoàn hàng hơn 1 tháng không đến lấy , toàn báo lấy hàng_không thành_công để khỏi đến lấy , đã liên_hệ tổng_đài 3 lần kêu chờ nhưng không giải_quyết rồi cuối_cùng vẫn huỷ . lừa_bịp",0
shipper quạo kinh_khủng muốn đổi ng khác cx k đc,0
🫶🏻,1
"K mua vip thì k có mã giảm , mua vip xong áp mã thì huỷ đơn kêu bất_thường , nhắn_tin hỏi thì cũng trả_lời qua_loa , càng_ngày_càng tệ",0
Mua hàng tiện_lợi,1
Rất thích Shopee giao nhiệt_tình và chu_đáo và ko lừa đảo.Còn shop Lazada thì lừa đảo.Có điều shop Lazada lừa_đảo nhưng có bán cá 7 màu và beta.Còn shop Shopee thì giao nhiệt_tình và chu_đáo nhưng ko có bán cá 7 màu và beta thật là buồn . 😞,1
"gọi tổng_đài thì báo do phần_mềm thiết_kế như_thế , tôi cũng đến chịu , chưa thấy 1 phần_mềm nào tự_ý can thiệt vào hệ_thống điện_thoại rồi tuỳ_ý chỉnh như_thế , mặc_dù đã làm mọi cách nhưng k thể_nào khắc_phục được , lỗi như sau . mỗi lần vào phần_mềm shoppe là nó báo , âm_lượng đã tự_động điều_chỉnh về mức ăn toàn , xong nó kéo về mức nhỏ nhất . khó_chịu vô_cùng . xong mỗi lần dùng cái khác như Youtube , video , là phải kéo volum trở_lại mức mình nghe dc . tại_sao lại can_thiệp vào điện_thoại cua tao",0
bị mất acc ko đăng_nhập lại đc,0
Tôi là khách_hàng Kim_Cương từ 2022 đến nay . Ko cần phải nói nhiều tích _ cực,1
giao hàng nhanh đúng hẹn,1
"vận_chuyển và ship quá chậm , đi lòng_vòng",0
giao hàng nhanh và rất chu_đáo,1
Hàng đã lỗi còn ko cho hoàn hàng mà_lại còn phải cung_cấp thêm bằng_chứng mà trong khi đã fix lỗi theo hướng_dẫn của shop bảo nhưng vẫn bị mà shoppe vẫn ko cho hoàn hàng mà_lại còn bắt cung_cấp thêm bằng_chứng trong khi có những đơn hàng quay lại để test làm đuang như hướng_dẫn sử_dụng xem hàng có lỗi hay khi ví_dụ như tai nghe thì quay kiểu gì ? Nghe thấy lỗi bằng niềm tin ah.Dell hiểu chính_sách cho người dùng kiểu dell gì,0
"lắm quảng_cáo , ứng_dụng nào cũng gặp , quảng_cáo 5s thì không nói , còn này quảng_cáo 15 20s trở lên , quảng_cáo xong còn không cho chỗ xoá",0
mua hàng ổn mà mua đồ cn mắc hơn ngoài tiệm gấp mấy trăm lần a🥰,1
rách_việc hàng ko đặt tự_nhiên giao đến mà giá_trị từ thấp đến cao ăn_tiền khách_hàng à giá_trị từ bốn mấy ngàn mà lên tới một_triệu kiểu này ko ai ưa đâu nghỉ luôn đi dẹp luôn đi,0
tốt đặt đfpoif ăn trên này rất tiện,1
uồi cảm_ơn đội_ngũ nhân_viên online lúc 7h48 sáng nay đã hỗ_trợ mình chuyển hàng gấp sớm hơn một_vài ngày nhé . thanks you,1
1 từ thoi mê,1
đặt_hàng hơn chục lần không có được nó cứ hiện lên là dao dịch giao_dịch bất_chính với shop mợ nó có làm gì đâu mà huỷ hơn chục đơn hàng của của bổn nương đây tức 😤😤 tức nha hôm nó thử tải lại để mua đồ ai dè vẫn như cũ có cái đeo j đâu mà giao_dịch bất_chính hoài,0
có mã giảm_giá hay,1
mua rẻ,1
tại_sao lại huỷ đơn của tôi,1
Trai nghiem,1
rẻ nhưng luôn_luôn bị đớp mất hàng,0
"làm_ăn cực tệ , tự_động huỷ đơn hàng với lý_do bất_thường trong khi đó áp mã giảm_giá do chúng_mày cho người mới 😡😡😡😡😡😡😡",0
đặt quần dài giao quần_đùi là sao ? làm_ăn gian_dối,0
spam quảng_cáo cái đầu m,0
10 điểm lâu_lâu hơi lác,1
không hài_lòng đừng đặt trên shopper hãy đặt trên tiktok uý tín hơn vì shopper không bảo_vệ thông_tin của khách_hàng để lộ thông_tin ạ khóc rất buồn sau_này sẽ không bao_giờ đặt trên shopper đâu,0
"Tôi có 1 tài_khoản trên shopee , trong đó có 63k tiền tôi trả lại hàng . Tôi thêm ngân_hàng để rút_tiền về thì không cho rút . Quá tệ",0
không yêu_cầu thanh_toán mà tự_động trừ tiền của tao ? ? ? ? ?,0
không cho đăng_nhập,0
"Rất nhanh_chóng , vừa phản_ánh đã khắc_phục được lỗi tương_tác với nút quay lại . Thanks shoppee . Xứng_đáng ☆☆☆☆☆",1
thích shopee.Hay mua hàng trên này,1
hàng_hoá đa_dạng cả trong lẫn ngoài nước,1
giao hàng lâu hơn rùa bò cập_nhật là đang giao lại nhà từ 9h đến 11:30 h chưa thấy mặt,0
app nhiều quảng_cáo như L,0
Dịch_vụ rất tốt !,1
"trải_nghiệm rất tốt , có nhiều món hàng độc lạ , giá r nên thử tải xem",1
"giao hang nhanh , đồng kiểm_tra hàng .",1
giao hàng chậm t đang cần gấp,0
ko đặt được hàng,0
tiện_lợi và còn được xăng seo các mã voucher giảm_giá rất là ok Nói_chung là các bạn nên tải về để trải_nghiệm có mấy mã voucher đã lắm nha tao rất là thích shopee cả bà nội tao cũng dùng Nói_chung là chính trên 10 rất là ok có các mã voucher mà tao rất thích mua gì cũng có giao hàng tiện_lợi rất là nhanh shopee còn ghi mã cảnh_cáo Chúng_ta tránh tránh bị lừa_đảo nữa cho_nên người già_trẻ nhỏ về dùng đều ok Cái này là theo cảm_nhận của mình thôi nha Nói_chung là nên mua tải về để trải_nghiệm Nha,1
"Spam quảng_cáo quá nhiều , chkh làm_việc cực tệ_hại",0
mua_sắm trên shopee có nhiều mặt_hàng lại được kiểm_chứng rõ_ràng khi nhận hàng tôi rất thích,1
"mua hang ve ko thay hang dau hoan tien thi shop ko hoan lai va mat voucher 80k , chiu shop",0
đợt này giao hàng quá lâu,1
"shoppe này Mỗi lần mua Và giao hàng thì đó giao đó đúng chỗ nơi , Và tự_nhiên giao chỗ chưa thành_công , Rất khó hiểu như_vậy , 1 sao",0
tự_nhiên hạn_chế mã giảm_giá muốn đuổi khách quen thì đi thôi còn sàn khác mà,0
"rất đc , trên áp này mọi người có_thể mua đc nhiều đồ mình thích rất đa_dạng",1
mong chỉnh lỗi giúp tôi vì tôi mua 1l 2 đơn hàng k được,0
có không sao cho không sao luôn nút bấm giả nút bấm tự nhảy trang nút bấm giả nút bấm nhỏ shopee có mã mà không cho áp_dụng mấy bữa_nay rồi nút bấm giả hoài Nói_chung shopee tệ,0
đặt_hàng ko đc ? áp_dụng mã giảm_giá ko đc kiếm_chuyện hay j ? ?,0
"ko đặt đc đơn to , hệ_thống tự huỷ",0
"ép ngt mua , lag ,",0
oki nha hay mua shopee lấm giá ok dc miễn ship nữa tuyệt_vời,1
phục_vụ khách_hàng tốt,1
shoppe tự huỷ đơn của khách,0
má tui huỷ tới đơn thứ 5 rồi đó . giá ảo vl,1
"giao hàng thì lâu hiện thông_báo đơn hàng đang giao từ lúc 9gio mà đến chiều 4,5 giờ mới giao , giao hàng lâu hay huỷ đơn hàng , dự_kiến ngày giao đổi liên_tục làm mình đợi giao hàng siêu lâu luôn",0
rất tiện_dụng,1
ứng_dụng này cũng khá tuyệt_vời,1
bố_mẹ tôi có dùng rất tiện một_vài phút là có tốt,1
một sao vì tự huỷ đơn của khách_hàng,0
100₫ luon á nhiều đồ cần_thiết mua trên đây rẻ hơn mua ở ngoài,1
hàng đẹp như hay mua phải giảm,1
cứ có đơn đắt tiền mà dùng voucher còn 0đ là lại tự huỷ đơn,0
giao hàng khá lâu,1
kh có phí ship nhưng vẫn có nhá shopee ơi tích _ cực ),0
"Shopee là sàn giao_dịch tốt , phải shopee cho các con chữ to và rỏ hơn để xem đọc ít mỏi_mắt hơn 👍",1
giới_thiệu giai mà khi vào tìm hoài không thấy,0
app quá tốt mượt_mà,1
ăn_cắp hàng mà shoppe ko giảo quyết . mình đặt đơn 0đ cái ko giao lây luôn,0
tui thích mua,1
10₫ ko có nhưng,1
"Thêm tính_năng hiển_thị giá gốc chân_thực đi , quả 63k lúc bấm xác_nhận mua ra 80k hết_hồn dù đã freeship .",0
mua hang binh thuong nhung chang giai quyet dc van de minh nhan moi tai no trl tim nhan vien chuyeng nganh t cho 1 ngay troi ko ai hoi dap kho chiu vo cung luon a.trai cha tot gi het a mua thi mua on chu vo ba cái huy don hang đi 3-4 cau noi di noi lai ma t thuoc luon a,0
"đơn hàng giao lâu , mình phải đợi 3-4 ngày sau mới thấy giao hàng đến",0
mua thường_xuyên,1
Đề_nghị shopee thêm vào dịch_vụ hỗ_trợ khác hàng khỏi lừa_đảo đi chứ tôi bị lừa 2 lần rồi khóc,0
"ứng_dụng tệ hay nhiều quản cáo đang chơi game tự_nhiên bị céo vào ứng_dụng , đạt hàn ship về cực chậm đa_số các chủ shop bán sẳn phẩn chất_lượng không như lời_nói cực_kỳ tệ_hại",0
Đặt_hàng đã tay không lo cháy_túi với Shoppe pay .,1
Giá_cả hợp_lý,1
"tệ , làm_ăn bố_láo , thích thì khoá nhận xu của tài_khoản , hỏi nhân_viên thì không giải_thích vì sao bị khoá , chỉ báo vi_phạm , đẩy phản_ánh lên cấp cao hơn thì câu trả_lời đây là vấn_đề nội_bộ nên không cho khách_hàng biết",0
Cũng ổn nhưng hay tự_động huỷ đơn với hàng ảo,1
"rẻ , tiện_lợi , chất_lượng",1
"tôi rất rất khó_chịu , tại_sao tôi muốn đăng_nhập lại tkhoan shopee xài sđt cũ tôi mà sau khi xác_nhận xong hết nó kêu "" xác_minh =QR "" trong khi đó tôi đang đăng_nhập làm_sao mà có cái tài_khoản đó rồi vô mà quét ... rất rất khó_chịu . Muốn xài 1 sđt thôi cũng không được , mà ko có mật_khẩu của tài_khoản đó kêu boả là nhập mật_khẩu ? ? ? ?",0
"App tiếp_tay cho bọn Lừa_Đảo hoạt_động , đã xoá tài_khoản .",0
"mua sản_phẩm trên sàn , bị shiper giao cho người khác , phản_hồi thì shopee không giải_quyết . thời_kỳ công_nghệ , mà lên sàn mua_sắm gặp thế_này sao tin_tưởng được nhỉ . nếu_như mua sản_phẩm giá_trị lớn , săn được sale thì chắc chỉ biết ôm cục tức thôi ...",0
Shopee lm ăn j kì v toàn đơn 0 đ ?,1
tôi đặt 1 bịch cape g7 50 gói nhỏ có giá bso nhiêu,1
cái game xếp gạch kiếm xu ngoo kựcc . chs bthg mà nhiều lúc nó dồn k còn đường đi nào mà bắt hồi_sinh vs dùng vp . 10k đắt v à shope ? ?,0
đánh chs mà nhắn lm máy t đứng m luôn,0
quá ngu 😂😂😂😂😂😂😂,1
"tiện_lợi , mọi lúc mọi nơi ok",1
shopee qq đang chơi game tự đăng_nhập vào shopee 1 ⭐,0
Định_mệnh cả lò nhà shoppe iu dấu 💕,0
nhập nick mà nó ko cho cứ bắt kéo hình,0
"thái_độ shipper chảnh choẹ , bị nhỡ 2 3 cuộc_gọi tự_ý huỷ hàng , gọi lại k bắt máy . Riết chánn",0
thường,0
Đc của ló,1
"cần thêm phần lý_do trong lúc huỷ đơn của người đặt , và thông_báo rõ nếu đơn bị huỷ , tôi không nhận đc bất_kỳ thông_báo đã huỷ đơn nên đã chờ cho đến khi kiểm_tra lại thì đã bị huỷ",0
tốt giá rẻ nhưng phải_biết mua nếu ko sẻ bị mua phải hàn kém chất_lượng tính_năng trả tiền hoàng hàng tốt,1
"dạo này shoppe làm_ăn nhanh_nhạy , các cửa_hàng bán hàng chỉnh chu",1
có tk rồi mà ko lấy lại mk được,0
"đặt_hàng rồi , shoppe huỷ quài để giao_dịch bất_thường",0
tệ không còn gì để nói,0
shop uy_tín,1
"bán hàng lừa_đảo , lỗi sản_phẩm , kém chất_lượng",1
"đơn ảo khách không đặt ship quen giao đến trả tiền nhận hàng , xong người_nhà về bảo k đặt báo shoppe mà k giải_quyết cho . ngậm đắng mất tiền . gọi tổng_đài bắt điền mail mà k giải_quyết",0
quá tệ_hại,0
rất tuyệt_vời nhiều thứ rẻ mà vẫn tốt,1
"shopee bỏ cái mở app lên video quảng_cáo tự mở đc ko ? thoát video rồi vào tìm hàng để mua , nhưng vẫn còn tiếng nó nói lải_nhải rất là khó_chịu",0
rất tệ giao hàng chậm_trễ không thông_báo trước cho khách_hàng chờ lâu tới việc ra ngoài mua luôn cho_rồi,0
giao hàng trễ hơn dự_kiến,0
"Mua nhanh , nhưng chất_lượng các shop không đồng_đều . Nay là chuyên mua hàng trên shopee thôi . ủng_hộ nha mọi người .",1
shopee như l nhé đặt_hàng vừa xong vô coi lại tự_nhiên huỷ bnhiu tiền ko hoàn lun tiền phải lá đâu má tính ts h mấy triệu đó tr liên_hệ tổng_đài thì nói vòng vô ko vào thẳng vấn_đề chịu shopee☺️💔,0
Khá tốt,1
tui mua r mà tự_nhiên huỷ r khóc,0
ghét mấy cái quảng_cáo vô_cùng,0
làm rất tốt,1
vào k đc,0
cập_nhật hoài mà vẫn lỗi,0
"suốt ngày tự huỷ đơn , hoic trợ cũng như_không",0
Tuyệt_Vời,1
ko có gì là miễn_phí,0
"Mua_sắm tiện_lợi , vận_chuyển nhanh_chóng , trả hàng ( nếu có ) thuận_lợi .",1
Vô_trách_nhiệm,0
Och tot mua gi cung tiẹn,1
đồ rẻ,1
"ăn_gian thời_gian giao hàng , hơn 30p",0
hơi nặng máy nhưng ok . phù_hợp mua_bán hàng,1
cấm hết nick tao làm cc gì v,0
mặt_hàng đa hạng đồ rất đẹp chất_liệu khá tốt ( tuỳ shop ),1
cứ đặt_hàng là shoppe huỷ r vài lúc còn ko cho đặt_hàng,0
chưa tải nhưng anh tôi hay dùng,1
100 điểm,1
game như 💩,0
"shopee giảm_giá 50% tối nhất 4,5 sao !",1
"Ứng_dụng hiện_tại tràn_ngập các shop bán thực_phẩm chức_năng giả , hàng nhái kém chất_lượng nguy_hại sức_khoẻ . ​Lỗ hổng lớn nhất là khi người mua phát_hiện hàng giả và thực_hiện Trả hàng / Hoàn tiền thành_công , Shopee_LẠI_KHÓA_TÍNH NĂNG ĐÁNH_GIÁ SẢN_PHẨM . Điều này vô_tình cướp đi quyền cảnh_báo của nạn_nhân , giúp các shop lừa_đảo xoá sạch dấu_vết để tiếp_tục dụ_dỗ những người mua sau . ​Cơ chế này chẳng khác_nào đang bảo_vệ và tiếp_tay cho shop bán hàng giả .",0
thái_độ cskh rất láo,0
nhiều đồ ngon,1
"shiper rất bố_láo , nó thách_thức khách_hàng và yêu_cầu phải chuyển_khoản trước mới giao hàng nếu ko tự_ý huỷ đơn hàng , mình bị 2 lần rồi . Mình có nói shopee ko khuyến_cáo ck trước nhưng nó vẫn ko chịu .",0
rất tuyệt_vời mình đã theo_dõi kênh,1
"mua đồ giá rẻ , tiện_lợi , dễ sử_dụng",1
Nên vt giá đúng đừng kiểu bên ngoài giá rẻ bấm thanh_toán tiền taw Một đống,0
giá_cả cao quá không được giảm_giá mua nhiều giá mắt vận_chuyển chậm nhân_viên thu 10k một đơn hàng,0
quá đỉnh,1
xài ok,1
mua quần_áo ở chỗ này sai hàng nhiều lắm storekokami,0
disconme quảng_cáo vô_tội_vạ . tao chụp hết mấy cái quảng_cáo cực khó_chịu này gửi bộ công_thương cho phạt chết mẹ chúng_mày . lazada cũng ăn phạt vì quảng_cáo này rồi,0
Đổi từ thiết_bị cũ sang mới gây khó_dễ quá . Nghỉ chơi .,0
có ai mua shop chưa,1
bộ lm mấy cái quảng_cáo ko cho cái nút dấu x to thêm hả t đg chơi play together r lm nhiệm_vụ xem quảng_cáo của shopee dợi xong hết r bấm vào nút x cái xong qua shopee luôn r vào lại là mất luôn cái nhiệm_vụ đg lm ko nhận đc,0
thặm tệ đến mức không muống nối,0
tiện_ích,1
đặt_hàng xong không giao mà tự_động huỷ hàng của khách làm_ăn k quy tính,0
ok.rất hưu ich,1
toàn treo đầu dê bán thịt chó . đưa giá 1 đàng vô thấy sp 1 nẻo . rồi khách có mua đâu . sao ko quét mấy shop vậy đi . tốn thời_gian của khách vs lừa_đảo mấy người già ko rõ bấm lụi thôi,0
Giao hàng tệ vãi ra,0
Shopee_Ok mới đẹp được có,1
"nv kh hỗ_trợ đc vd gì , kh rõ vụ_việc đã tự huỷ đơn hàng , chờ mãi như mà phản_hồi vô_dụng v",0
có vouch,1
như đb,0
được đấy rất tốt,1
k tải dc,0
xuất_sắc đổi trả hàng nhanh_chóng mua_sắm tiện_lợi,1
mã giảm_giá có lúc như_không,0
"tự_ý trả hàng của khách , thái_độ làm_việc với khách_hàng quá chán",0
"cái thể_loại cty quảng_cáo app ở mọi nơi , cả ở trong game . Đã bắt xem qc rồi còn để cho tự_động nhảy về tải ứng_dụng của chúng_mày mà không cho click dấu X. Vậy là lại phải vào lại game . Bịp vãi l bịp",0
tốt nhất,1
"mua dễ , trả hàng khó.Nhiều mặt_hàng không chất_lượng như mô_tả",1
"hàng lỗi nhưng ứng_dụng không cho sử lý hoàn hàng , mua phí tiền",0
"khoá tk , huỷ đơn vô_tội quạ , thôi chuyển tiktok mua hàng , shopee giờ chỉ là săn xu là chính🤣",0
"Shopee cực_kỳ tồi_tệ , không đáng tin , cảm_giác như bị lừa_đảo lấy mất tiền dù mua shopee mall . Shopee giao bị thiếu nhiều hàng trong 1 đơn , yêu_cầu trả hàng hoàn tiền từ 11/8 , chờ liên_tục đến 18/8 không ai liên_hệ lấy hàng dù địa_chỉ ngay trung_tâm Hà_Nội . Liên_tục nhắn , gọi trung_tâm trợ_giúp , lúc_nào cũng chờ 1 , 2 ngày . Đến tối 18/8 thì cập_nhật là người mua không trả hàng trong hạn , huỷ yêu_cầu . Bằng_chứng đến lấy hàng mà tôi ko trả hàng đâu ? Cố_tình không giải_quyết , lừa_đảo .",0
toàn bị huỷ hàng,0
đặt r 5 hay 6 ngày ko giao,0
qc gi coi lâu,0
hàng tự huỷ là sao ae k nên nhé,0
bay cụ 1tr app loz,0
đi quảng_cáo app khác quá nhiều,1
không cho người dùng sử_dụng spaylater,0
sai đồ không cho đặt không giao quảng cáo dở,0
rẻ chất_lượng tốt,1
"quảng_cáo quá nhiều và quảng_cáo lâu , gây khó_chịu , còn mấy chiêu lừa để ấn vào nữa hơi bị bực . quảng_cáo xếp hình thì ổn , còn lại nhiều cái xem qcao lúc cần_thiết khi chơi game hay gì đó thì quảng_cáo hơn cả 1 phút rất bực_bội",0
tiện lợi.nhanh chóng . rất hưu ích,1
quảng_cáo vô_tội_vạ,0
vào shopee mua hàng toàn treo đầu dê bán thịt chó 10 cái video quảng_cáo thì cả 10 là sai sự_thật,0
khiếu_nại thì kh đc mất tiền,0
giá rẻ hợp_lý,1
tôi chả mua một món hàng nào mà giá nó xem nó rẻ tới hơn 50% giá còn mua nó chỉ giảm 2% chán,0
hàng lần đầu mua có mã giảm về đơn 0₫ thì cứ để huỷ đơn rồi mất vé khiếu_nại không xong làm không được shop thì vô_tư không bị sao,0
"mua hàng tại Shopee thật tiện_lợi từ chất_lượng giá_cả , thủ_tục thanh_toán đến giao_nhận hàng đều rất h ợp lý nhanh gọn . Hàng_hoá đa_dạng rễ tìm_kiếm nhiều sản_phẩm được hỗ_trợ giá , các khâu đổi trả hàng cũng rất hợp_lý nhanh gọn . Nói_chung Shopee là nơi tôi thấy đạt yêu_cầu nhất trong các nền_tảng giao_dịch mua_bán các sản_phẩm của mọi ngành_nghề Cảm_ơn Shopee.Rất Tin_tưởng Shopee",1
giá rẽ .... voucher nhìu,1
đặt_hàng mà mãi không thấy giao . vui_lòng xem_lại,0
Được đồng kiểm hàng và nhận nếu hàng đúng như quảng_cáo và được free ship .,1
"như lon , qc nhiều vch",0
toàn mấy thằng shipper óc chó cố_tình huỷ hàng,0
"Mỗi lần vào là bắt xem live rất không hài_lòng , cài_đặt không thấy tuỳ chọn lúc vào .",0
Có quá nhiều người bán hàng ảo mà shopee vẫn để ... người mya nhắn_tin hỏi .. người bán không trả_lời ... vậy_mà shopee không hay_biết ... chán quá .,1
luôn giao hàng sai nơi ko đúng vị_trí ng mua,0
bộ mắc thông_báo lắm hã đang game mà thông_báo chi vậy trời thua mẹ rồi nxà thấy chs game thì đừng có thông_báo hộ,0
ko đặt được hàng và bị shopee tự huỷ đơn hàng,0
quản cáo nhiều khó_chịu,0
xoá shopee đời vui hơn hẳn,0
😊,1
tôi săn xu mấy hôm nó lại ko cho săn xu nx đề_nghị shoppe xem_xét lại khắc_phục giúp tôi,1
"nhanh gọn , tiện_lợi , bảo_vệ quyền_lợi khách_hàng , giải_quyết phản khiếu_nại , phản_hồi nhanh_chóng ...",1
"không nói rõ lí_do , khoá tài_khoản vô_cớ",0
"Người mua căn_cứ vào đánh_giá sản_phẩm để mua hàng , nhưng shopee không xếp đánh_giá theo thời_gian mà xếp theo số sao từ cao xuống thấp . Người mua đánh_giá 5 * cách đây vài năm đưa nên đầu , mới mua đánh_giá ít * hơn thì xếp sau . Hàng mỗi thời_kỳ có chất_lượng khác nhau , xếp đánh_giá như_vậy là giúp người bán có lúc bán hàng không tốt , lừa_dối người mua . Tham_gia nhiều lần nhưng shopee không sửa , tiếp_thu xong để đó v .",0
tự_ý huỷ đơn của khách,0
"đừng tự huỷ đơn hàng của khách nữa nhé , cảm_ơn .",1
"ứng_dụng như cái con khỉ . Nịnh_hót , gian_dối .",0
"ứng_dụng càng_ngày_càng tệ , ko bảo_vệ khách_hàng . Cùng với shop bán hàng lừa_dối khách_hàng .",0
mới săn đc cái 16 thường 1₫,1
rất tốt nha,1
nặng máy nè lag máy ko sài đc 1 sao,0
trải nghiem,1
"thiết_kế lại cái giao_diện , phần shop đã theo_dõi để quá sát hồ_sơ dễ bấm nhầm",1
"sàn Chỉ dùng 2 chữ "" nghi_ngờ "" để làm lý_do huỷ đơn hàng mua_bán công_khai , cách làm_việc ko thể chấp_nhận được , hàng đăng lên giá hợp_lý thì người có nhu_cầu mua lên đơn đặt_hàng , sàn ở giữa lấy tư_cách gì huỷ giao_dịch chính_đáng , cách làm_việc độc_đoán chuyên_quyền bảo sao tiktok shop ra sau nhưng chiếm_lĩnh thị_phần onl , tôi mua bên tiktok shop 9 đơn 18 thùng sữa như_vậy họ giới mức tiền được mua theo hình_thức COD , ko như cái sàn shope tự_ý tác_động vào giao_dịch mua_bán , tự_ý huỷ đơn",0
mua đồ lặt_vặt ít tiền chơi chơi thì được . đừng nên mua các đồ điện_tử và đồ có giá_trị cao khi đến lỗi không bảo_hành được đổi trả cũng không hỗ_trợ không bảo_vệ người dùng . khuyên mọi người đừng nên mua những đồ giá_trị cao,0
"Tệ , đã v còn bị tráo hàng , tự_nhiên đặt_hàng giờ còn phải ra tận nơi để lấy hàng , kg giao thì_thôi , Sao mà ghét shoppe dữ v chời",0
"Quản_lí shipper không tốt , ăn_chặn hàng của khách",0
ứng_dụng tệ,0
rất oke nha,1
"shopee nên cập_nhật tính_năng cho_phép xem thông_tin bưu_tá , sdt , để khách_hàng có thế liên_hệ",1
ông giao hàng thì còn bát khách tới đâu lấy á hàng đc còn mấy ông giao hàng thì hết nói nổi,1
đúng là top 1 sàn tmdt vn,1
"giao hàng trễ hẹn rất nhiều lần khiếu_nại trong app thì kh giải_quyết dc vấn_đề , shipper tự_ý huỷ đơn hàng mặc_dù chưa gọi cuộc nào vẫn báo khách từ_chối app rất tệ , mn cân_nhắc đặt bên tiktok shop sẽ ok hơn",0
hay lỗi,0
Bớt quảng_cáo bố_láo lại,0
rất hữu_ích,1
giao hàng nhanh như chớp,1
Tốt_đẹp,1
tốt vãi,1
ok lắm tuyệt_vời nhe,1
như chó,0
chất_lượng đạt y cầu,1
có mã giảm_giá dell xài được,0
cx đc mà cx kh dc,1
"shoppe trước_đây mua và giao hàng ổn , dạo gần đây tôi bị shipper chiếm_đoạt mấy đơn hàng khuyến_mãi . và shipper còn tự ý huỷ của tôi cả chục đơn hàng , bây_giờ mua hàng không được . shipper bên GHN và bên Express làm_ăn tức ứa gan . giờ mua hàng đổi vận_chuyển viettel post cũng không chấp_nhận . dẹp luôn đi .",0
phải_biết mua,1
cũng đc nhưng ship bơ hay huỷ đơn nha sửa lại ik,1
trả hàng hoàn tiền quá tệ,0
rẻ thì rẻ thiệt nhưng đến khi đặt_hàng thì nó huỷ đơn cảm_giác tức khi mình không có được thứ đó,0
trải_nghiệm mua sắp tuyệt_vời .,1
mik mún đặt_hàng mà nó hiện ghi sđt mik gửi số mẹ mik xong ko đc giờ phải làm_sao ? ? ? ? ?,0
Trải_nghiệm chăm_sóc khách_hàng rất kém . Các shop gần như không phản_hồi tin nhắn tư_vấn của khách nhưng lại xác_nhận đơn cực_kỳ nhanh . Đề_nghị Shopee kiểm_soát chặt_chẽ chỉ_số phản_hồi chat của người bán .,0
đặt xong rồi bị huỷ,0
"mua sim mới , có sẵn tk chủ sim cũ . làm các bước để lấy lại tk thì đòi nhập mk của chủ tk cũ . hãml",0
rất tốt cho 5 sao,1
"mua tại có nhiều vc hơn mà không hiểu sao giao hàng rất lâu dù đã đến kho khu_vực , vấn_đề này xảy ra rất nhiều lần , mong khắc_phục",0
Tôi rất hài_lòng,1
Đớp như c đặt_hàng dùng mã xong giá rẻ tự huỷ đơn của ngta,0
rất nhanh và thuận_tiện .,1
hài_lòng 🤪,1
ê nhờ có nó mà mua hàng tiết_kiệm bao_nhiêu,1
quá lag quá ngu,0
giá hàng hơi đắt,1
tốt giao hàng nhanh,1
app quá tệ .,0
"shipper hàng giao nhanh , giá tiền rẻ và đẹp",1
"Shopee dùng rất tiện , giao_diện dễ sử_dụng , mua hàng nhanh và nhiều ưu_đãi . Trải_nghiệm tốt , tôi rất hài_lòng !",1
shipper có trách_nhiệm,1
Tối_ưu thêm tí nữa đi không con Galaxy A14 4G không chạy mượt được tiêu _ cực,1
giá rẻ mà giao hơi chậm,1
rất là không chê vào đâu,1
hài_lòng uy_tín,1
Vấn_đề hoàn_trả hàng k được giải_quyết . nhắn shoppe k hỗ_trợ . Quá thất_vọng về cách làm_việc và xử_lý của shoppe,0
shipper giao hàng lúc đó k ở nhà nghĩ lần sau giao lại nhưng k thấy đâu mất luôn vocher 80k của t khiếu_nại thì k chấp_nhận yêu_cầu chả hiểu làm_ăn kiểu gì xứng_đáng 1 sao .,0
Giúp tôia đặt những món đồ mà tôi không có,1
kêu gấp thú 1 lần nưac là đủ điều_kiện nhận 5000 xử rồi mà gấp gần 20000xu vẫn hong được cái gì 4 lâng rồi á hôm_nay mất chắc 50000xu vì cái đó rồi á nếu nhắm hong cho người ta nhận thì đừng tạo,0
khách_hàng kim_cương và cách xử_lí hoàn_trả hàng của phía shop và app shopee vận_hành rất tệ_hại,0
nó giao hàng nhanh,1
mua hàng hơi giá hời,1
"App xử_lý đơn hàng nhanh_chóng , shop chuẩn_bị hàng nhanh , đóng_gói cẩn_thận và nhân_viên giao hàng nhanh",1
"ê ý là bị phiền ấy ? , tạo cả nút tắt quảng_cáo giả để lừa người ta , làm_ăn kiểu này thì chịu",0
Phần tìm_kiếm không hiện đề_xuất shop . Xem review shop tìm mãi không được,0
sao mấy chỗ vùng_sâu_vùng_xa thì không giao toàn tự hoàn_trả về người gửi,0
ngon luôn quá tiện,1
shopee tuất 7 ngày mới giao tới,0
"thấy cũng vui vừa săn hàng vừa có tiền , có_thể c ho nhiều xu hơn_nữa là còn vui hơn_nữa",1
có nhiều voucher nha,1
rất nhanh,1
được đặc hàng rất rẻ và ngon,1
rất tốt nhưng cho nhiều đơn 0₫ nhiều là ok,1
"shoppee chưa đặt quyền_lợi của khách_hàng lên trên , chưa giải_quyết vấn_đề của khách_hàng",0
Mua trên shop rất tiện . Đã dùng ap lâu rồi,1
tuyệt 2 đơn hàng huỷ ko lý_do mất hết xu voucher đúng là quảng_cáo xạo lon ap dau buoi,0
rất yêu shoppeee,1
Ê giờ bên vận_chuyển còn k thèm cập_nhật đơn hàng cho t . Hiện chờ lấy hàng 1 2 ngày r shipper gọi ra lấy luôn tích _ cực ),0
"Đã dùng shopee mấy năm rồi , rất tiện_dụng , đa_dạng hàng_hoá , nhìn_chung là thích",1
cam dã cho nhiều tiện_ích,1
tôi mua đồ sao không thanh_toán vay ban,1
"áp voucher vô để được giá tốt , rốt_cuộc đơn shop gởi thì bên giao hàng không chịu giáo , lưu ở kho trung_chuyển 4-5 ngày không chuyển_tiếp cho khách . LL với shop thì shop đổ cho sàn quản_lý đơn , ll với hỗ_trợ khách_hàng nhờ hối giao như hk hối . Đến khi huỷ đơn hoàn tiền thì cứ để đó xem_xét chậm_chạp không chịu hoàn tiền cho khách . Riết rồi shopee làm_ăn sống_nhăn",0
k sdung dc voucher,0
ko thanh_toán tiền_mặt khi giao hàng,0
sao nhiều điểm g vậy trời ấn vô đâu cũng vào shopee cho bằng được,0
tui đăng_nhập kh đc hơi thất_vọng và buồn 🙂,0
"Tại_sao cho tôi ưu_đãi để mua hàng nhưng khi tôi mua hàng thì lại bị huỷ đơn vì lý_do bất_thường , nhắn cskh thì chỉ trả_lời qua_loa không giải_quyết được vấn_đề",0
đặt_hàng nhanh rất đáng_giá nhưng phí hơi cao,1
rất đáng để sử_dụng,1
chăm_sóc khách_hàng không ra sao đơn đặt mà giao không gọi một cuộc đợi máy ngày và tự hoàn về huỷ đơn chăm_sóc khách_hàng thì không ra sao,0
giao hàng ok tuy_nhiên khâu giải_quyết khiếu_nại không đầy_đủ . tôi gặp 1 shop bán hàng kiểu ăn_cắp . tôi mua trọn bộ camera kèm thẻ nhớ . tôi trả hàng nó đầy_đủ nhưng nó không nhận . và gửi lại tôi gói hàng đó . nhưng lại trả tôi thiếu cái thẻ nhớ . tôi_đòi mãi không được . còn lên_giọng thách_thức . bực cả mình,0
Rất tốt và phù_hợp,1
tưới nước gần được bẩy ngày thấy chỗ nhiệm_vụ đã tăng ngay chăm cây lên rồi thế_mà sang hôm sau xem_lại thì về ngày đầu_tiên bộ shopee định dàu tao đấy à ko chỉ có một lần thôi đâu cứ đến ngày số 4là lại quay về điểm suất phát và những vé giảm_giá 0đ đủ điều_kiện cx ko sài đc là sao ý là shopee muốn j đây đang đùa người mua à chỉ được mỗi_cái mua tiện_ích chứ chả có cái mẹ j cả xu làm nhiệm_vụ ít vl còn xu mở áp vô_bổ cho nó thì nhiều xu chưa thấy có_ích cho người mua chỉ thấy có lợi cho áp😡🤮,0
"tệ , gắt",0
tôi muốn acc bị khoá để thời_gian sẽ cho sử_dụng lại hoặc sdt,0
"Mua hàng trên Shopee_Giao_Hàng_Nhanh trả hàng dễ_dàng , nhận tiền hoàn nhanh_chóng .",1
"Rất tốt , tôi rất thích mua hàng trên shopee",1
QC rất nhiều mà_còn tận 10 mấy giây lỏ,0
"cho quay ra voucher giảm 100k cho đơn_từ 100k sau 1 ngày , 1 ngày sau vào kho vuocher vừa thấy xong mất voucher , ko cho thì thôi còn bày_đặt cho_rồi giấu , quá tệ",0
"vô_cớ khoá xu tài_khoản , mà không giải_quyết",0
toàn đồ rẻ,1
very well,1
nhân_viên hổ trợ như loll toàn trả_lời cho có để đối_phó khách_hàng,0
xàm l,0
rất tiện_dụng muốn gì cũng mua được,1
"ko tốt , 🐐",0
giá để hk thực_tế,0
"shopee tự huỷ đơn dù tôi có hành_vi giao_dịch bất , mất luôn cả voucher tôi săn lắm mới đc giờ lại huỷ cho shopee 1 *",0
shopee mua_sắm online,1
xưa giờ tin_tưởng shopee,1
app lỏ nha . mình mới lập nick thì shoppe có cho 1 voucher giảm_giá xong mình mua hàng thì shoppe tự huỷ đơn xong không trả voucher luôn đúng app lỏ khuyên ae không nên tải,0
"Không_thể chấp_nhận được , suốt ngày quảng_cáo che_khuất cả màn_hình .. xoá luôn ứng_dụng .",0
👌🏻,1
liên_hệ nhân_viên hỗ_trợ từ sáng tới chiều vẫn chưa có hàng . Trải_nghiệm cực_kì tệ . Đến tận khi bưu_cục đóng_cửa rồi mới bật trạng_thái giao hàng khẩn_cấp . Dịch_vụ cực_kì tệ_hại . Xem_thường khách_hàng,0
này được,1
"Sàn thương_mại_điện_tử lớn nhất VN nhưng quá tệ_hại và lười_biếng trong khâu coding & testing app , khiến hành_vi thông_thường của user bị buộc_tội vi_phạm điều_khoản , khoá vĩnh_viễn tài_khoản và sđt một_cách rập_khuôn cứng_nhắc . Trong khi tất_cả những gì user gặp phải là một chuỗi yếu_kém của nhà_phát_triển từ khâu chuyển lập_tức giao_diện login / sign in qua ads link tức_thời , logout acc đã tồn_tại , không xác_thực lại email đã đăng_ký mà tạo thẳng acc mới ghi đè lên , khoá acc chính chủ cứng_nhắc .",0
tốt mjk rất hài_lòng,1
không tiền v cứ bắt mua,0
"tôi rất thích đặt_hàng trên shopee , còn được tặng voucher nữa chứ , VIPPPPP",1
Khá ok hơn tt,1
"Vô_cùng tiện_lợi , bảo_vệ quyền lơi chính_đáng của khách_hàng . THANK YOU .",1
thông_báo quá nhiều,1
chọn_lựa rất hài_lòng .,1
hang re hùng it voucher giảm sau,1
cần lm quá nhiều,0
"Tạm khoá shop gần 2 tháng , mới mở lại đánh 3 sao quả tạ vi_phạm giao_dịch ngoài của tuần ? ? ? Phí sàn thì cao_ngất ngưỡng , sao quả tạ kháng_cáo không chấp_nhận",0
mã giảm_giá không sử_dụng được và biết mất không lí_do Dù đã làm theo hướng_dẫn vẫn không được phần_thưởng,0
rút 80.000 xu bị từ_chối hết ko rút đc mà ko bị vi_phạm cái gì sau khi bảo với trung_tâm hỗ_trợ khách_hàng thì nhắn rất dài_dòng nhưng kết_luận lại là vẫn không lấy đc xu . ko hiểu tại_sao phát_minh ra cái cày xu ở live như này mà_lại quét không cho rút làm mất_trắng công_sức của người ta . thâth sự rất không hài_lòng về app luôn,0
"dịch_vụ hoả_tốc nqu quá nqu , bọn nhân_viên giao hàng dell thèm nhận đơn để giao , mất tiền để hoả_tốc 3 ngày dell nhận đc .",0
okp,1
"thề quảng_cáo app này láo vch , k ấn vào cgi mà n cug tự chuyển sag shoppe làm lỡ 1 trận game của t , app thì có nh voucher nma có mấy c voucher giảm sâu hơn thì áp dùng vào đơn thì lại tăng , tiết_chế qc giúp",0
"mua hàng giá rẻ , chất_lượng",1
Tiện_lợi . Trợ_giúp tốt . Tốt nhất VN,1
"điền thông_tin ngân_hàng để thanh_toán hàng nhưng lại lấy lý_do "" vì vấn_đề bảo_mật "" rồi về sau không_thể thanh_toán qua ngân_hàng , làm_việc kiểu gì đây ?",0
"lỗi đặt_hàng , tự huỷ đơn , giao hàng hư_hỏng ko cho hoàn hàng ,",0
không thích ...,0
mua hàng rất ổn_áp,1
"Mua cái má_hồng Fwee nhận về bị sai_lệch tông màu lè lè , chất_lượng màu kém hơn hẳn so với đồ người khác mua cùng shop . Đưa bằng_chứng lên khiếu_nại thì CSKH làm_việc hời_hợt , nhắm_mắt phán người mua thua để bao_che cho shop . Mua_sắm vừa tốn tiền vừa rước cục tức , không hề bảo_vệ quyền_lợi khách_hàng . Đánh_giá 1 sao cho cách làm_việc tệ_hại này .",0
hài_long,1
sử_dụng nút tắt quảng_cáo giả,0
chán vận_chuyển ghê chậm chạp🥲,0
có mã giảm_giá nhưng vào đơn xong đặt_hàng thì lại lỗi M 02 / M 2 khó_chịu vô_cùng . chuyển sang máy khác vẫn thế rất kó chịu,0
vào shopee bị lỗi mạng không ?,0
ở trong trang thanh_toán lâu quá shopee tự bấm thành toán luôn lừa_đảo,0
"đặt_hàng xong tính đánh_giá để nhận xu mà nó cứ báo lỗi gì đấy khó_chịu vãi "" không phải bị 1 lần mà bị rất nhiều lần , đánh_giá bên acc khác cũng báo lỗi không hiểu được , nhiều lúc muốn đánh_giá để nhận xu thì bị lỗi điên vãi "" mong app khắc_phục dùm nha trời .",0
quá tuyệt,1
"Shopee xử_lý khoản trả hàng hoàn tiền rất không ok , trên đơn hàng ghi là đã hoàn tiền nhưng số_dư trên Shopee spaylater vẫn không đổi và trên hoá_đơn thanh_toán tháng sau vẫn hiện số tiền mình phải trả cho đơn hàng mình đã hoàn . Nhân_viên trả_lời mơ_hồ , cho có .",0
tiện_ích và có ngày dăn là nó giảm ưu_đãi quá hời mình thích những app như thế_này,1
ổn_áp nha,1
"Ứng_dụng này cực_kỳ nguy_hiểm . Nó tự_động theo_dõi , quét ngầm điện_thoại rồi dùng lý_do vô_căn_cứ để khoá tính_năng , nuốt sạch tài_sản , xu tích_luỹ của người dùng mà không cần thông_báo . Bạn bỏ công_sức , thời_gian ra tích_luỹ , hệ_thống thích là nó tịch_thu trắng_trợn như một kẻ_cướp ngày . Hôm_nay nó nuốt xu , ngày_mai nó sẽ khoá toàn_bộ tài_khoản và nuốt sạch tiền của bạn . Làm_ăn vô_học , xem_thường pháp_luật . Né gấp ra nếu không muốn một ngày mở app lên và thấy mình bị lừa trắng_tay",0
giao hàng như c,0
huhu đặt hg mà nó cứ tự huỷ đơn - ( ( (,0
đặt_hàng ghi ngày_tháng rõ_ràng rồi vx giao hàng muộn,0
"lừa_đảo , spaylater nma không có hoá_đơn để thanh_toán , xong cứ cộng lãi hàng tháng lên mà không biết trả kiểu k , . lừa",0
mik rất thích shoppe giao hàng chất_lượng giao hàng đúng ngày,1
không_thể giải_quyết được vấn_đề của khách_hàng đơn_vị vận_chuyển giao hàng không đúng thời_hạn shipper làm_ăn chán thiếu chuyên_nghiệp tự_ý huỷ đơn của khách không có lý_do không có một bất_kỳ một cuộc điện_thoại nào gọi đến cho khách_hàng mà tự_ý huỷ đơn phục_vụ có dấu_hiệu càng_ngày_càng không tốt những cái đề ra chưa đủ làm hài_lòng khách_hàng,0
mấy ngày nay ví shoppe pay ở shoppe cứ báo lỗi k dùng đc🙂 trong khi số_dư trong ví vẫn còn .,0
"app lỏ , thật_sự là hàng lừa_đảo , không chính hãng , lâu_lâu lại khoá tài_khoản , cho voucher nhưng không đc xài . nói_chung cái app quá tệ",0
moẹ kiếp có voucher thì không đặt đc toàn M02,0
rất đa_năng,1
Rất_Tốt,1
"mở ứng_dụng lên là mở ra video , đây là nền_tảng mua_sắm hay mãng xã_hội video như tiktok vậy ? đang nghe nhạc cứ phải mở lại âm_thanh nữa , bực thật_sự",0
mua hàng nhanh_chóng và nhiều sự lựa chon hơn,1
shoppe cteee,1
"Hàng nhiều giao qua bên thứ 3 , mà không kiểm_soát được . Không bên nào hỗ_trợ xử_lý để hàng tự hoàn về shop",0
nam_mô cầu sám_hối vs shoppe em 12 t hơi lạm_dụng mã tại vì em ko có tiền nên mua tổng hết 20 tài_khoản tổng hết hơn 50 đơn 0₫ tại gì em ko có tiền,1
Rất_Hài_Lòng,1
"Cảm ơn SHOPEE nhiều thật nhiều lắm luôn ! M thích mua hg trên SHOPEE , vừa uy tín , vừa là để trải nghiệm , cũng rất OK , và vui nữa . Mấy lần tính đánh giá TỐT Ạ 5SAO trên phần này , nhg nhìn nhìn o biết bấm chỗ nào , nay bấm đại thử xem , và mới học được cách bấm . Kính chào shoppe nha , kính chúc SHOPEE muôn muôn sự như_ý muốn !",1
😔,0
"đơn đến bưu_cục giao , ko thấy shipper lhe giao đã tự_ý cập_nhật ko lhe đc ng nhận . yêu_cầu hỗ_trợ giao đơn cả chục lần mà cả chục ngày hàng vẫn ko giao . lhe hỏi địa_chỉ bưu_cục để tự qua lấy thì bảo địa_chỉ kho là bảo_mật , ko cho_qua lấy .",0
bán hàng mà không cho kiểm hàng . người bán hàng không có số điện_thoại địa_chỉ rõ_ràng . treo đầu dê bán thịt chó,0
OK ghb,1
Hài_lòng,1
cần thới thiệu mặt_hàng trung_quốc nhiều hơn nũa,1
tiện_ích tiết_kiệm,1
shopee cũng có những gian không thành_thật .,1
mua hàng shopee chất_lượng tốt các bạn nên mua,1
"trễ đơn 2 ngày , shipper không lấy hàng giao cứ đứng 1 chỗ , đặt đơn_giá to thì shipper tự huỷ đơn tự_ý hoàn lại hàng",0
rất rẻ và tiện_lợi nhé,1
"shipper tự_ý huỷ đơn khách_hàng , hỏi cskh ko được giải_quyết , nhắn các shop cũng bắt đặt lại , ko phải 1 mà tận 3 đơn , yêu_cầu cho đánh_giá shipper và khi ship huỷ đơn phải được sự chấp_nhận của khách , săn sale mới có giá đó mà huỷ là đc à , làm_ăn hời_hợt thiếu tôn_trọng người dùng , cskh tệ",0
"Chơi cái gì mà có quảng_cáo là nó nhảy shopee hoài mà nút thoát có chút tí , lâu_lâu còn không thèm lên nút thoát 1 sao là đúng r",0
Ứng_dụng tuyệt_vời,1
rất tệ không cho mua với vocher giảm sâu tự_ý huỷ hàng,0
bổ súng đánh_giá sản_phẩm sau thời_gian sử_dụng,1
"không bảo_vệ quyền_lợi người bán , hở ra là đánh sao quả tạ mặc_dù lỗi do đơn_vị vận_chuyển , khiếu_nại cũng khó_khăn ,",0
xem cái j cũng hiện mệt người,0
"mua vs mã voucher đc giảm 100% thì shopp tự huỷ đơn , thé tạo ra mã voucher để lm j ? ? ?",0
"xoá tài_khoản còn khó hơn lập , đặt_hàng không chuyển cho khách xoá cũng không xong , yêu_cầu hạn_chế phần_mềm này",0
"đi đâu cũng thấy quảng_cáo shopee , lusc nào cx bị thoát trang khó_chịu vl",0
làm_ăn vô_trách_nhiệm,0
ý là nó rất là ok mà ngta đã cho voucher còn đòi_hỏi,1
đổi sang nick khác để mua đồ nhưng kh đổi dc cứ bảo lỗi,0
"acc xài bao_nhiêu năm , nay bị cắt hết mã , cắt hết khuyến_mãi 1 giờ , xem live cũng không nhận được xu",0
Giao lâu,0
mua_sắm trên sàn thương_mại_điện_tử Shopee thật tuyệt_vời .,1
"qc một gía , bán một gía , không đúng sp đăng_kí qc , thời_gian giao lâu hỏng vỡ không bàt đền được",0
vì có_giá không đồng rất tuyệt_vời,1
okie thanks 👍,1
đặt được đơn rẻ mà_lại đi huỷ chịu làm_ăn thế_này,0
rất dthw tôn_trọng khách đáng để tải,1
ship rất lâu trì_trệ làm_ăn ko ra_gì,0
hàng không ưng đổi hoàn_trả dễ_dàng,1
"rất tệ , Làm dụng AI để câu view , hàng giả tràn_lan , khuyến_mãi ảo , chính sàn Shopee qua_mặt khách_hàng lừa_dối khách_hàng",0
vui nha đồ còn rẻ nữa,1
tại_sao tài_khoản mới đặt_hàng cứ bị shopee huỷ hoài luôn tức ghê,0
"Mua tí mà dính f02 , phí giao_dịch sàn cao quá",0
điện_thoại tôi bị đơ chỉ vì app này mông ad xem_xét lại và khắc_phục,0
tuyệt_vời còn hơn cái tui nghĩ ln á,1
hàng ship rất lâu và hàng kh đúng như sản_phẩm,0
tuyệt_phẩm ứng_dụng là đây,1
Vui chx shopee mua hàng vs VO TRÒ 0Đ THÌ BỊ KHÓA MỌE NICK,0
"Một ứng_dụng thảm_hại vô tác_dụng , khi yêu_cầu của khách_hàng không bao_giờ được đặt trên cao nhất . Mới nhận được voucher giảm 100.000₫ cho đơn trên 100.000₫ xong rồi biến mất như chưa hề xuất_hiện , chán cái ứng_dụng đb rẻ rách này lắm rồi đấy . Không bao_giờ đặt khách_hàng lên hàng_đầu , khuyên mọi người đừng bao_giờ tàn và những người đã tải hãy gỡ cài_đặt nó ngay và luôn ! Tôi không phải đối_thủ cạnh_tranh trên thị_trường với shopee , mà là một khách_hàng dùng hơn 1 năm .",0
phiền quá 😡,0
"gọi shipper hỏi về đơn hàng , nhấn_mạnh là rất lịch_sự và nhận được câu trả_lời từ shipper rằng "" có con_mẹ gì nói luôn đi "" Biết là đây là từ shipper chứ không phải app nhưng mong app lắm nghe và khắc_phục .",1
đặt_hàng sài voucher với giá 0đ xong bị shopee huỷ hàng rồi thông_báo đã đc huỷ bởi shopee do đơn hàng đã huỷ vì có hành_vi giao_dịch bất thường.kh cho sài thì đừng tặng voucher tặng cho_rồi tự huỷ đơn hàng của ngta,0
ok luôn,1
shoppe l mắc gì huỷ đơn v ngta săn đc giao_dịch bất thg bị gì k ? ? ? ? ? ? ?,0
"Tài_khoản đang sử_dụng bình_thường bảo người ta sử_dụng công_cụ phần_mềm hỗ_trợ rồi cắt hết phần_thưởng , chả hiểu tại_sao",0
Shopee : 26/27,1
quản cáo hoài,0
mua với những món rẻ,1
Tôi yêu_cầu hoàn hàng và tố_cáo 1 shop bán hàng giả với các bằng_chứng đầy_đủ nhưng shopee không chấp_thuận . Có họ_hàng với Nguyễn_Sỹ_Cương hả người phê_duyệt yêu_cầu hoàn hàng kia ơi ? ? ?,0
"shoppe à hút máu vừa thôi , quả vòng quay óc vc đã vậy ship cao voucher thì ít , mã thì áp_dụng kh đc , trời_ơi trời , tức vl 💩",0
"tốt , tiện_ích",1
cũng tốt nhưng có voucher ko sử_dụng đc,1
"qc thì nút thoát giả , lag",0
xuất xắc săn đồ giá rẻ,1
trải_nghiệm tốt mua_sắm nhanh nhưng sao tôi ko liên_kết facebook đc,1
"Quá tệ , cập_nhật mới nhất_là vẫn tệ vl",0
"Tiện_lợi , nhanh , gọn",1
"cái shop đồng_hồ thông_minh gì đăng clip ảo , gửi hàng k đúng , Ae nhớ check kỹ mới mua",0
"nhiều mã ngon ơi ngon , giao nhanh ok",1
shop tự huỷ đơn ko đặt lại đc,1
đừng tải về ko có giảm_giá gì đâu nhập vô nó huỷ à,0
ko hiểu tại_sao shopee hay huỷ hàng của tôi,0
giao lâu lắm nha mọi người ạ mình đặt 8 ngày ko về,0
"giao hàng lúc dell nào cx lâu , xong tự huỷ đơn",0
tự_động huỷ đơn trong khi mua được giá seo của người mới đã vậy còn không hoàn voucher,0
"spee điên ơi , ngta đánh_giá đầy_đủ với tâm_thế nhận thưởng 600xu mà lỗi sever là s má ? ?",0
"tôi khuyên các bạn ko nên tin_tưởng vào sop , bởi_vì hàng đôi_lúc chỉ mang tham_khảo chứ hàng về là xấu , mỏng nữa may_mắn thì gặp sop có tâm thì hàng đúng như trong ảnh và bạn mà có lỡ xoá ik thì đừng hòng lấy lại nik",0
Rất hay và đặt được những đồ mình tích 5 Sao nhe,1
Perfect,1
khi tải shoppe thì chơi game nào cũng bị quảng_cáo shoppe💢💢💢,0
hơi ít vocher,1
"Nhân_viên tư_vấn tận_tình , thân_thiện , app tốt nhiều ưu_đãi , nhiều chương_trình để mình tích_luỹ xu nữa . Rất ok nhe",1
xài thấy ok đó.nhưng để thời_gian coi mới đánh_giá chính_xác nha,1
"khá tệ , đơn_vị ship hay trễ đơn đợi gần cả tuần vẫn chưa thấy giao , chat với nhân_viên hỗ_trợ cứ bảo hối giao hàng rồi nhưng có cũng như không đã vậy cập_nhật tiến_độ giao hàng cũng không rõ_ràng tự_ý dời ngày nhận hàng . nên coi lại đơn_vị vận_chuyển nếu không muốn mang lại trải_nghiệm tiêu_cực cho người sử_dụng",0
"Mặt_hàng phong_phú , đa_dạng , nhiều mặt_hàng giá rẻ . Giao hàng nhanh . Thường có mã giảm_giá . Shopee đang là kênh mua hàng ưa_thích của tôi .",1
tạo giải mất tg,0
Mua_sắm trải_nghiệm rất thích,1
excellent,1
ok ổn lắm chờ mua hàng mới,1
OK lắm,1
qc lập lại còn lâu nx tải r vẫn qc,0
shoppe đều miễn phiship ko như tiktok mắc mà tiền ship cũng khá cao shoppe giao rất nhanh,1
ko sử_dụng đc voucher mặc_dù sản_phẩm đủ điều_kiện,0
có một_số đơn tự huỷ nhưng nhìn_chung cũng rất tuyệt_vời,1
"mình thích Shopee mua_sắm thuân tiên , bán hàng tốt , dễ mua , uư đãi tốt",1
rẻ hơn tiktokshop nhìu tích _ cực,1
"shopee bớt giảm mấy cái quảng_cáo lại khó_chịu vãi đi đâu cũng shopee , shopee r mua hàng thì toàn thấy mắc k có đơn nào ok mắc tiền kinh_khủng",0
"đặt_hàng thì á muốn trả hành do sản_phẩm lỗi này_nọ v mà đến khi trả hàng đã có hình_ảnh video lí_do , v mà k cho trả hàng vs lại bán hàng toàn lừa_đảo , t mua ma sói nó quảng_cáo kiểu dạng mở hộp có nắp vs lại lá bài sau lưng là 1 người bí_ẩn nào đó đg mặc áo_dài trùm đầu kín_mít , đến khi nhận hàng thì nếu lá bài có 88 lá mà quảng_cáo 92 lá , r mở hộp là k có nắp , in hình đằng sau lá bài là 1 con sói , cộng thêm ngta đâu có đặt thêm bộ ma sói nhỏ nữa đâu mà kèm theo r tính tiền thêm QC nhiều",0
trải_nghiệm rất là hài_lòng nha,1
shop gửi sai mẫu song rách đường chỉ ko hoàn được đổi được,1
Sao tôi lại không nhận được xu trên shopee live nữa vậy . Tôi cứ bị cảnh_báo vi_phạm trong khi tôi có làm gì đâu,0
ủng_hộ bán những sản_phẩm mang tính_chất giáo_dục sai sự_thật .,0
tôi ko yêu_cầu,0
rất đẹp,0
rất tốt ạaaaa,1
kêu xem 90 phút đc 1 triệu xu xong nó cho 150 xu shoppe t tưởng đâu đào lửa ko á má hết 1 tiếng rưỡi của ngta,0
"Cho khách_hàng voucher xong khách áp vô đơn còn 0đ thì tự_ý huỷ lấy lý_do người mua hoặc người bán vi_phạm . Liên_hệ với nhân_viên hỗ_trợ thì đùn_đẩy , đổ cho khách_hàng hoặc shop bán . Tạo trăm cái đơn khiếu_nại mà giải_quyết không vào đâu . Mua có bịch bánh thôi , đòi hoàn lại voucher do shopee tự huỷ thì nhân_viên kêu nếu không được hoàn thì đi kiếm voucher khác , ủa alo ? Làm_ăn thiếu trách_nhiệm , lươn_lẹo , láo_toét . Không giải_quyết đơn của mình thì mình không xoá đánh_giá .",0
shopee ơi cho 400 lần lấy xu live đi cho có 200l tháng ít quá,0
tốt và hữu_dụng,1
trải_nghiệm có hơi quạo và có_khi giao ko đs hẹn nhưng vẫn rẻ hơn các sàn khác,1
vào google xem phim movie suốt ngày chuyển vào trang shopee,0
ghét nhất cái thể_loại quảng_cáo xong tự auto click vô app,0
cho mã mà ko cho áp tích _ cực ) ) ),0
làm_ăn lếu_láo y,0
ứng_dụng giao hàng nhanh hổ trợ nhiệt_tình 5 sao,1
"djjt cái app loz , bảo hoàn_trả miễn_phí mà del đổi dc , cứ lỗi này lỗi kia",0
Thấy thuận_tiện,1
"Trừ tiền 2 lần 10 mấy ngày không thấy hoàn , hỗ_trợ kêu đợi hoài",1
dể mua không hài_lòng sản_phẩm dể trả hàng,1
giúp_ích rất nhiều cho tôi,1
anti shoppe,0
tôi khoá mật_khẩu,1
đc nha,1
"thủ_tục trả hàng quá rườm_rà , không cần_thiết ở nhiều mục , mà hàng lỗi thật thì lại ko trả được",0
shipper thái_độ thô_lỗ kh hỗ_trợ giao hàng và còn nói hên xui thì giao quá tệ,0
"không hiểu team UI / UX hay team dev của shopee food làm gì mà app quá lag và chậm . Mỗi thao_tác phải chờ 10-1 5s app mới thực_thi ? Các bạn kĩ_sư mà không biết tối_ưu ? Đặt 1 đơn đồ_ăn trên shopee food phải mất 10p mới đặt được ? Chuyển địa_chỉ app cũng bắt chờ tới 3p mới được chọn món ? Thời_đại 4G , 5G , wifi 5 6 mà làm được cái app tệ như_vậy thì cũng nể đội_ngũ dev của shopee food .",0
chất_lượng tốt,1
"tự_ý khoá nick , không giải_quyết được vấn_đề",0
bt vì sao k cho 5 sao k ? Vì tôi thích,1
hy_vọng càng tốt hơn_nữa,1
tôi đặt mà cứ bị huỷ lí_do giao_dịch bất_thường . ? ? ? ?,0
tại_sao số điện_thoại của tôi bị ai lấy,0
đc rồi đó chị,0
thông_báo hoài phiền vcl,1
tự_nhiên bị lỗi BO4,0
QC dài,0
"hay quảng_cáo , ghét",0
"có rất nhiều món đồ 0₫ và nhiều món khá lạ lần đầu vào shoppe còn có_thể mua 1 món đồ mình thích với giá 0₫ giao hàng nhanh , thái_độ tốt",1
nhanh_chóng,1
bán hàng không đúng như hình_ảnh . không trả được hàng,0
"khó_chịu kinh_khủng , ấn cái là mất xu , đã ghi địa_chỉ còn ship ra chỗ khác đần vl",0
"tôi dùng shoppee lâu rồi nhưng bây_giờ ngại lắm tôi không thích shipper họ khó_chịu lắm , họ gọi mình không kịp bắt máy thì họ huỷ đơn hàng của mình luôn mấy lần rồi xin bên tổng_đài shoppee nhắc_nhở dùm để mua hàng thoải_mái hơn xin cảm_ơn",1
"rất bực_mình vì shopee food , treo đơn hơn 40p ko có tài , không cho huỷ , bấm huỷ thì bảo tài_xế đã tới quán dù trên vẫn đang hiện tìm tài_xế , không có hỗ_trợ người dùng , làm_ăn rất bôi_bác",0
shopee hay lỗi mà nhiều shop thái_độ chán . ko cho hoàn hàng . xử_lý chậm . tệ,0
ok🥰🥰🥰🥰🥰🥰🥰🥰🥰🥰🥰🥰🥰🥰🥰,1
ok cũng đc,1
càng_ngày_càng mắc,0
giao hàng nhanh giao hàng nhanh,1
"giao chậm mất thời_gian , shipper rất thái_độ",0
"cái đèo mẹ , qc ngày_càng dài tích _ cực . éo có nút skip xem tận 3 phút là như nào ?",0
sài tốt có_điều bị cấm m02 hoài ko sài votro cũng v,1
"mình đặt_hàng , shipper thái_độ rất xất xược , nói mình phải đặt địa_chỉ này không đặt địa_chỉ kia , rồi nói mốt đơn hàng mình có là huỷ của mình không giao , tuyến đường mình là đx 96 , khu 6 , phường Phú_An , thành_phố Hồ_Chí_Minh , shopee giải quyêt được thì mình sẽ gỡ đánh_giá xấu sau",0
tự tặng voucher xong săn sale bằng voucher thì khoá acc người ta ko hiểu tặng voucher chi r khoá acc người ta ? ? ? ? ?,0
nguồn_cơn của mọi cái quảng_cáo,0
giá rẻ giao hàng nhanh,1
đặt_hàng shopee tự huỷ làm_ăn như_vậy hả,0
"tôi mua hàng shopeefood có áp mã giảm_giá , nhưng có một mặt_hàng không có bị trừ ra giỏ hàng thì tôi vừa bị mất mã giảm , vừa bị hoàn tiền món hàng đã hết theo giá đã được áp mã , trong khi lẽ_ra app phải hoàn đúng số tiền món hàng của cửa_hàng kê trước khi áp mã mới đúng . vừa mất mã áp , vừa bị tiền ship mua 2 món nhỏ mà giá gần 90k và hoàn tiền ko đúng giá_trị món hàng .",0
ứng_dụng rác_rưởi nhiều lỗi vcl,0
tiện_lợi hơn nhưng đừng huỷ đơn nữa mà,1
"giao hàng sai địa_chỉ giải_quyết hoàn tiền cho khách thì kh thấy giải_quyết , đợi rất lâu , quá ngày hẹn",0
hàng giá dé,1
vô ly,0
ngày nào cũng shopee,0
chơi tưới cây thử_thách nhận nước bên tôi thắng mà cuối_cùng hết giờ bên tôi thua là sao ? ? ? giải_thích cho tôi đã 2 lần như_vậy rồi .,0
yê3Nhấn Nhấn vào một đoạn để dán vào hộp văn bản.Nhấn vào một đoạn để dán vào hộp văn_bản . sẽ được lưu tại đây.u ưu,0
coi fim sấm cg qc làm qq j cg qc,0
"sau khi liên_kết với ngân_hàng theo đề_nghị của Shopee cái mà tôi nhận được từ Shopee là trả tiền trước , nhưng không nhận được hàng và phải xoá tài_khoản vì không quay lại cách thanh_toán nhận hàng mới trả tiền .",0
quảng_cáo nhiều ko thích,0
Tôi hài_lòng với Shop,1
"Gọn_nhẹ , động_cơ chạy êm , pin khoẻ sử_dụng đc thời_gian dài ; chất_lượng đúng như quảng_cáo ! độ bền chưa đánh_giá đc vì mới dùng !",1
không có tiền nhưng vẫn sử_dụng Shopee,0
rất hài_lòng về mọi thứ,1
đặt_hàng kể lại ngày 12 gieo một tới bây_giờ là ngày 16 vẫn chưa thấy hàng 3 kg bi sắt 56k không giao là mình đánh_giá 1 sao cho ngày_mai mà không giao thì là đánh_giá 1 sao lần này 2 sao thôi đó,0
"quá tệ , cứ bị vi_phạm tào_lao , bao_giờ bị nhà_nước phạt vài tỉ chơi , mà không thay_đổi nhảy sàn thôi",0
quá ok con tê_tê,1
"Tôi rất thích mua_sắm trên shopee , nhưng gần đây các mặt_hàng về thuốc bảo_vệ thực_vật có_vẻ như rất nghèo_nàn . Mong rằng sẽ được trải nhiệm mua_sắm đa_dạng và tốt hơn .",1
phục_vụ chu_đáo hết_mình,1
"shope làm_ăn ngày_càng chán , đặt_hàng có chút ét mà tiền ship tận hơn 100k , áp voucher như không quá tệ",0
tìm_hiểu thêm,0
affiliate sao ko thanh_toán tiền dúng cho bạn tôi Tui màu hàng từ link bạn tôi sao_chép tiếp_thị,0
đã có cải_thiện sau cải_thiện tốt hơn nhiều so với lần trước,1
mới đặt_hàng bằng voucher xong thì lại mất nick chán chả muốn nói,0
"ứng_dụng tệ vaiz , tài_khoản bị thay_đổi mật_khẩu từ máy lạ , mà ko cho thay_đổi lại mật_khẩu , tôi cần có chức_năng thay_đổi ngay trong ứng_dụng",0
ví shoppepay báo lỗi hệ_thống hoài chán ap,0
Trải_nghiệm tốt . mỗi_tội hơi tốn tiền,1
bỏ cái chức_năng bấm chọn đồ xong lúc dell nào vô giỏ hàng cũng vẫn chọn đồ đó đc ko ?,0
mua_sắm giá rẻ tiện_nghi,1
"toàn bị lỗi mã M 02 / D 02 mà bỏ mã ra rồi vẫn ko đặt đc hàng , hàng dỏm",0
"Trò mới , acc nào săn được nhiều xu live quá shopee sẽ khoá thưởng xu xem live 🫰🏻 quá tuyệt_vời rồi",0
5 ⭐ kh có j để nói,1
"đặc đơn dùng voucher thì tự huỷ đơn , mất voucher lun . Chánnnnnn",0
tiện_lợi hàng đúng như hình,1
đặt cái này đặt cái kia nó sướng lắmmm,1
"Cùng 1 shop , mua cùng 1 mặt_hàng mà Shopee_VIP ko có voucher shop như bạn mình ko dùng VIP .",0
cho e hỏi là nó hiện phần lấy tại kho thì nó được 1000xu mà sao làm xong rồi không có cái gì vậy.nào trả_lời e cho lại 5 *,0
Oke nha mà ko hỉu sao chọn SPX thì giao nha còn GHN đợi xog đơn hàng bị hoàn về người gửi cái moẹ j zậy nhưng_mà shipper thân_thiện hàng ok lâu_lâu tự_nhiên bị huỷ đơn hàng trong khi mik ko lm j bùn,1
"chuyên_nghiệp , chu_đáo , rất đúng hẹn .",1
rất tiện khi mua đồ,1
Dùng ok mà có cái săn voucher hơi khó khóc,1
rất vui vì tạo tài_khoản có vô chờ 50k rất cảm_ơn sop,1
"bảo_mật hơi quá và cực_đoan , đăng_nhập từ thiết_bị này qua thiết_bị kia_mà bắt xác_thực khuôn_mặt , chứ ko qua gmail hay sdt , bất_tiện vô_cùng",0
TAO TỪ_CHỐI HỒI NÀO MÀ HỦY ĐƠN ? ? ?,0
săn sale thả ga sướng vcl,1
"giao rất chậm , quá tệ , cái app đần nhất t từng dùng",0
"vừa tạo tài_khoản mới xài mã giảm 50k không được , mã freeship không được , shoppe ngày_càng tệ hơn . Mong nhà_xuất_bản thấy được những lời chê này và cải_tiến hơn .",0
"nhảm L thật_sự ấy shopee , dẹp sớm hộ cái ! ! ! tạo voucher cho khách_hàng mua , xong khách sử_dụng thì lại HỦY ĐƠN KÈM DÒNG CHỮ "" GIAO_DỊCH BẤT_THƯỜNG "" ? ? ? ? ? MUA HÀNG TRẢ TIỀN , TIỀN_TRAO_CHÁO_MÚC CHỨ TÔI ĂN_CHẶN CỦA AI À ?",0
"khó hiểu thật_sự đã cccd liên_kết đc có 1 cái shoppe pay thì cảnh_cáo dùm cái hoặc hk cho liên_kết cái ad thứ 2 đi làm liên_kết qua ad phụ cái giờ ad chính hk thanh_toán bằng tài_khoản đc , đã hk bt r giờ thêm app nữa thua luôn",0
qua tuyệt,1
shopee chơi thú cưng 2 sao 18k xu nhé,1
tài_khoản củ quên mật_khẩu nên tạo lại tài_khoản mới sau đó liên_kết shopeepay để mua hàng thì báo lỗi không cho liên_kết shopeepay hiện chữ hệ_thống gặp sự_cố thử lại sau,0
chụp shopee không giao về đúng đơn hàng và chụp ngân_hàng xong ném vào giỏ xe giao hàng của mình,0
đặc đồ câu giao đúng giao đúng ngày,1
ok nha🤩,1
"Shopeefood must try lừa_đảo , không khác gì mua tại shop . k áp đc mã giảm free ship",0
shoppe tốt xu ngon mà kim_cương có dùng được ko vậy shoppe,1
hàng 0₫ shipper ko thèm giao còn lừa_dối khách_hàng địa_chỉ là ở xã Linh_Sơn tỉnh Thanh_Hoá mong shopee xem_lại cách làm_việc,0
cho voucher đã_đời ngta mua cái huỷ,0
tốt quá đỉnh,1
úng dụng hiệu_quả,1
"tự_ý huỷ đơn , kh cho dùng mã",0
Trải_nghiệm tuyệt cà là vời ...,1
mấy đơn 0đ toàn ko giao khiếu_nại ko thấy gì.chán,0
ko giao hoặc cấm tài_khoản giá mắc hơn thị_trường,0
"mã thì áp k dc , 10 mã thì mất mã k đủ đk hay m02 d 02 .",0
shopee tôi yêu,1
app như l tự_ý huỷ hàng của khách làm mất mã giảm_giá,0
chưa nhận được hàng mà bảo nhận r đúng điêu khuyên không nên tải,0
kiểu gì mà_lại gửi thiếu mua combo mà gửi hàng lẻ,0
"dm quảng_cáo , nút thì bé xíu ấn cái vô trang gg web hoặc vô gg play , yc nhà phát_hành chỉnh_sửa cái nút ạ",0
đang chơi ff thì nó cứ th báo cái gì ý làm tôi ấn nhầm thế_là thua,0
"dùng tài_khoản thành_viên mới cho lưu cái mã giảm_giá dùng xog thì khoá tài_khoản huỷ đơn hàng sang acc khác lấy lại số điện_thoại thì không cho , rồi là có muốn cho người ta dùng ko ? ?",0
như đaubuoi,0
đúng giá,1
khá là sixseven,1
thấy ngta kiếm nhiều xu thì lại ko cho nhận xu trên live nữa sao mà khôn quá z,0
lác vô_cùng cứ bảo là không có mạng với không hoạt_động là sao,0
sử_dụng rất tốt nhưng có mấy đơn 0đ thì lại tụ huỷ đơn nhưng shipbo cx rất tốt,1
tạo nick thì có vào nick đặt được còn có cái gì không,0
₫Áng sử_dụng vì tiện_lợi và giá hợp_lý,1
mã giảm_giá ít,1
cho ngta săn mã giảm mà đến lúc mua thì huỷ,0
"mấy bữa đặt vẫn bth mà hôm_nay nick tự bay , đơn hàng đặt cũng bay đâu r , hay lắm shopee ơi",0
đặt_hàng nhang,1
ứng_dụng mua_sắm rất thuận_tiện,1
"tốt nhất là nên cập_nhật app , giao hàng phải có xác_nhận 2 đầu là shipper và ng mua , ng mua chụp ảnh nhận hàng r thì mới là giao hàng thành_công , chứ đm có mấy bọn shipper toàn lấy hàng rồi thông_báo lên app là giao hàng thành_công , đm mấy thk hãm l",0
mẹ cái thằng shopee này cứ tự huỷ đơn hàng của mình mấy lần,0
"MẤT UY_TÍN , COI_THƯỜNG KHÁCH_HÀNG CHÂN_CHÍNH - LÀM_VIỆC MẬP_MỜ ! Bức_xúc với cách làm_việc thiếu chuyên_nghiệp và coi_thường khách_hàng của Shopee ! Tôi là một người mua hàng hoàn_toàn đàng_hoàng , săn mã giảm_giá công_khai do chính sàn phát_hành . Đơn hàng áp mã đã được hệ_thống xác_nhận ĐẶT THÀNH_CÔNG , thế nhưng sau đó lại bị hệ_thống tự_ý đơn_phương huỷ đơn không một lý_do rõ_ràng . Mọi người hãy gửi đơn cho bộ công_thương và các cơ_quan_chức_năng báo_chí truyền_thông vào_cuộc",0
6 ngày chưa giao tính 3 ngày đạt hàng,0
"mua đồ cũng phù hop với túi_tiền , giao nhanh hàng tận nơi !",1
thì mình vẫn tin_tưởng mà,1
Tuyệt_vời app dùng ok,1
sale rẻ quá tự huỷ đơn của khách,1
bộ mắc quảng_cáo lắm hả chơi game j cx gặp kh động vào cái quảng_cáo cx ép ngkhac vô trang làm văng game làm_ăn kiểu gì mà vô văn_hoá vô_giáo_dục,0
"không có gi để chê , deal nhiều , săn xu quá dễ , nasa cte vc",1
Ko trả hàng đc ? ? ?,0
okeee,1
rất nhiều các món đồ 0₫,1
nhiều thứ còn chưa đc,1
ứng_dụng mua hàng ok . nhưng quảng_cáo nhiều quá,0
cực_kì ghét tại_sao tôi sd app j cũng thấy quản cáo của các ng trong khi chưa đụng j vào màng hình thì tự_phát qua trabg của shopppe luôn rất phiền trở_lại trang củ thì phải vô_lại từ đầu nhưng trobg khi đó tôi đã coi quản cáo của các bạn vô_cùng bức_xúc 🤬🤬🤬,0
rất tốt !,1
"Giao hàng tốc_độ APOLLO , Chất_lượng số 2 , thì không ai số 1 . Cảm_ơn Shop rất nhiều . Hẹn sẽ đặt_hàng lần sau .",1
Đc cho phiếu giảm_giá,1
0₫ nhưng cũng chất_lượng 🥰🥰,1
khá oki,1
nên có công_cụ để tìm nhiều món hàng trong 1 shop mà ko cần dò từng shop,1
không cho khách_hàng mua trong khi khách_hàng có voucher,0
ko mua đồ được cứ bắt sát minh số điện_thoại mà sát minh rồi lại nói đã có bấm vô lấy lại thì không được rồi cuối_cùng có cho mua không,0
máy gắp thú là trò lừa_đảo,0
giao hang sai đia chi ( ghi đung cho giao hoang ),0
áp rất tiện_dụng phù_hợp với người lao_động,1
shoppe giam tiền của khách_hàng mình kiếm đc rất nhiều xu nhưng muốn rút ra nhiều xu để áp vào mua hàng nhưng_mà ko cho rút mỗi lúc muốn rút mua hàng phải đợi rút hai ba ngày mới lấy đc đủ xu cần dùng để mua bực_mình,0
mua 1 đơn mà được lùi ngày giao hàng 3 lần,0
Người giao hàng tận nhà khá thân_thiện,1
"Tìm_kiếm hàng trên ứng_dụng Shopee chưa thật tốt , các mặt_hàng hiện ra không bám sát nội_dung tìm_kiếm .",1
Tiện,1
sập rồi hay sao mà lỗi văng ra trang_chủ liên_tục_thể ? ? ? ko mua được luôn,0
"rất đáng tin_cậy , nhanh gọn , nhân_viên nhiệt_tình niềm_nở .",1
cha mày chow tao chưa đătj j mà bị lổi đ02,0
khá là tốt toàn là hàng rẻ,1
mua hàng nhanh,1
rẻ . tiện_lợi . dễ mua,1
cũng đc nhưng đừng huỷ đơn người ta nhé đặt đc đơn 0đ mà lâu,1
"mình khá tức vì đặt 2 đơn đầu đều bị quá ngày khi giục đúng 1-2 lần hôm sau đều nhận thông_báo là đang đưa về người gửi . Còn bị lỗi vị_trí nữa , mới 2 ngày vị_trí đã gần đến nhưng vẫn rất xa . Đặc_biệt khi mình để_ý thì vị_trí đơn bị huỷ đều cùng 1 chỗ",0
iu shoppee,1
ship lâu vcl,0
theo tôi mua hàng shopee khá hài_lòng cũng có shop gửi sai sản_phẩm phần_nhiều là gửi hàng đúng như quảng_cáo,1
yêu shopee,1
"Đánh_giá khách_quan cho ai cần : 1 . Vị_trí : Ngay phố Bùi_Viện , cực tiện cho ai thích không_khí sôi_động , xung_quanh sẵn đồ_ăn . 2 . Phòng nghỉ : Sạch_sẽ , đầy_đủ tiện_nghi , hình_ảnh thực_tế giống 100% trên app . 3 . Dịch_vụ : Không có thang_máy nhưng nhân_viên hỗ_trợ mang vác hành_lý rất nhanh_nhẹn 4 . Giá_cả : Rẻ nhất phân khúc Quận 1 . Rất đáng trải_nghiệm",1
hay sài,1
gian_dối,0
khi là khách_hàng quen và mua nhiều thì bắt_đầu không_lưu được voucher,0
đang khai_thác mã người mới thì bị f02 monh nhà_phát_triển cho_phép khai_thác mã người mới,0
cho hỏi mìh đã mua gian_lận cái gì mà mìh đặt_hàng shopee lại hay bị huỷ với lý_do đơn hàg đã huỷ do nghi_ngờ người mua có hành_vi phạm giao_dịch bất thườg 🤬 ( mog shopee điều_tra rõ ),0
"ứng_dụng cực mất_dạy , tặng voucher nhưng không cho sử_dụng , dùng voucher đặt_hàng là auto bị huỷ đơn hoặc bị khoá tài_khoản , khinh_thường khách_hàng vô_cùng",0
đơn đặt shipper kh liên_hệ mà đã trả về người gủi,0
"shipper an_lạc bình_tân không chịu tới lấy hàng hoàn cũng không báo lại mình , qua_ngày 3 mình gọi hỏi thì cho địa_chỉ kho bắt mình phải ra kho trả hàng , trong khi mình đã chọn mục ship tới lấy hàng hoàn , do shipper lần trước làm mất đơn hoàn của mình phải đền nên giờ mình hoàn hàng thì không thèm lại lấy",0
"từ hôm 8/8 tới giờ mình không_lưu được bất_kỳ voucher nào trên 20% hết , hôm đó shopee bị lỗi voucher , nay 14/8 rồi cũng không_lưu được . xoá tải lại cũng không được",0
App ngu,0
ok bán hàng chất_lượng ổn_định,1
"quảng_cáo lờ , app lờ",0
Tệ ! !,0
đói quảng_cáo à,0
Rất tuyệt_vời !,1
mạng mạnh thì vẫn loading vài dị ? có yêu_cầu xoá tài_khoản mà cứ loading tích _ cực làm_ăn như dau buoi . 🙂,0
ko áp_dụng đc mã giảm_giá,0
tin_cậy,1
quá rẻ luôn,1
mé đi đâu cxng gặp quảng_cáo nóng r đấy,0
"làm_ăn toàn đợi chửi , đặt COD nhưng thanh_toán qr trc , tới nơi vẫn còn tem thu tiền_mặt cg nể",0
"khoá tài_khoản người mua vô_lý , cskh tệ , 0 sao chứ đừng nói 1 sao",0
mua những gì mình thích,1
Quảng_cáo lắm phiền vl,0
khuyến_mãi va áp_dụng ma giảm_giá ... lừa_đảo .. giá gốc và ma giảm_giá chênh_lệch đúng 1 đến 2 nghìn ... áp_dụng làm gì vậy,0
ok nhe,1
chơi game gặp quảng_cáo nhấn vào x cứ bị chuyển app,0
shoppe là một app không_thể thiếu trong dth của mik mong shoppe thấy được đánh_giá này và sau_này shoppe sẽ có tính_năng comment vào phần đánh_giá trãi nghiệm mua hàng của người khác vì giúp người mua hàng có_thể dễ_dàng mua hàng thực_tế và đặt được những đơn hàng chất_lượng hơn nhờ vào việc hỏi người mua trước ạ .,1
toàn đồ 1 k tôi thích và shipper nhiệt_tình,1
tự_ý trừ tiền trong app ngân_hàng 119k nạp vào app shoppi trong khi vào shopi hiện giao_dịch có 119k nhưng số_dư ví còn kh có kh hiểu tiền trừ vào mục_đích gì ngang ăn_cướp,0
"tồi , tệ , vận_chuyển hàng về đến_nơi mà k thèm giao , mã voucher cho người mới thì lừa_đảo",0
cho 5 sao cảm_ơn vì nhờ shopee mà tôi đã mua được những món đồ cần_thiết khó tìm mua trực_tiếp ngoài cửa_hàng,1
"lừa_đảo , tôi đã mua chuyển tiền thành_công thì ko đặt được , số tiền ko lớn mà ko uy_tín",1
mâ chơi gem cx kh yên qc lâu vll,0
"tham_khảo nhiều chỗ nhưng thấy shopee rẻ nhât , chính_sách đổi trả cũng dễ_dàng",1
rất hài_lòng những sản_phẩm đã chọn,1
"Chất_lượng tốt trong tầm giá nếu biết chọn , nên mua vip để freeship thì cũng tiết_kiệm được kha_khá nếu mua nhiều",1
dính mã M02 quài má,0
Không hiểu Shopee trả lương cho bọn IT như nào mà không kết_nối được mạng . Tất_cả các phần_mềm khác đều được mỗi Shopee là không . Nếu được thì đuổi việc hết đi . Bao_nhiêu lần rồi,0
"tiện_lợi , nhanh_chóng",1
ứng_dụng rất tuyệt_vời,1
tự hoàn hàng đơn ngta thì khiếu_nại ai,0
mã giảm_giá bị mất khi chưa hết hạn không được miễn_phí vận_chuyển dù đã sử_dụng mã miễn_phí vận_chuyển,0
lần đầu dùng nên cho 5 sao,1
"Mua hàng thuận_tiện , hoàn tiền / trả hàng nhanh_chóng .",1
cảm_ơn bạn,1
rất tốt nhiều sản_phẩm tốt,1
giao nhanh nhan vien than thien,1
xuất_hiện quá nhiều gây ức_chế !,0
bị lỗi sd voucher,0
Shopee dạo toàn đơn ảo . Đặt_hàng chờ 4-5 ngày vận_chuyển đến_nơi vào buổi sáng mà éo giao hàng rồi chiều hàng hoàn_trả về . Vcl luôn . Live stream hàng câu like . Câu_View với giá rẻ rồi người ta đặt_hàng xong nhận đơn thì sợ lỗ mà không nhận thì shop toan nên cứ tạo đơn ảo là xong . Còn nữa tạo vé giảm_giá rồi mua xong thấy lỗ giá rồi lại tạo đơn ảo nữa . Mua 5 đơn với vé giảm_giá thì ít_nhất 3-4 đơn ảo . Không muốn bán thì đừng có bán . Cứ tạo đơn ảo làm tao mất rất nhiều thời để chờ .,0
chưa sài app nhưng quảng_cáo khó_chịu quá,0
OK fine Day của online,1
ok ă,1
ứng_dụng giao nhanh . đã 2 ngày hàng tôi về shoppe tàn cho vutrull 10-20 k mình rất thích shopee,1
"cx được mà cứ quảng_bá nhiều , bị phiền nên 2 sao",0
sao ko có mua thú cưng v,1
tốt . săn xu cũng vui lắm,1
chịu đặt_hàng thì trả ko trả thì huỷ,0
mua đc nhiều cái mà rẻ nữa,1
tự huỷ hàng khi dùng mã,0
nhanh le,1
không hiện chỗ báo_cáo đơn hàng,1
Rất thích,1
"cứ tự huỷ ko biết tại_sao , cũng ko làm j ko đúng ? ? ? ?",0
"trải_nghiệm qua tệ . đơn khách hoàn tiền nhưng không một nhân_viên nào đến để lấy hàng . giao hàng thì tệ . chỉ đẩy những bình_luận tốt của mấy năm trước lên . bây_giờ là 2026 mà bình_luận toàn 2021 , 2022 , 2023 . kiếm cái bình_luận 2026 như mò kiếm đáy bẻ còn không có chức_năng lọc theo năm .",0
sale ngon vl i love pe,1
đặt được 2đơn 0₫ thì bị huỷ cả 2 khóc mong shopee đừng huỷ đơn nữa,1
dạo này shopee bị sao í tôi đặt_hàng mà không shipper nào gọi ra lấy hàng cả xong shipper tự hoàn về luôn tôi đã gọi tổng_đài rất nhiều lần nhưng chẳng giải_quyết được gì tôi cần lời giải_thích của shopee,0
"ok , tuyệt_vời",1
càng_ngày_càng cắn sâu . cắn cả shop lẫn người mua hàng.càng ngày cắn càng sâu . bọn thất_đức . mong nó sớm sập . có sàn nào mới uy_tín sẻ bỏ cái sàn hút tiền này .,0
k thể lấy xu cc,0
Giao đúng hẹn giờ,1
giao hàng chậm vl,0
nhiều voucher ngon,1
"lần đầu đặt của shopee nhưng kh muốn đặt lại lần nào nữa , ỷ đơn 0đ hay s mà giao lâu , theo_dõi đơn vẫn thấy y_nguyên một chỗ 2,3 ngày",0
"shipper rất cợt_nhả . Giao hàng cứ hẹn hẹn r k giao , phải hoàn hàng về cho ng gửi . Thật_sự k hiểu shopee làm_ăn kiểu gì . ng đặt và ng gửi chịu thiệt . Làm_ăn chán",0
"bực đến phát khóc , nay ấn vào đăng_nhập bằng sdt , do mình đã quên mật_khẩu nên đã ấn quên . app bắt mình sử_dụng sdt để nhập otp , sau khi nhận và nhập r thì lại bảo mình xác_minh lần nữa bằng mật_khẩu",0
trả hàng .. mà từ tối 2905 .. tới nay đã 2 tây mà chưa thấy đến lấy hàng .... trên thông_tin thì cứ lấy hàng 0 thành_công ... 3 lần .... trong khi đó mình thì đang chờ điện_thoại người lại lấy hàng trả về ................ buồn .... nãn ....,1
cây tuoi đẹp đúng như quảng_cáo cho sóp măm sao,1
đặt đơn thì tự huỷ,0
"sau hơn 2 năm sử_dụng mình đã khá là tin_tưởng shoppee , dịch_vụ nhanh gọn lẹ . mua_sắm tiện_lợi , hàng_hoá đa_dạng , khuyễn mãi giảm_giá tốt .",1
"giao hàng trễ , app thua con rùa",0
tuệt,1
hàng ok nhưng tg giao hơi lâu,1
"Shopee ơi , đừng buồn vì những đánh_giá xấu nhé 🥺💗 Ai cũng có lúc mắc sai_sót và không_thể làm hài_lòng tất_cả mọi người . Quan_trọng là mình biết nhìn lại , sửa_đổi và cố_gắng tốt hơn mỗi ngày . Những lời chê hôm_nay không_thể quyết_định giá_trị của bạn đâu . Cố lên nhé , rồi sẽ có thật nhiều người hiểu và ủng_hộ bạn ! 🌷✨",1
"ok , cái gì cũng có . tốt mà rẻ",1
mẹ quảng_cáo của nó lâu vãi,0
sàn này không hỗ_trợ hoàn hàng làm khó_dễ cho người mua gay kho khan trong việc trả hàng sản_phẩm bị lỗi mình đã cung_cấp đủ video và hình_ảnh vẫn từ_chối hoàn tiền làm,0
nhờ có shopee mình luôn trải_nghiệm được những sản_phẩm chất_lượng . tiết_kiệm đc rất nhiều thời_gian trong c.sống hàng ngày . cảm_ơn shopee rất nhiều . mãi luôn ủng_hộ . ❤️,1
spx ship lâu vl,0
"nhiều ưu_đãi , rẻ hơn so vs thị_trường",1
rất nên sử_dụng,1
đặt_hàng_hoả tóc 1 giờ . 3 tiengs còn chưa thấy đâu . liern gẹ shop thì đó shopee cập_nhật trạng_thái . liên_hệ shopee thì không xác_định đc . quá cùi bắp,0
giá thì ổn ám voucher khá nhiều,1
"có 2 đơn tui phải hoàn do sai mô_tả và yêu_cầu , nó hoàn về shoppepay tổng là 256k , tui để đó gần nửa năm mới lấy ra định sài ai_ngờ vô kiểm_tra nó còn vài đồng dù tui ko sài , chả kích_hoạt shopeepay sài cho đơn đc thì sao có_thể mất tiền ? chắc_chắn nó bào_mòn dần tiền của tôi r . tôi cần một lời giải_thích !",0
"ship hàng nhanh , phục_vụ khách_hàng tốt , hàng_hoá đa_dạng . Xin cảm_ơn shopee .",1
"Chuyển hàng chậm , thắc_mắc thì gợi_ý luôn trả hàng hoàn tiền . thật_sự thiếu tôn_trọng khách_hàng",0
đáp_ứng yêu_cầu khách_hàng : tốt,1
yêu shoppe ! .,1
củng lợi đó,0
mua deal nhưng không cho dùng làm mất tiền của t ko hoàn được,0
đăng_nhập tk thì báo lỗi k đăng_nhập đc hàng giao sai địa_điểm,0
hàng thì tự huỷ,0
đặt_hàng thì shopee tự huỷ,0
đồ cũng rẻ ngày nhận hàng hơi lâu,1
"2 đơn hàng ( cùng 1 spham , mua lại vì đơn trc bị huỷ ) bị huỷ lý_do giao đơn ko thành trong khi ship ko gọi cuộc nào",0
"Quảng_cáo nhiều ko xem phim đc , cho nút tắt giả , quá nhiều qc khó_chịu",0
tự nhien đặt_hàng song không cho đặt mà trong khi đó đc 0đ tính không cho khách đặt_hàng hay gì,0
"shipper còn ko thèm gọi để giao hàng mà , tự hoàng đơn luôn",0
không trả hàng hoàn tiền được mặc_dù đã gọi điện liên_hệ bên tổng_đài và bên shop bán hàng có hỗ_trợ nhưng đội_ngũ shopee không hỗ_trợ chả hiểu,0
bỏ mấy cái tính_năng ko cần_thiết hộ . sdt có 1 cái mà cứ bắt xác_minh hoài chưa thấy an_toàn đâu phiên lắm luôn á,0
trả hàng Hoàn tiền toàn bị huỷ mé,0
"tiện_lợi , dễ_dàng mua_sắm giao hàng tại nhà",1
rất đc nhưng_mà ship hơi lâu,1
xịn lắm ạ,1
săn được đơn o đồng thì huỷ đơn không bán lươn_lẹo,0
tự huỷ đơn mà ko thông_báo,0
"App mua_sắm rất tốt , mãi iu 😘",1
"áp gắp thú lừa_đảo , gắp hết mà vẫn 100 xu",0
"Ứng_dụng tốt , dùng ok , đủ mọi loại hàng , gì cũng có , giả cũng rẻ , mua nhanh , ko rườm_rà 👍👍👍",1
giúp_ích tôi khá nhiều,1
"giao hàng nhanh lẹ . nhiều mã giảm_giá nữa , xử_lý đơn hàng nhanh lẹ",1
quảng_cáo hay quá,0
"Shopee uy_tín , trải_nghiệm mua_sắm tốt .",1
"đồ thì huỷ quàiiiiiiiii , lâu_lâu đặt được thì tiền ship mắc như chong_chóng",0
cũng r thú_vị nhưng lu ý trước khi mua có những đơn hơi ..,1
Tốt ! ! ! ! ! ! ! ! ! ! ! ! ! ! ! ! ! ! ! ! !,1
"K trả tiền về tk ngân_hàng đc , 4sao , trả thẳng về tk ngân_hàng đc r , sửa lại 5bsao ☺️☺️☺️",1
"tạm ổn , cs thể mua đc đồ chính hãng , nhma vẫn có 1 số shop bán hàng phake , kém chất_lượng , tung deal cx chx nhiều , toàn kiểu đặt xg 1-2 ngày ms tung deal hời á😞",1
không được dùng voucher đổi đi đổi lại vẫn bảo tài_khoản không đủ điều_kiện,0
hỗ_trợ khách_hàng như hạch dùng thì dùng AI k có tác_dụng,0
"Mua hàng giá_trị lớn ( laptop ) , pin lỗi , có chụp hình báo thì ko cho hoàn , tạo request là huỷ , ll cskh thì nó lại ko ll đc vs bộ_phận xử_lý đơn , chỉ yêu_cầu khách đợi_chờ , 1 trải_nghiệm tệ hơn chữ tệ . Không bao_giờ mua hàng giá_trị cao trên shopee nữa .",0
tự huỷ các đơn giảm_giá nhiều của khách ko trả lại mã giảm_giá thế cho mã giảm khách đặt rồi huỷ lấy lại ko trả mẹ kiếm đã khó còn ko cho đặt thì chịu,0
báo_giá là ko đồng mà giao lại là 50k,0
mong shopee thêm tên người giao hàng ạ,1
ráng thức để dùng voucher giảm 100k cho đơn_từ 100k mà mình may_mắn quay được nhưng vừa giây đầu đã hết ? ? ? ?,0
"ý là chưa giao đến tự_tiện huỷ ? chờ lâu còn chưa nói , tự_tiện huỷ hàng là sao ? ?",0
"ok , ko có j phải bàn_cãi r . nhưng cái phần trả hàng phải xem_lại",1
"trên app này toàn shop lậu , buôn_gian_bán_lận , treo đầu dê bán thịt chó . mọi người nên mua tt uy_tín gấp 1000 lần ở đây .",0
tự_ý huỷ nhiều đơn ko hoàn_trả lại mã giảm,0
"giao hàng nhanh , đúng hẹn và có nhiều mã voucher ngon",1
"áp mã được có 1 2 đơn 0 đồng mà cái shoppe nó huỷ hết , chả hiểu",0
làm_ăn quá chán,0
từ lúc tải cái app này về lúc_nào lên web phim cũng bị quảng_cáo văng lại sang app này .,0
lag lại còn qc nx ít_ra đc cái xem phim cs xu,0
xăm nhập vào quyền riêng_tư tôi quảng_cáo quá nhiều,0
Sản_phẩm và giá_cả tốt Shipper giao đúng hẹn nhưng đừng tự huỷ đơn hàng của tôi nữa,1
tốt hài_lòng,1
dùng ok ship nhanh,1
qq ap làm gì mà cho người ta chọn địa_chỉ không được dù đã chỉ trực_tiếp trên bản_đồ gg,0
"kêu kiểm_duyệt chấp_nhận huỷ mà ko huỷ , đóng đơn thì thiếu mà_còn vậy , chán !",0
chịu hàng chưa tới mà thông_báo đã giao ko để số điện_thoại ship r sao t liên_hệ đc ( nhà t trong hẻm nhỏ có_thể ổng ko bt ),0
ứng_dụng tốt nhất hiện_nay,1
"Shopee như lừa_đảo , cho mã voucher dùng thì huỷ đơn , huỷ đã thì khoá luôn tk , vậy cho chi vậy shopee ? ? ? TK dùng từ thời shopee mới ra và đang hạng kim_cương cũng đành bỏ luôn . Qua chán , càng_ngày_càng tệ",0
sop bán toàn hàng lừa_đảo . giao hàng thì hư_hỏng . thiếu hàng,0
giáo hàng nhanh đúng như mô_tả trên áp shopee cảm_ơn các bạn,1
cc ngon,1
"đặt 2 đơn săn sale , ship không thèm gọi cuốc nào đã huỷ hàng , bực hết cả mình làm_ăn gian_dối",0
voucher giảm 100k cho đơn tối_thiểu 100k có hiệu_lực từ 00h 15/8/2026 vào thì đếch có đồ lừa_đảo,0
cái_trò đổi điểm bóng_đá toàn lừa . lỗi kết_nối chán rồi hết lượt đổi . quá láo,0
lừa_đảo quay_vòng quay ra mã giảm 100k nói 14/8 mới xài được xong mất luôn lừa_đảo mai t dậy t kiện shoppe,0
Tiện_lợi và đa_dạng,1
đang bấm dịch ở bàn_phím app cứ hiện ra thế_là bị mất mấy dòng mất_công ghi,0
"Chưa từng xài Shopee nhưng quảng_cáo của Shopee khiến tôi bực_mình nhất , cảm_ơn",0
chuyện xảy ra vậy trời ... ? tôi vô coi live shopee mà là ăn 10k giảm mã 0₫ đặt_hàng rồi bị từ huỷ ủa là sao ... ? từ huỷ quá nhiều lần rồi bị lỗi trời ! thôi nghĩ chờ ngày 2028 quay lại về tạm_biệt shopee,0
toàn quảng_cáo fake nút xoá lừanng dùng,0
rẻ vcl nói_chung lần đầu mua hàng mà lời Như này,1
khá là rẻ,1
"toàn là rác AI khi coi sản_phẩm , xoá app",0
"ủa ê shopee ơi t mới đăng_nhập vô nó hiện 0đ là bthg mà tự_nhiên huỷ đơn của t là sao nữa , biết t cực_khổ lắm mới mua đc k 😮‍💨",0
"Đặt_hàng , có deal giảm_giá xong tự_động huỷ với lý_do bất_thường , gửi yêu_cầu khiếu_nại lên tổng_đài vô_cùng nhẹ_nhàng thì bị bảo là vi_phạm tiêu_chuẩn cộng_đồng . Chán hết_biết nói gì .",0
Cho thêm phiêm bản lite dành cho máy yếu chứ con ss a10 của tôi gánh mãi tội nó,0
shipper không gọi điện giao hàng,0
app bắt xác_minh như hành_xác mà deo tải đc cái qq j hết trong khi app khác vào mạng bth . App bóp dais trải_nghiệm người dùng đến chạm đáy,0
"giá rẻ hợp cới cả học_sinh , sinh_viên",1
"Đơn hàng trả lại không được xử_lý nhanh_chóng từ shipper , bưu_cục đến tổng_đài chăm_sóc khách_hàng .",0
"Một_vài trường_hợp Shopee hỗ_trợ khách_hàng không tốt . Gây khó_khăn không cần_thiết cho khách_hàng , khi họ mua phải hàng kém chất_lượng của shop không uy_tín .",0
chất ghế dày_dạn bao_bì cản thạn quá ok,1
"Tự_động huỷ đơn , không giao , không hoàn tiền . Khiếu_nại không ai xử_lý . Quá tệ .",0
kkk kéo sao lên nà👍,1
rất tệ vì xac minh thông_tin cá nhân.liên kết tk ngân_hàng rồi giữ thông_tin đó.khi tài_khoản có vấn_đề thì khoá mà k xoá vĩnh_viễn hoặc gỡ thông_tin cá_nhân của khách_hàng,0
"? ? ? tại_sao lại quảng_cáo nhiều như_vậy , cứ mỗi 5 phút là hiện 5 phút là hiện , có thấy phiền k ? Quảng_cáo thì vừa_phải thôi chứ . Đang họp thì cứ hiện quảng_cáo lên chắn hết cả thông_tin màng hình , đã v còn bị sếp la ? Cái shopee vs Dola_AI phiền_phức",0
ship bơ ở hoài mỹ bố_láo,0
phiền_phức,0
bịp khách_hàng,0
ứng_dụng tốt đáng tin_cậy,1
tự_nhiên bấm vào chỗ đăng_nhập mất luôn voucher,0
"shoppe càng_ngày_càng làm_ăn không gia gì , toàn hợp_tác với người bán rồi bán hàng giả cho khách_hàng , hoàn_trả hàng toàn vào ví soppee",0
"trong tất_cả các loại quảng_cáo , quảng_cáo shopee là hãm nhất 🙂 quảng_cáo cái nào t đ mua cái đấy nhá",0
shop mở ra để người ta mua đồ . lâu_lâu mua đồ them số điện_thoại tiền đâu mua sim hoài mà đổi .,0
giá hợp_lý .,1
tỏ,1
mua hàng chưa gọi đã hoàn_trả về người gửi,0
gần đây công_tác vận_chuyển thì chậm_chạp dần hàng giao thì bị lộn_xộn không đúng với đơn đặt.nhân viên thì thiếu nhiệt_huyết trong việc giao hàng.ngày xưa tôi là tín_đồ của shopee ngày_nay tôi đang chuyển dần sang mua bằng tiktok cũng vì những lý_do trên.tôi nghĩ nếu không có sự đổi_mới mang tính hệ_thống thì ứng_dụng này sẽ sớm mất thị_phần còn lại vào tay đối_thủ tiktok shop,0
"m giấu cái nút "" không quan_tâm "" ở đâu vậy , mấy cái shop đ muốn thấy thì cứ hiện lên khó_chịu vô_cùng",0
cứ tự huỷ đơn,0
mua j cũng có hết 😃😃😃😃😃😃😃😃😃😃😃😃😃😃😃😃😃,1
shopee bị lỗi M 02 / D 02 hoài không đặt dc,0
Mua_sắm thoải_mái ; giao_diện thân_thiện !,1
nó tiện_lợi cho việc mua hàng,1
khoái là khâu trả hang hoàn tiền .,1
"giao lâu vậy má , đặt từ ngày7 tới ngày13 vẫn cứ trạng_thái chờ giao hàng , mà thời_gian dự_kiến ngày 10-11 coi có tức không chứ , cứ hẹn_tới_hẹn_lui bực_mình",0
hơi lag,1
mong shopee đừng khoá tài_khoản của tôi,1
Đẹp,1
"Hầu_hết các sản_phẩm đều đúng mô_tả , tuy_nhiên có 1 số món hàng để giá thấp nhưng khi vào thanh_toán lại tăng_giá lên nhiều .",1
quảng_cáo ncl,0
mã free ship còn mà ko dùng đc ức vl hy_vọng shopee khắc_phục lỗi dùm nhưng hàng mua về dùng khá tốt nhưng ko có free ship thì hơi mắc,1
cmn tự_nhiên huỷ đơn hàng xomg không báo gì,0
Ghn không lấy hàng mà cứ nhảy vào hoài_... Chán cảnh ngày qua_ngày đợi đến lấy . .,1
shoppe cứ huỷ đơn hàng của mình đặt khi mình đặt_hàng cứ lý_do giao_dịch bất_thường,0
cayyy😌😡,0
"đặt mấy đơn , thấy đơn hàng giao tới khu vận_chuyển gần nhà , xong shipper tự huỷ hoặc đến chỉ nhá điện_thoại chứ không gọi lấy hàng , đặt hơn 5 đơn , đơn nào shipper cũng tự_ý huỷ",0
"không cho trả hàng , chưa hết thời_gian trả hàng mà tự_ý xoá nút trả hàng , ăn_cướp à",0
sử_dụng voucher thì kh đặt đc ?,0
1 ứng_dụng mua đồ rất hữu_ích,1
tôi rất thích_ứng dụng mua_sắm này,1
Sản_phẩm rất tốt tôi rất thích,1
trải_nghiệm ok mà bị huỷ hàng hoài,0
Giao hàng rất chậm . Mà giao chậm rồi cho cái voucher 15k đơn 100k có dùng làm gì đâu tích _ cực ) xong cái hối giao hàng cũng như không chả có tác_dụng gì hẹn giao trong 12 tiếng hoá_ra là 2 ngày vẫn chưa giao,0
Tôi đặt đơn giao nệm hoa tốc . từ đường Võ_Văn_Vân_Bình Chánh . về q12 đã . 60k phí hoa tốc r nha . tài_xế còn doi tôi Them 40k phí Them nữa nệm 25kg . 4 tx nói nhận đc k tôi nói nhận đc họ nói họ giao mà lúc cuộc họ huỷ am tham k báo cho tôi bt lam tôi phải đợi từ 11h chưa đến 6h chiều,0
"don vi van chuyen ben SPX rat cham tu dong huy don nhu lon con bao ko oien lac duoc rat xam lon , tao bat chuong to ca ngay deu o nha trong tuan ma bon ship noi xam lon voi shop nhu zay con me chung may lam an nhu lon app rat lag nhu lon",0
"hay bị lỗi , không đặt_hàng được",0
"Shopee food trên Shopee tiện thì tiện thật , nhưng_mà đừng áp_dụng khi thanh_toán phải mua vocher được không , mã đã mua mà quán đóng hay bận không mua được thì shop trả cho người mua à , đơn giảm 50% mà mua thêm vocher thì thà thanh_toán luôn còn hơn",0
có_lẽ hiện_tại bạn là ổn nhất,1
nice tốt hơn tiktok shop,1
rất đơ và lâu nhiều lúc nó load mà t ngồi đợi cả thanh_xuân mặc_dù dt t k có vấn_đề gì cả ?,0
cứ lỗi k đặt_hàng đc,0
cũng được những khi tôi ấn vào để xem_lại bảo tôi đang nhập lại,1
lại còn không có nút thoát ra đang ở hoặc chơi đột_nhiên bị quảng_cáo,0
"Đã thanh_toán online đầy_đủ , nhưng khả_năng vì không phải đi thu tiền nên Giao hàng Lôm_côm tắc_trách . Đơn hàng Đã đến_nơi được 4 ngày rồi nhưng Đơn_Vị Vận_chuyển bỏ_qua đơn hàng đã Thanh_toán vứt xó trong kho không giao cho khách_hàng nửa tuần trời . gọi điện nhắn_tin lên bộ_phận chăm_sóc thì lúc_nào cũng Kêu đã Hối và giục bên vận_chuyển Ship_Hàng nhưng 3 ngày rồi không có gì thay_đổi chả giải_quyết được vấn_đề gì .",0
"app giao hàng rất lâu , nhắn nhân_viên thì cũng như_không , giao trễ tặng voucher 15k mà phải mua đơn 100k thì mới đc giảm , mà đc cái dễ săn voucher và dễ dùng .",0
tôi mới vào xem.cũng chưa rõ lắm,1
không sd đc voucher người mới,0
ứng_dụng uy_tín hàng ngon,1
"cứ hiện quảng_cáo , phiền_phức",0
"ủa tạo acc ms để săn sale nhập danh_tính này_nọ r mà_còn đòi cccd , tên thật xog r sinh ra ở đou hỏi lm cái j mà lắm thế ? định cho ng vào nhà giao hàng sẵn tiện xin vài món đồ luôn hay j ? đặt trên mạg còn pk cho bt mik ở đou đag lm j , nữ hay nam hả ? ? ? ? ? an_toàn đến_nỗi lộ hết danh_tính ng mua ms vừa_lòng à",0
free ship rẻ đơn 0₫,1
cụ thích,1
"làm_ăn như ăn_cướp , kênh bán hàng riết giống như ăn_cướp công_sức người bán hàng , giao hàng khách k ứng trả hàng , chứ vụ giao hàng lấy cục hàng ma bắt hoàn tiền . có 0 sao tui đánh_giá . sẽ k mua hàng shoppe",0
giao đơn 0k mà shop đưa hàng không đúng những j tôi chọn nên bực_mình lắm . mua màu hồng giao màu vàng . mua mẫu tulip lại giao bông xanh .,0
khăn.giấy.treo.tường.có.tiêu.chuẩn . 5 . sao.nhé.các.bạn,1
nói_chung cũng dùng được thỉnh_thoảng gặp hàng chưa ưng nhưng tốt hơn fb,1
tốt ngon,1
nói_chung ok nhưng_mà m làm j mà app nào cũng quản cáo thế lướt tiktok mà cx ko yên nx,0
rất tốt và tiện_dụng,1
"app như cái lờ , thua xa tiktok shop , tự huỷ đơn hàng liên_tục , riết má chắc đell muốn đặt_hàng app này",0
chưa đặt đồ lần nào nhưng vận không cho đặt ép mã giảm_giá vào thì dell cho đặt,0
shoppe pay ko thông_minh lắm,1
"quảng_cáo cho mã giảm 80k cho người mới mà vào thì đã hết , hỏi CSKH thì bảo mã có số_lượng trong tháng , vậy mới 13-8 chưa tới nữa tháng là hết vậy quảng_cáo làm gì , lùa gà à",0
Phí giao hàng hơi cao,1
shoppe luôn bán cho tôi nhiều loại hàng tốt xịn giá sale rẻ thật tuyệt . mọi người nên tải app về mua xài dùng .,1
hang đẹp,1
thông_báo rác lắm,0
"Tốc_độ nhanh_chóng , hài_lòng",1
úng dụng như c áp mã giãm giá nó tự_động huỹ đơng đeo mua được,0
"đang xem phim tự_nhiên vào shopee , trong khi không ấn vào j",0
ứng_dụng hay . nên tải sài cho thuận_tiện mua_sắm .,1
"săn đc rất nhiều đồ 1k 0k , hay có deal rẻ nên tải",1
OK lắm á🤩🤩🤩,1
shipper chưa kêu j đã huỷ hàng,0
quản cáo quá nhiều !,0
"cứ đặt sale rẻ là huỷ , app gian_dối kh . Không giải_quyết rõ_ràng .",0
nơi mua_sắm thuận_tiện hàng_hoá đa_dạng,1
rẻ hơn tik tok,1
"sao dạo này ship bên shopee cứ tự huỷ hàng v , 3 đơn liên_tiếp r",0
ko hiểu tại_sao mới mua lần đầu mà bị m02 quài,0
hay sale,1
nên tải về dùng thử 1 lần,1
cx máy trổ bán lừa_đảo nha,1
làm_ăn bát_nháo,0
mày quảng_cáo hoài tui chơi mà bị là phiền mà nó không chạy phải bật lại từ đầu ĐừNG QUẢNG_CÁO_NỮA,0
shoppee ngày_càng chuyên_nghiệp . đa_dạng sản_phẩm . giá_cả cạnh_tranh . Nhưng app đôi_lúc bị đơ nhất_là khi chạy chương_trình giảm_giá chắc có_lẽ nhiều người vô mua quá .,1
cố_ý huỷ đơn của khách,0
"cũng ổn , kiếm đc nhiều món tốt",1
quá tuỵệt,1
"cần shopee fix lỗi lại , vì đang đặt_hàng mà bị mẹ bắt ăn cơm",0
ok nhất_là shoppefood,1
oko nên mua hàng trên shopee trả đổi hoàng tiền ok,1
"giao lâu , đơn giao không đúng dự_kiến làm trễ công_việc của khách_hàng , cskh tệ , chức_năng hối giao hàng và mã freeship 15k khi giao trễ rất vô_dụng , vch có_khi còn không dùng được nói_chung rất rất tệ , đơn đứng yên 1 chỗ cứ để đang giao là sao",0
giao hàng chậm vãi c .. gây ức_chế khó_chịu .,0
app gì mà lag vãi . bấm vô mua hàng mà load mất 5 phút . 1 sao là hên rồi đấy,0
"Giao hàng quá chậm , vận_hành kém , giá đắt",0
Cảm_thấy yên_tâm hơn các nền_tảng khác,1
"tự_nhiên giờ thêm vụ xác_nhận bằng hình_ảnh kéo thả chi nữa vậy Shopee , đang tìm_kiếm sp cái bắt xác_minh xong trở ra báo không_thể tải sp , chán vậy .",1
kh đặt đc hàng cứ bắt đăng_nhập sdt nhưng lại kh ghi đc mã vô,0
shopee tuyệt,1
"Tính_năng tự_phát video quảng_cáo khi mở ứng_dụng gây rất phiền_toái và khó_chịu . vừa mở ra là tiếng oang_oang quảng_cáo , chuyển sang mục khác vẫn còn tiếng quảng_cáo , phải thoát ứng_dụng mới hết . đề_nghị shopee tắt ngay tính_năng này",0
"tốt lắm nha vì toàn đồ 0₫ nhìu lắm còn rẻ nữa , mà vô app hơi lag nhé ⭐⭐⭐⭐⭐",1
hãi cho tới tất_cả đơn 1₫,1
đề_nghị làm quảng_cáo thì là cái nút x nó to lên ... đc ko cười _ tươi,1
đặt đồ_ăn xong đang giao thì tự huỷ không thông_báo,0
update mới trên đt của tôi không_thể_nào bấm vào ô search được do bị dính hàng thông_tin ngày_tháng .... Nghiên_cứu thiết_kế dịch xuống nhé .,1
rất tốt trải_nghiệm mua_sắm online và trả hàng rất dễ_dàng,1
"app quảng_cáo tặng vocher 80k người mới chỉ là lùa gà thôi mn ơi đưng mất thời_gian vào app làm gì vào nó để mã đã hết rồi , mới ngày 10 thì đã hết rồi , qua tiktok ok hơn mã cả tháng không hết",0
"Mua hàng tiện_lợi , giao hàng nhanh , hoàn tiền ngay nếu không ưng í sản_phẩm . Ở nhà cũng mua được bất_kỳ sp nào nếu cần , được miễn_phí ship , săn voucher giảm_giá nhiều . Rất ưng .",1
Rất_Ok,1
tôi muốn mua . keo dán hàm_răng giả Hai tiếp,1
quảng_cáo khốn_nạn vô_cùng,0
"giao hàng lâu , mãi vẫn k đến bên vẫn chuyển khác lấy đơn sang , bảo từ 1-3 ng mà ng thu 3 vẫn chưa nhận đc ,",0
"Quảng_cáo ở các app khác quá nhiều , bỏ ngay kiểu cứ quảng_cáo lại tự_động mở app đi .",0
"hàng tốt , tôi yên_tâm sử_dụng",1
bên người bán có dấu_hiệu bất_thường song huỷ đơn hàng của tôi mất 60k,0
? ? ? ? ? sao t săn xu mà số xu còn bị giảm vậy ? ? ? tính ăn_bớt của người chơi à ? ? làm_ăn_tác trách vừa thôi,0
thay_đổi ngày nhận liên_tục mới_đầu 11/8 đến 14/8 sẽ nhận được hàng giờ tăng lên 13/8 đến 16/8 mới nhận được mình về quê từ th2 đến thứ 6 mình hạn giao trễ nhất_là thứ 6 mình mới đặt h tự tăng lên như_vậy sao mình không có thời_gian không nhận đâu,0
tôi thấy app này đc ms tạo tk đc giãm 80k nhưng mik thấy giãm 50k đc r cảm_ơn,1
"mua hàng tiện_dụng , hoàn_trả hàng dễ_dàng ,",1
quảng_cáo lắm hơn chó,0
Trải nghiệm.ung ho 5 sao,1
voucher không đc áp_dụng ? ?,0
"Tôi đã sửa bài đánh_giá vì Shopee liên_tục huỷ đơn hàng của tôi với lí_do là "" giao_dịch bất_thường "" . Trong khi trước giờ tôi mua_sắm và thanh_toán không vấn_đề gì . Thậm_chí voucher trong các phiên live tôi không_thể lưu và sử_dụng được . Điều này làm tôi rất thất_vọng",0
đặt_hàng đc 1 hoặc 2 lần phải trả tiền trước khi nhận hàng,0
"đâu ra cái vụ load chậm để người dùng trượt tay mua đồ trong game v , tích xu cho đã không 1 phát đi tong 1k xu",0
đặt bị f02 chán,0
mẹ m làm cdg quảng_cáo lắm v,0
Từ khi dùng shopee thì mua hàng được hơn hẳn vì shopee thường cho rất nhiều mã freeship và mã giảm_giá ... vì_vậy tôi rất thích vì được dùng shopee và bên vận_chuyển của shopee giao hàng nhanh 100₫ mong shop shopee sẽ cho nhiều mã free ship và giảm_giá nhiều hơn mãi iu shopee 💯💯💯💯💯💯💯💯💯❣💯💯💯💯💯💯💯💯💯💯💯,0
"Cho mã giảm_giá nhưng cứ đặt mua là huỷ vs khoá nick . Thôi té sang sàn tóp tóp , dù giá có cao hơn 1 tí nhưng dịch_vụ tốt gấp 10 lần !",0
"shipper chỗ tui thái_độ lắm ý , không gọi cho khách cuộc nào mà tự_ý hoàn đơn là sao . mấy đơn rồi ý",0
tải nó cứ quay tròn cả tiếng rồi lsao 😤,0
ship làm_ăn ko có tâm gì cả tự_ý huỷ đơn của khách mà ko gọi cho khách_hàng gì cả làm_ăn chán đã thế còn ko gọi nhân_viên hỗ_trợ được như trước,0
"càng mua nhìu càng bị hạn_chế quyền_lợi , bị cắt bớt mã giảm_giá rất nhìu .",0
shop khônh giao hàn luôn đơn để một tuần rồi chưa giao cũng không tự huỷ đơn để qua tiktot mua nữa,0
shopee 5 sao,1
nên trải_nghiệm,1
Quá đã và nhiều voucher,1
rất hài_lòng với dịch_vụ,1
"đánh_giá sản_phẩm đc 2 tháng r mới thông_báo đánh_giá ko hợp_lệ , thu_hồi xu . trong khi đó , bài đánh_giá đã có đầy_đủ video hình_ảnh sản_phẩm và chỉ viết về sản_phẩm . lm ăn như ....",0
lỗi AI Bot chat hối giao hàng,0
rất là tốt nhiều đồ giá rẻ,1
"riết khách khỏi mua hàng ha , chứ ship 90 100 + không thì để t ra shop mua cho r",0
mua Đươc rât nhiêu thư,1
tệ rất tệ dù đã thử tất_cả cách mà shopee đưa ra nhưng vẫn không cho tôi mã OTP trải_nghiệm thậm_tệ không nên tải để tốn thời_gian xoá vì có để cũng không mua được,0
như đầu buoi,0
nhập cái mã vào mà không hiện lên,0
bt cập_nhật trạng_thái đơn hàng ko ?,0
bang đầu vào thì nó ở 0 Đồng tao chưa kịp mua gì thì nó tăng_giá cũ app như chó bịp vải,0
shopee thường tự huỷ hàng,0
TÔI YÊU SHOPPEE có rất nhiều voucher giảm_giá và nhận đc rất nhiều xu hằng ngày,1
"cảm_ơn bạn , quá tuyệt",1
lắm mã vcl,1
phần thử_thách shopee video đề_xuất theo_dõi để lấy xu mà app lại đề_xuất shop bị cấm bởi hệ_thống mà hơn 1 tháng r ko reset lại nên ko thể nhận xu mặc_dù ko bỏ theo_dõi nhưng hệ_thống ko cho reset lại nên tôi rất bức_xúc,0
Khoá tài_khoản người dùng vô_lí .,0
"quá nghiệp_dư , vô_trách_nhiệm",0
đặt_hàng mà dell giao trễ ngày thì nó huỷ đơn dell có voucher 4 đơn huỷ hết 4 🤬 thực_sự đặt bên này vừa tức vừa bực bắt đợi mấy ngày xong đến hết ngày hẹn thì nó huỷ đơn do này kia trong khi đó ko giao cho shipper đc thì huỷ đi bắt đợi mấy ngày rồi huỷ trải_nghiệm tệ rất rất khó_chịu khuyên ko nên tải 😡 phí thgian đợi mà ko có hàng còn trả có 1 lời giải_thích nào 😡😡😡😡😡😡,0
dùng tốt nha,1
uy_tín .,1
tiện_lợi .,1
"mua hàng thì giao tốt , nhưng trả hàng thì rất phức_tạp",0
lỗi M02 suốt,0
"tự_nhiên "" Trừ Xu_Đánh_Giá "" của khách_hàng . tốn công quay video , chụp hình để đánh_giá sản_phẩm đã mua mà thằng Shopee tự_động báo_cáo là không hợp_lệ rồi trừ xu của khách , trong khi khách là Người Thật , Mua_Hàng_Thật . chả hiểu shopee xảy ra chuyện quái gì nữa , càng_ngày_càng thua_kém shopee .",0
"Có_lẽ sân_chơi này của pee , nhưng khoá nick vô_tội_vạ như này mọi người sẽ dễ chuyển sang tiktok hoặc lazada dù giá có cao hơn 1 chút .",0
Hay nba,1
"quảng_cáo cho mã 80k nhưng vào trong thì hết mã , app nó lùa gà thôi mn ơi đừng tốn thời_gian với nó , mua thì bị huỷ đơn mang bệnh tức thêm , qua tiktok ok hơn mã người mới không bao_giờ hết",0
😱 v,0
đặt_hàng mà nó cứ bị huỷ,0
nhiều voucher,1
đừng gọi người ta,0
"Tôi tưởng có mình tôi bị huỷ đơn vô_cớ ai dè cả đống người bị , giá_sàn thì cao hơn sàn khác . tải app vè thử được cái đơn 0₫ mà chờ đến lúc nó huỷ , không 1 cuộc_gọi hay tn . làm_ăn bố_láo .",0
mua hàng được nhưng Shopee ơi cho em xin đc đơn 0 đồng nha,1
"muốn đặt_hàng mà ko đồng_ý 🤬 , tức thật😤🙄",0
"app láo thật_sự , toàn lùa gà , quảng_cáo cho mã 80k cho người mới , vậy_mà vào thì hết mã , mất thời_gian còn bị lùa , má xoá app luôn , mn né app này ra nhé , qua tiktok đi mã giảm ngon cả tháng không hết",0
"tệ , tự_động gia_hạn shoppe vip sau 4h mà trc đó máy ghi lúc tối , làm_ăn đùn_đẩy phí sàn thì cao",0
"Tự_nhiên dính cái lỗi M 02 / D 02 gì đó không cho app mã voucher , bây_giờ không đặt_hàng gì được hết . Quá chán",0
app quá tốt,1
"giao hàng nhanh nv giao hàng nhiệt_tình , rất tốt",1
nhiều khi cũng không thích mà nhiều lần cũng thích,1
shope khắc_phục ngay các gian_hàng dối_trá lừa ng lần đầu mua mà kiểm ship về đống rác thất_vọng vô_cùng mất bạn mới dùng có_thể mắc sai_lầm vì chuyện này lãng_phí tiền và mất uy_tín cho app,0
"Shopee lừa_đảo tôi . Đặt ấm siêu_tốc , hàng không đến , mà bảo GIAO HÀNG THÀNH_CÔNG ! Tôi không có ấm đun nước . Mua cái khác sợ cái củ lại về . Không mua thì không có nước pha trà . Bày cho tôi cách xử_lý với . Shopee shopee tôi van bạn đó . Bày cho tôi cách xử_lý ? ? ? Hướng_dẫn cho tôi : Ra chợ mua ấm siêu_tốc khác mà dùng . Hay đợi Shopee gởi cho ?",0
shipper giao hàng lúc l nào cũng giao sai địa_chỉ thế mà còn ko gọi điện để mink ra lấy hàng mink để đúng địa_chỉ mà nó còn ko gọi điện mink cũng ko bt tại_sao nhưng_mà mong shopee sẽ khắt_khe hơn trong vấn_đề này,0
ko bằng tiktok shop ko nên dùng,0
cái gì cũng có,1
mua hang đặt đc đơn hàng rồi lại bị huỷ,0
mua món đồ 7 ngày chưa tới . đợi đến chán.báo về đên khu_vực giao trong 12h đợi dài cổ ... trong khi món đặt sau thì lại có trước 2 ngày ..,0
shopee không cho thông_tin shipper để r shipper toàn lấy hàng của mình rất nhiều lần.Sao shoppe không để thông_tin shipper rõ_ràng như bên tiktok để đỡ bị shipper lấy hàng của khách ? ? ?,0
dm quảng_cáo như cl dell bấm vô mà tự vô trang shoppee,0
"Nên cung_cấp thông_tin của shipper để dễ giao_dịch . Giao hàng trễ thì đền_bù cho xứng_đáng hơn đi nhé , cái mã trợ_giá 15k đó có cũng như_không .",1
quản cáo nhiều nên 1 sao nha,0
ko cộng đủ xu cho tôi . nhật xét chung : app đớp rất sâu,0
"mình có 1 đơn hàng xé ra dùng mình thấy khác với lần trước , sợ bị hết hạn mình tìm lại lịch_sử đơn mua , và đơn đánh_giá thì không thấy nữa không biết ẩn ở đâu , mình muốn hỏi là cũng 1 loại kem đó nhưng sao gói khô gói có nước sệt",1
vl t đang đợi 1 đơn hàng khá gấp và cái đùng hôm_nay tự_nhiên nó cấm account của t trong khi t đ làm_gì,0
đã thành toán tiền ròii nhưng vẫn bị gọi cho gia_đình nhắc nợ,0
"ứng_dụng tốt và giúp_đỡ người tiêu_dùng kể_cả nợ xấu , vay tài_chính hay ví mức lãi 0 đồng và lãi xuất ok 5 sao",1
trả hàng hoàn hàng 2 lần vẫn không duyệt,0
gọi chăm_sóc khách_hàng cũng như_không,0
"Ai từng bị như này không : Thằng này cứ spam quảng_cáo lên mấy app , game và cả website nữa . Một ad cứ bảo đồ 0đ rồi đến lúc trả tiền , một ad dấu x giả để ép tải app , một ad mắc cả dài , lặp lại . Đã thế nhấn x rồi có lúc ép lên google play rồi quay lại mới cho chơi tiếp . Nhấn x rồi lại get get get app . Tôi bị shopee ép xem quảng_cáo nhiều nhất vào 2021 và 2022 . Chạm dấu x lệch 1 nanomet thôi cũng kéo lên chs play . Lúc ad không có x . Bảo cải_thiện app về quảng_cáo nhưng thực_ra cứ để đấy . Mất dậy",0
"ship thì tỏ thái_độ ra voii ng mua , chăm_sóc khách hài thì trl như cho có .",0
không biết giải_quyết khiếu_nại hàng nhái hàng giả trên mall như_thế_nào,0
"app rác làm mất thời_gian , bảo cho mã 80k người mới mà vào thì báo hết mã , mới có ngày 10 là hết mã đúng là lùa gà , xoá app qua tiktok ngon hơn",0
Khoá tài_khoản vô_cớ . AI quyét là khoá . Liên_hệ CSKH cũng như_không,0
Quá ok ! Tôi cho shopee 5 SAO,1
săn đc đơn rẻ xong huỷ đơn vs lý_do củ chuối r mất luôn vourcher 100k là sao v hả ? ? ?,0
"mua hàng người gởi thiếu hàng là shop , mà người chịu thiệt là người tiêu_dùng ,",0
"đa_dạng nhiều hàng , giao nhanh , hoàn_trả hàng dễ_dàng 👍👍👍",1
huỷ đơn k hoàn vocher,0
"Shopee lừa_bịp , quảng_cáo cho mã 80k người mới , vào thì hết mã đúng là lùa gà , tìm_tòi uy_tín hơn Mn ơi",0
shoppe cho e thêm voucher xịn đi,1
"Đơn hàng giao 1 tuần , không giao cho khách , cứ hứa hiện từ shopee",0
shipper rất chu_đáo luôn 😉,1
"hàng thì ghi tổng đơn hàng là 500đ mà gửi về bắt trả 60k là sao , hàng free ship",0
"ok , tốt",1
"giá rẻ , hàng chất_lượng tốt",1
"Tự huỷ đơn hàng khg hỏi người mua , gọi khiếu_nại thì bảo đặt lại khg liên_quan shoope là lỗi vận_chuyển khg đưa ra cách khắc_phục cho người mua , chỉ biết nói lời_văn cũ là khg giải_quyết",0
"đổi địa_chỉ shopee food không được , lại còn lag",0
Okela👍,1
"đây là app thích_hợp cho những_ai hay mua hàng trên mạng giống tui , app uy_tín lắm nha",1
mua hàng rẻ dễ_dàng,1
"bảo hoàn_trả hàng nhanh_chóng mà hoàn_trả hàng thì lại kh được , báo đang hoàn r mà 2ngày chưa thấy hoàn xong ?",0
"mua hàng rất dễ_dàng , giao_diện dễ hiểu , nhưng điểm trừ là giao hàng khá lâu , đặt phải từ 3-5 ngày mới nhận được . mong shoppe cải thiện tiến_độ giao hàng lại . còn lại đều ổn hết , đáng để mn mua_sắm online lắm",1
Đặt_hàng trong thành_phố Hồ_Chí_Minh mà 4 ngày rồi chưa giao tới,0
"app lỡ vãi , vào thì nó tự_động giảm âm_thanh nhỏ xuống",0
"Tôi vô_cùng tức_giận và đã xoá tài_khoản shoppee , mua đồ với giá đồ mới mắc hơn người khác , nhưng lại nhận phải hàng cũ luộc lại . Tôi đã thao_tác trả hàng , nhưng shop lại kiện ngược bảo làm hư rách thùng , shoppee đã ép tôi lấy lại hàng cũ này và tự_động trừ tiền của tôi trong spaylater , thật đáng sợ",0
"nói_chung là ok , chỉ có_điều mỗi shop cần ghi to rõ tên shop để khi gộp đơn ko nhầm sang shop khác tránh việc ship hàng thành nhiều lần tăng chi_phí vận_chuyển cho khách_hàng",1
Hệ_thống ship làm_ăn chậm_chạp đã vậy cái website để mà liên_hệ trực_tiếp vs bên cskh thì lại vô ko được XỨNG_ĐÁNG 1 *,0
"đào lửa hả , đume sai tên sai địa_chỉ mà vẫn giao ? ? ? bộ ko thấy chữ hả ? khuyên Mn ko nên tải app này",0
tuy một_số điểm chưa tốt nhưng vẫn đáp_ứng được nhu_cầu sử_dụng,1
shopee hoàn tiền trả hàng lâu quá . Shopee cải_thiện sẽ đánh_giá lại sau .,0
"Ứng_dụng uy_tín , nhiều ưu đã tốt , tôi rất hài_lòng =Đ",1
hàng chất_lượng_giáo hàng nhanh,1
rất nhiều voucher,1
nhanh đúng giờ,1
mik bị lừa là đơn hàng của shop trong khi k hề đặt_hàng giao hàng bắt mik trả 20k dù k lớn nhưng rất tức,0
tự_ý huỷ đơn hàng lỗi mạnh và tôi muốn khắc_phục,0
"shopee quảng_cáo lừa thôi mội người ơi , bảo tặng vocher người mới 80k , mà vào thì để mã đã hết chỉ còn 50k , trong khi giá đánh phí sàn cao_ngất ngưỡng vậy có giảm gì so với giá thật , toàn lùa gà thôi , qua tiktok đỡ mất thời_gian",0
mới đặt_hàng xong huỷ của tôi,0
"cho mã 25k như dùng thì bị khoá acc , mong shoppe coi lại khâu kiểm_tra acc của khách_hàng",0
"nó dám tự_ý huỷ đơn 0₫ của t , quá_đáng",0
"giao không đúng hẹn , lại còn tự huỷ đơn ? ? ? chịu luôn đấy bị mấy đơn r ! !",0
tiện_dụng ngồi nhà có_thể mua được bất_cứ đồ gì mà mình thích với giá phải_chăng,1
tự_ý trừ 119k tiền đăng_ký shopee vip trong khi tôi không đăng_ký và cũng không có nhu_cầu,0
1 ⭐ là Việt_Nam 5 ⭐ là trung_quốc,0
hay lag quá,1
t ghét qc ứng_dụng này v,0
"dùng đc nhưng đôi_khi vẫn bị lỗi , cần cải_thiện thêm",1
mua hàng dùng mã thì shopper tự huỷ đơn,0
rất thú_vị và rẻ hơn tíc tóc,1
Âm_Tin nhắn rất mất_dạy,1
t ko đặt nhưng nó hàng nó về t bị 2 lần rồi,0
tài_xế giao hàng tại khu_vực thường_xuyên chậm giao hàng mà không đổi tài_xế khác .,0
cái gì mà đặt không cho phải nhập thanh_toán nữa mà bấm vô không được,0
ship tự hoàn hàng về mà đã điện hỏi địa_chỉ,0
"thiệt chứ vô áp_dụng mã cho acc mới ( chưa đặt lần nào ) thì nó kiu ko đc do M 02 , D 02 thiệt chứ bên sàn đen thì nó đâu bị vậy đâu rcm mn tạo gmail đk ở sàn đen đc nhìu mã",0
mình rất thích mua sấm trên Shopee,1
trước giao hàng thường từ 2 đến 3 ngày h đợi cả tuần hàng vẫn chx đến,0
vào kh đc cứ bị văng ra,0
lâu_lâu đặt hơi bị đào lửa,1
đăng_ký shopee vip k được,0
giao thì giao cho đúng địa_chỉ mà giao ở đâu ko,0
shipper khu_vực Nguyễn_Đức_Thiệu_Dĩ An_Bình_Dương cố_tình giao hàng chậm và thái_độ,0
tự_ý huỷ đơn hàng của khách với lý_do không giao dc hàng trg khi kh thấy cuộc_gọi nào của ship . App rảnh lắm app ạ,0
giờ đặt được rồi,1
săn mãi ms đc đồ ở các ngày đặc_biệt nhưng lại bị huỷ 😡,0
thành_thật xin_lỗi shoppe 😔,1
ko dùng đc voucher,0
áp ok 😚 nhiều Dell hời tìm_kiếm đc nhiều nên cân_nhắc tải áp nhé 😊,1
lên mua mấy shop ui tín là ngon chứ đừng ham rẻ quá,1
mã voucher lần đầu thử dùng thì huỷ đone,0
qc lắm ?,0
tự_nhiên mất tài_khoản cũ chán,0
Mong Shopeeo bổ_sung Dark_Mode để thuận_tiện sử_dụng vào ban_đêm .,1
đôi_lúc mua phải hàng đểu,1
không hiện đồ để mua,0
mua hàng tiện_lợi giá hợp_lí giao hàng nhanh cs nhiều voucher + ưu_đãi hấp_dẫn nên tải nha !,1
bị huỷ đơn hàng ko lí_do,0
0 sao mới xứng_đáng,0
2026 rồi làm cái night mode giùm đi,0
khá tốt có_điều tao áp mã voucher ko được nên mắc vải trưởng,0
App tốt có nhiều mã giảm,1
Quảng_cáo qq đang xem phim,0
tôi thấy mua_sắm rất bình_thường chẳng có j khiến tôi khó_chịu hay j cả chỉ là giá lâu_lâu hơi cao nên 4 sao thôi ạ,1
đặt đơn sp food thường_xuyên k có tài_xế nhận . thời_gian hoàn tiền thì lâu . Quá dở,0
giao hàng lâu thì thôi đi còn tự_ý huỷ hàng tốn thời_gian tiền_bạc đúng là app rác phế thì thôi,0
tốt đất tốt,1
mua đồ ok,1
dao hàng lâu vãi,0
đặt xong đơn kh về đã báo là dc nhận đúng tuất,0
rất tốt và hàng rất chuẩn,1
"Đăng_ký ShopeeVip nhưng không cho lưu mã . Chặn user lưu mã ở banner , săn sale trên live không dc lưu mã . Quá_đáng !",0
giao nhanh đúng hẹn địa_điểm,1
nơi mua hàng uy_tín,1
tạo acc để đặt_hàng thấy toàn đơn 0đ vì là khách_hàng đầu_tiên nên đc giảm ai dè lúc đặt xg kiểm_tra lại thì nó tự huỷ năm_lần_bảy_lượt vẫn như_thế thôi xoá app bà đi cha rồi🤬😡,0
t vừa đặt xong thì bị huỷ chả hiểu kieu j,0
mua hàng mà cứ bị lỗi rất khó_chịu,0
chả hiểu s k đăng_nhập đc,0
"ko đặt mà cũng giao , ship be thì chửi khách",0
có rất nhiều thứ hữu_ích,1
rất đáng để thử,1
i love shop pi,1
Đơn hàng_không cập_nhật tình_hình từ 8th8 đến bây_giờ là 11th8 là ngày ước_tính giao hàng mà đơn hàng vẫn không biết như_thế_nào,0
ủa r sao mất tiu cái chỗ shopee voucher v . Tự_nhiên xuất_hiện 2 cái shopee pay xong mất luôn cho voucher . R sao ktra đc voucher,0
mình rất thích,1
hàng tốt giao hàng nhanh,1
đặt_hàng áp voucher r đặt r thế_mà chx đc 2p hàng tự huỷ ? ?,0
"Giao hàng nhanh , giá ship hợp_lý . Nếu cho khách xem hàng trước khi thanh_toán thì còn tuyệt_vời nữa vậy nên chỉ cho Shopee 4 sao thôi.các sản_phẩm cứ đăng lên thì một giá còn khi chốt đơn lại một giá khác , shopee điều_chỉnh lại vách bán hàng kiểu này ngay .",0
mua hàng trên shopee đỏi trả quá ok . làm theo cach shopee chỉ cách quy_định đỏi hàng . có nhiều shop bán hàng giả báo shopee là shop lấy hàng trả về cho e bán . càng_ngày_càng phát_triển mạnh nữa nha shopee,1
"bỏ 60p xem live và ko đổi lại đc j , mã giảm_giá thì ko dùng đc",0
"tự_nhiên huỷ đơn ? hình_như ngta áp mã giảm 60k là bọn m lỗ hay sao mà huỷ của t , giao_dịch bất_thường chỗ nào ? ? ? ? nghỉ làm đi là vừa",0
chịu đấy tự huỷ hàng của t luôn mà kh xó lý_do tệ,0
mua_sắm,1
tốt nhưng đắt và ít mã giảm_giá,1
"để giá bình_thường , bầm vô mua thì giá trên trời . làm mất thgian . qá tệ",0
"đã dùng 1 thời_gian dài , app khá tốt cho ng mua",1
Shopee rất tiện_lợi,1
"mua bình_thường cứ báo vì phạm dấu_hiệu bát thường , lâu_lâu mua cũng bị , chuyển qua titok hết 70 80% lun rồi , tài_khoản Vip cũng bị , nói_chung ngày_càng chán shopee",0
dùng cũng đc nhưng lúc_nào cũng làm ồn khi tao ngủ,1
Quảng_cáo lừa_đảo thời_gian 40s,0
"cũng tốt , tiện , lợi , ..",1
"nhiều lúc mua hàng trên shopee rõ_ràng là shipper không hề gọi ra lấy hàng nhưng trên app lại hiển_thị bản_thân từ_chối nhận hàng ? ? rồi là từ_chối chỗ nào , shipper có gọi điện ra để lấy hàng đâu.Đề nghị shopee cập_nhật thêm tính xem xem được thông_tin của shipper giống như tiktok shop trước_đây ! !",0
app quá vớ vẫn,0
"app hiện 1 mã giảm 10k cho đơn 0 k , mình dùng xong thì vài hôm sau có lại mã đó và mình dùng tiếp.Bây h ko còn mã nào nữa vì app cho rằng mình lạm_dụng mã ? ? ?",0
"tự_động huỷ đơn hoàn , còn tự trả hàng nữa",0
ủa cho voucher chi r đặt thì huỷ v ?,0
sài êm lắm,1
😘,1
mua hàng ở SHOPEE là ok luôn ! 100đ hàng ổn nhất,1
"Rất tuyệt , trả hàng dễ_dàng . Nhiều khả_năng lựa_chọn",1
tự_động huỷ đơn hàng,0
chỉnh lại số lượt đánh_giá đơn hàng vs cả tắt cái vừa vào là vào thẳng live đi bực lắm,0
"trải_nghiệm rất tốt , hiệu_quả và thuận_tiện",1
hay nha 10đ,1
Tôi không thích lắm không thích lắm đâu,1
giao hàng thì lâu hơn dự_kiến ns sau ngày 11/8 thì sẽ tặng voucher mà tìm k có,0
"có nhiều mặt_hàng , dễ mua tiện_lợi",1
hơi đắt,1
lỗi khi thêm tài_khoản ngân_hàng lỗi lên lỗi xuống,0
giao hàng thì lâu gọi nhân_viên thì xin mã đơn nhân_viên mà k biết mã đơn khách_hàng thì làm_chi nữa thông_tin tên với sđt shipper cũng k có lấy gì liên_hệ để hỏi,0
trải_nghiệm tiệt tốt,1
mik thấy shopee bán hàng rất chất_lượng mong shopee giảm_giá cho mình với ạ,1
"tốt hàng đẹp , giá rẻ tiện_lợi",1
mua hàng oke lắm ă,1
"ứng_dụng tốt , giao hàng nhanh",1
ưa đãi cực nhiều,1
game cứ bắt coi quảng_cáo shopee quài,0
hàng đến đúng giờ,1
muốn dùng tải khoản khác để mua mà tim mãi ko ra trên tìm_kiếm shopee hay ẩn mấy cái shop bán đồ tốt,0
app rất tốt 👍👍👍,1
phe,1
rất tiện_lợi giao Hàng nhanh_chóng đúng hẹn,1
"mẹ đang lướt tự_nhiên , app tự đặt_hàng xong tự huỷ mất voucher 80k luôn",0
rât vui,1
"cải thiệt shop bán , không tự_ý thay_đổi hàng khi chưa ib khách",1
Rất là Ok,1
xứ lí ngu,0
"chất_lượng hàng_hoá ổn , nhiều mã giảm_giá , lấy hàng và vận_chuyển nhanh , an_toàn",1
"sập lẹ đii , đi đâu cx thấy qc",0
mất dậy có mã giảm_giá mà ấn vào ấn chữ đặt ko dùng đc mọi người đừng tải,0
"Không cho khách_hàng xem và kiểm_tra hàng trước khi trả tiền là không phù_hợp , gây khó_khăn cho khách_hàng . Nhất_là mặt_hàng điện_tử , trang_phục ... Người ta mua để dùng chứ không phải mua để vứt bỏ vào sọt rác . Trả hàng , hoàn tiền tương_đối thuận_lợi . Xong , nên cho đồng kiểm trước khi nhận hàng thì hay hơn . app nên sửa_đổi cách thay_đổi thông_tin khách_hàng đi . tôi muốn đổi số điện_thoại mà trầy_trật mãi không đổi được .",1
"khi mới tải về cho các mã giảm_giá nhưng khi đặt_hàng và áp mấy mã đó thì lại bị huỷ hàng , đặt 4 đơn bị huỷ ht 4 đơn",0
"làm_ăn bát_nháo , đang còn mã để sử_dụng , vừa bấm đặt thì kêu ko đủ điều_kiện rồi mất hết mã trong kho luôn , KHÔNG CÒN 1 CÁI NÀO",0
"app mua hàng ổn_áp nhất từ trước đến giờ tôi từng dùng , nhiều mã giảm_giá",1
mong cho nhiều mã hơn,1
rất hiểu ích,1
tơt,1
nếu nhiều phí giảm_giá hơn thì tốt,1
"phiền , bớt hiện app hộ cái",0
ngon rer,1
dạo này bị huỷ đơn liên_tục . bất_kể đơn giá_trị nào,0
very goog,1
"shoppe bị gì ấy chã hiểu cứ để lỗi này lỗi kia , chịu shoppe ngu vc",0
đắt vl,0
okbest,1
luôn ủng_hộ shope,1
"trải_nghiệm kh tốt , ms mua hàng lần đầu thì đã bị huỷ hàng vs lí_do rất vô_lí , rất khó có thiện_cảm vs ứng_dụng này",0
Quảng_cáo 1phút cc,0
"mua 2 đơn xong đặt , chỉ có 1 đơn phí mất cái mã giảm_giá",0
"Mua_sắm rất tốt , sản_phẩm phong_phú đa_dạng !",1
App mã xong shop đ giao hàng tự huỷ đơn xong mất mã là sao nữa ? ?,0
rất hay giao nhanh nhiều đồ thú_vị,1
giao hàng thì lâu huỷ thì nhanh . không giải_quyết được vấn_đề gì hết . cskh kém xa tiktok shop,0
good 👍,1
"sử_dụng thuận_tiện , tiết_kiệm , nhanh , gọn",1
mua hàng 2 đơn mà cứ để ở kho xong đem trả về shop luôn,0
Lắm qc,0
qc nhiều,0
xứng_đáng 1 sao,0
dell thích,0
hay tất_cả đơn đơn đếu rẻ,1
ổn_áp dễ sử_dụng,1
bên vận_chuyển xúc_phạm vu_khống người nhận hàng,0
shope kiểm kĩ hàng trên shope vào,1
bớt quảng_cáo lại phiền,0
quên lợi khách_hàng nhứ sít,0
lúc kia có nhân_viên để hỗ_trợ h bày_đặt ko có muốn giải_quyết gì khó_khăn,0
Đặt hoả_tốc từ hôm_qua đến giờ chưa giao là sao nữa vậy tốn đóng tiền hoả_tốc chi,0
mua hàng khá ok trên shopee,1
"Mua mua cái lò , ở đó mà mua",0
hết xu sk sân_cỏ ko bồi thêm thì chả hiểu đổi thưởng làm_gì,0
"quá hạn giao nhg vẫn k giao . đơn về chỗ mình 8 đời r mà_lại mang lại ra Bắc_Ninh , chịu chết .",0
mọi người sáng tiktok mà mua không mất tiền ship đâu,0
thời_gian giao hàng lâu,0
tốt giao hàng nhanh chấm 10 điểm,1
"cho trả hàng trong vòng 15 ngày , nên nhiều lúc xài lỗi hoặc hàng giả mình có cơ_hội trả .",1
tốt nhưng cũng có rủi_ro đơn hàng,1
Ứng_dụng thì tốt nhưng quảng_cáo thì quá láo,0
qc lắm vl qc cả ở web sẽ,0
áp làm_ăn kì sdt vs địa_chỉ rõ_ràng áp mã giảm_giá vô mua r tự huỷ lấy lý_do giao_dịch bất_thường lần nào mua cũng vậy shop làm_ăn chán,0
"hàng chuẩn , giá hợp_lý , tin_cậy",1
mong có vocher xịn,1
shoppe ngu vãi mua hàng đang ngon tự nhiêu bị M02 ngu vãi,0
ko nên Sài áp này 😑,0
it mã quá,1
"rất khó_chịu đặt_hàng về để gói cho khách r tự huỷ đơn , rồi còn có vụ người mới có voucher nữa tôi là người mới xong mua hàng lại bj cấm rất khó_chịu vs dịch_vụ shoppe nếu ko sửa thì khách_hàng giảm thế thôi🫩✌️💔",0
"để giá 200k vô mua đá lên 350k , ảo giá",0
1 * vì lừa_đảo bảo là cái gì cũng có mà kiếm bom_nguyên_tử mà không có xứng_đáng 1 *,0
"không bảo_đảm an_toàn kĩ cho sđt và địa_chỉ nhà_khách hàng , lộ sđt và địa_chỉ , làm cho nhiều hành_vi lừa_đảo giao hàng xảy ra",0
quảng_cáo vô_duyên,0
good !,1
càng_ngày_càng kém . sàn để cho video ai quảng_cáo sai sự_thật . giao hàng thì chậm . toàn rác và lừa_đảo .,0
mua hàng ko được,0
"vòng quay free ship đến 4 túi rồi còn 1 túi nhất_định ko cho , 100% quay vào mặt mếu , vkl bị ko dưới 5 lần , xứng_đáng 1 * vì cơ_chế cài khó_chịu như_vậy",0
"ko cần tải cgi cx có cái chs , cx vui lắm á",1
tích _ cực ) hay nha,1
khá bt cx dc,1
toi khong thich,0
"đặt cứ bị huỷ , kêu là giao_dịch bất_thường !",0
đang mua đồ thì hết tiền,0
"xem live nhưng không có phần_thưởng ( xu ) , người khác có nhưng tôi lại không , tại_sao vậy ? ? ? ? ? rất tức_giận , và liên_tục bị huỷ đơn vô_lý , chả hiểu kiểu gì",0
đặt_hàng xg ko nhận đc hàng 2 lần luôn r bực_mình thực_sự rõ_ràng shipper cx ko có gọi cho mik mà nói là nhận đc hàng r,0
quảng_cáo rất khó_chịu khó ấn bỏ quảng_cáo lại còn làm giả nút bỏ quảng cáo.Quảng cáo ngu vcl tưởng người xem ngu à,0
phiền vl,0
mua đồ . Hoàng tiền lien kết tk ko đc đặc hàng . ship ko giao mà . để đã nhận hàng thiếu nại . ko đc . xoá luôn tk . ngta . tệ,0
"lâu_lâu cho cái voucher 10 k , 15 k , 20 k mua đồ nhỏ nhỏ cũng được",1
rất hài_lòng luôn,1
"app cho nhiều voucher , nhm lag vc😔",1
ok tiết_kiệm kha_khá khi mua hàng,1
rất ô_kê rất nhanh,1
quảng_cáo về nhiều bao_hoa xàm ra con phải bấm 2 lần nữa chứ nút bỏ_qua có chút_xíu xì si à chê không cần nói 🤬🤬🤬🤬,0
"tốt , mình mua đc nhiều món rẻ bất_ngờ",1
hơi đắt với cả nhiều phí ship,1
"shopee giải_quyết thắc_mắc cho khách_hàng khá tệ , mong là shopee cập_nhật tính_năng đổi hàng",0
"đặt những đơn ít tiền , bị shipper lấy ? ? ?",0
"bị lỗi giá , ngoài 0 đồng nhưng thực_chất không phải như_vậy",0
tích xu á mn có vòng quay freeship mn đừng qua bằng xu nha mình quay hết 500 xu nhưng toàn để mặt buồn thoi,0
"minh rat thich mua hang tren shopee nha , mong la shopee luon co nhieu chuong trinh uu đai cho nhieu mat hang , đe khach hang luon đong hanh cung shopee nha",1
t đặt_hàng to r giao về cái hàng bé tí,0
mua hàng shopee rất thích rất nhiều thứ để mua và lựa giao hàng nhanh giá lại rẻ,1
quay chục lần ko ra,0
"app voucher thì ko cho tự í đổi , khách đặt_hàng thì bảo ko đc ph nhập sdt trong khi nhập r 😇",0
Trải_nghiệm tốt vui_vẻ,1
dùng như l,0
nhìn_chung là tốt,1
good .,1
"săn sale giảm gần nửa giá thì thông_báo đơn hàng bị huỷ vì nghi giao_dịch bất_thường ? ? ? bất_thường chỗ nào vậy ? ? đơn đến trạm r nhx vẫn huỷ , mà trong khi đó t đang cần hàng gấp . hôm 8/8 cũng bị tình_trạng lỗi voucher , ko áp_dụng đc , và cũng ko khắc_phục luôn , có giải_quyết đc vấn_đề nhx ko tgian ngắn chắc đc mấy phút , săn đc món đồ cái xong huỷ",0
🥰🥰,1
lầm nào có quảng_cáo lq j đến shoppe k chạm vào mh nó cx cứ nhảy sag shoppe xog bị thoát game nhiều lần r chứ kphk 1 lần,0
Mua_sắm tạm ổn . Nhưng đơn nào mà dính phải shipper bên Giao Hàng Nhanh thì coi như bỏ,1
giao hàng lâu vai lol deo bằng 1 góc của tt,0
ảnh_hưởng quá tệ vừa tạo các mà thấy trái nghiệm không tốt có dấu_hiệu nói chứ theo tôi thì nên xoá app luôn nha anh_em phải cho shoppe sợ 1 lần thì mới biết sửa chứ không biết sợ là gì,0
đúng mẫu giao nhanh ok,1
"ở phần feetback nên có mục sắp_xếp theo ngày_tháng năm mới nhất , nhiều shop năm_ngoái giao hàng tốt , năm nay giao hàng khác mà ở phần bình_luận toàn thấy từ năm_ngoái năm_kia nên ng mua k đọc được bình_luận mới nhất . 2 . Phần mô_tả phải có bắt_buộc cm dài , rộng của món đồ 3 . mục chat trò_chuyện k có phần tự đánh_giá shop , t nt mà ng bán k thèm rep hoặc nói j đó nhưng k đến mức t phải báo_cáo , t chỉ muốn đánh_giá tệ thôi",1
"mua đồ toàn bị huỷ đơn , lũ suvat",0
nhanh và tiện_lợi,1
ứng_dụng rất nhiều sử_dụng rất tốt,1
Cá_nhân Tui mua hàng thấy mượt_mà lém ...,1
cái gì đâu mà có 1 đơn để đã đến khu_vực của bạn 3-4 lần,0
không tốt . Huỷ hàng lí_do rất hỏi chấm ?,0
mình tải Shopeepay và liên_kết với tài_khoản Shopee nhưng không được nhận xu .,0
shoppe cấu_kết bọn bán hàng lừa_đảo,0
mua rẻ được hơn so với cửa_hàng . mua cũng nhiều trên đây rồi . trước mua toàn trên Lazada giờ chuyển hẳn qua đây . giá rẻ hơn mặc_dù cùng 1 shop,1
shop nhiệt_tình đơn hàng giao đúng hạn shopee nhiều đơn_giá rẻ,1
quảng_cáo lắm lúc thoát quảng_cáo thì bấm trượt lại tự vào trang nên tui thấy phiền vcl ra,0
"làm_ăn vớ_va_vớ_vẩn , cho mã khách xài xong lại huỷ bảo giao_dịch bất_thường",0
quá tệ quy_trình hoàn tiền phức_tạp,0
đặt_hàng 7 ngày mới giao,0
"Quảng_cáo huy_hiệu luôn xuất_hiện trên màn_hình rất phản_cảm , gây khó_chịu cần chấm_dứt ngay . phải tôn_trọng người đọc .",0
very good,1
"giáo hàng nhanh đúng hẹn và tôi rất hài_lòng với quá_trình đặt vì có nhiều quá_trình kiểm_tra và đủ thời_gian để cân_nhắc lên mua hay ko , có_thể hạn_chế trẻ_em nghịch và lỡ tay_ấn đật . Các dịch_vụ rất tốt",1
Quảng_cáo,0
Giao hàng đúng hạn😊,1
đang chơi game thì quảng_cáo ko,0
"OK ,",1
đớp nhiều tiền_của tao,0
Trà hàng hoàn tiền không trả,0
xài tốt,1
ghét quảng_cáo shopee vãi,0
"liên_tục huỷ đơn hàng , ko chia_sẻ dc lý_do , cái sàn vớ_vẩn này nên dẹp , mất_công mất_sức KH",0
Đặt_hàng thì bị huỷ . Trong khi không có giao_dịch gì bất_thường tích _ cực ),0
"Có nhu_cầu mua hàng nhưng không áp được mã giảm_giá , hi_vọng có sàn khác tốt hơn shopee",0
khó mua đc hàng,0
xem quảng_cáo trong game ấn vào tắt quảng_cáo nó cứ bắt mình vào áp_điện quá aaaaaaa,0
giao hàng nch thái_độ,0
Toàn 0k thôi vui quá,1
"app nhiều shop mua_bán nhiều sản_phẩm không giống quảng_cáo , giao hàng chậm_trễ còn đổ thừa khách không nghe máy ( hẹn ngày khác ) . Điển_hình đơn_vị SPX express .",0
dag chơi game qc cl,0
Ghi sđt để xác_minh rồi còn bắt thay số,0
tuyệt_vời ! đừng tự huỷ đơn của em nữa ạ . em có bao h bùng hàng đâu mà huỷ khóc,1
Tôi không thích Shopee cho lắm vì Shopee khoá tài_khoản của tôi 1 cách vô_cớ mà không giải_thích lí do.Shopee ăn_cắp xu của tôi đã vất_vả kiếm được . Hãy trả lại xu cho tôi,0
"1 sao vì quá nhiều qcao trên các ứng_dụng nền_tảng khác 🙃🙃 "" RẤT PHIỀN """,0
vừa vô đã dc miễn_phí ship và cs vài món 0đồng mong cs thêm giảm_giá ạ,1
mình cảm_thấy shopee rất tốt và có_thể mua hàng với những voucher giảm_giá và có_thể mua được những đơn hàng từ xa_xôi tới,1
phần nhận xu khiến người khác khó_chịu cực_kì cái phần trung_tâm hỗ_trợ chẳng biết có hoạt_động ko nx chờ tới 15 phút rồi mà chỉ nhìn thấy màn_hình trắng và thanh màu đỏ trên đầu để thoát ra ngoài thôi,0
bị huỷ đơn liên_tục,0
"Tik thì shipper ko giao , nên qua đây luôn",1
tự_ý huỷ hết đơn của khách khi khách săn sale xong . thế đừng tung nữa nhé,0
ít voucher cho tôi,1
"quá chán , lúc trả hàng yêu_cầu quá nhiều lúc đưa bằng_chứng thì k cho trả hàng nữa , không bằng tik tok shop",0
thông_báo dõ nhiều m cứ lm như k cs ai mua hàng của m ý m bt là phiền lắm k một cái thông_báo tận mấy tn . mua hàng như bướm ý,0
điều_phối và quản_lý chưa cứng_rắn,0
múp,1
rất uy_tín nên sử_dụng,1
lắm QC dell chịu đc,0
mua hàng nhanh tiện_lợi .,1
spam quảng_cáo cc🥺,0
"k tốt , giao hàng k đúng mẫu",0
app rất tuyệt_vời,1
Tôi cảm_thấy không biết diễn_tả sao luôn rất ok,1
"Khách mới trải_nghiệm tặng voucher ảo , mua hàng bị huỷ ko sử_dụng đc",0
"không áp mã cũng kêu ưu_đãi chưa_thể áp_dụng , đhs",0
quảng_cáo ngu thiệt sự,0
"mã giảm_giá còn 0đ ko bào giờ giao . bị nhiều lần , đừng cho mã rồi ko giao",0
"Rất tiện cho mọi ngườ , i cần mua những món đồ mình cần .",1
"dịch_vụ ăn_uống hơi kém nhưng app nhiều ưu_đãi , chế_độ đãi_ngộ khách_hàng tốt",1
tối lắm luôn ấy,1
Cho khách_hàng voucher nhưng mua xong lại bị cấm,0
khá nhiều hàng 0đ,1
giao hàng rất chậm,0
"vớ_vẩn thật_sự , vào mua hàng thì vứt cho cái voucher tới lúc mua thì kh áp mã được t mua kh được thì tạo acc mới t mua chưa mua được gì thì bị D 02 : M 02 , quảng_cáo thì lố , mà đi đâu cũng thấy .",0
"Dùng ứng_dụng khác thì động tí cửa_sổ ứng_dụng shopee lại bị bật lên phiền chết đi đc , tắt thế_nào cũng ko hết",0
ko ghét app nhưng cực_kì ghét qc của app đã chờ lâu rồi còn lừa đủ kiểu,0
đạt aim manifest,1
giao_dịch bất_thường cái l,0
gặp đào lửa hoài,1
"chơi chiêu ra cái mua deal lần đầu không đọc kỹ mua xong không trả lại được bắt_buộc mua hàng không mua là mất , mua hàng cộng thêm ship cao",0
"app thì lag ( không phải lag do mạng ) , lỗi liên_tục . Hạn_chế nhiều .",0
"app thì lag , voucher thì bóp , ví spaylater lãi cao_ngất ngưỡng ai đang dùng thì nên dừng sử_dụng spay lại không thì mất tiền oan 1 đống lãi lấy không khác gì cắt_cổ , 1 sao là đáng qua dùng tiktok shop với lazada tối_ưu , voucher các thứ ngon hơn bọn này nhiều",0
"tiện , đồ rẻ",1
"Quá tệ , toàn tự_động huỷ đơn của khách",0
"app lừa_đảo , áp mã của Viettel mua thành đơn 0d thì huỷ đơn chiếm_đoạt mã của khách luôn , mua trả tiền k dùng mã thì giao",0
rất tuyệt .,1
"hay , rẻ , đẹp , độc lạ",1
"mã hời mua rẻ hơn mấy cái khác , shop tự huỷ đơn ko hoàn lại mã , qa ngày mới ko có mã , xoá tài_khoản mấy ngày liền ngày nào cx lỗi chán",0
dùng ổn_áp và ai cũng_nên tải để đặt mua hàng onl và săn nhiều mã giảm_giá hơn_nữa nghen,1
Mua_Đồ_Đã_Luôn,1
"có trải nhiệm rất tệ vs ứng_dụng , giao hàng luôn trễ hẹn , yêu_cầu xử_lí lên tổng thì toàn cho chat với AI",0
chưa đăng_nhập lần nào mà nhận dc mã giảm_giá thì k cho mua ?,0
"Shopee ngày_càng cho xu ít nha , giờ tham vcl , cho mỗi ngày đc 100 xu . Rồi sao tích đủ xu mà giảm tiền , ích_kỷ thế . Sợ người mua săn hàng rồi mình lỗ à .",0
"Shipper và hỗ_trợ khách_hàng làm_việc tắc_trách , hối đơn bao_nhiêu lần cuối_cùng vẫn giao muộn hơn 2 ngày , trong khi đó tôi lại cần món đồ đó có việc gấp , nhiều lần đều như 1 , làm_ơn xem_xét và chỉnh_sửa lại giùm🙏🙏🙏🙏🙏🙏",0
thành_viên vàng mà rất ít mã giảm_giá,0
tuỳ cảm_nhận mỗi ng,1
"Cần giải_quyết các đơn hàng đang ở bưu_cục BN A Mega_Soc nhanh_chóng , nhiều đơn hàng tồn_đọng tại đây rất nhiều ngày mà vẫn chưa chuyển đi đến bưu_cục giao_nhận hàng !",0
"1 SAO CHO Săn mã -80 k cả tuần , đến lúc đặt thì báo "" không thoả điều_kiện "" . Trong khi sản_phẩm để 0đ thì làm_sao đủ đơn 50k để áp voucher ? Lùa gà vãi . Bỏ thời_gian săn mã xong bịp . Không mua nữa . 1 sao .",0
QC nhiều quá,0
Một trang mua_sắm tuyệt_vời !,1
Lừa_đảo nhiều và shipper ko cho kiểm hàng nha,0
"đang ngồi lựa bình_xịt thì khoá tài_khoản , có bị khùng sảng ko ad",0
cái thứ vô_duyên sao mà_lại có cái app cho voucher giảm_giá vô_cùng nhiều xong rồi lại k cho áp mã vào các kiểu rồi lấy lý_do này lý_do nọ k biết nó như_thế_nào nữa Vô_cùng hụt_hẫng thất_vọng buồn_bã Lừa_đảo vô_cùng Nhiều chính_sách ngáo mà k tối_ưu được Nói_chung thua Tiktok_Lazada_Shein ngáo thật_sự shoppee ơi,0
tìm tài_xế quá lâu,0
"app làm_ăn kiểu gì giao chập 2 đơn của t rồi ấy ? ? cập_nhật tiến_độ có tâm tý đi , giao quá ngày dự_tính ảnh_hưởng thời_gian sử_dụng sản_phẩm của t mà cũng chẳng thấy voucher gì đâu dù t không cần",0
đèo mẹ đểu vl đặt_hàng thì lại bảo ưa đãi này không_thể áp_dụng cho tài_khoản là sao,0
"Shipper không giao hàng , nó hoàn kho tới_lui đủ 3 ngày rồi hoàn về lại cho shop . Coi shipper lộng_hành ko ? Hàng shop đóng_gói cũng mong bán được hàng , người mua cũng muốn nhận hàng mà shipper nó có giao đâu ? Gọi thì tổng_đài còn hỏi chị có số đt của shipper ko ? nó có gọi giao hàng đâu mà có số dt của nó ? Giải_quyết xoa_dịu khách_hàng là Shoppe đã xử_lý kỷ_luật shipper này mà rốt_cuộc mấy đơn hàng sau nó cũng có giao đâu , và bổn cũ soạn lại , nó hoàn hàng về shop . Vậy Shopee bao_che shipper ?",0
k dùng đc mã,0
xiu nhiều đồ,1
Không đủ sức so_găng thì đừng tung mã rồi huỷ đơn của khách .,0
hoàn tiền gì mấy ngày chưa có ?,0
"tự huỷ voucher của khách_hàng , trong khi đã đặt dc , app dơ v",0
10Đ,1
ngon quá ai làm.ny tội ko tặng 3ty va 2cay vàng,1
"gần như tất_cả vật_dụng điều có trên Shopee , hàng_hoá đa_phần đủ niềm tin về chất_lượng , giá bán phù_hợp thị_trường VN . giao hàng nhanh , huỷ đơn nhanh và minh_bạch , lắng_nghe phản_hồi chất_lượng hàng_hoá và chế_tài đối_với các đại_lý ... cho Shopee 5sao +",1
bắt xác_nhận đủ các kiểu đã có sdt ở địa_chỉ rồi vẫn còn xác_nhận thêm sdt đến khi cho sdt thì lại k gửi mã về k mua dc hàng mua hàng thôi mà như kiểu đi kí giấy nợ vậy,0
siuuu tốt,1
"rất tệ , trải_nghiệm",0
siêu tiện,1
đặt 10 mấy cái đơn hàng tự_ý huỷ giao của khách không giao,0
"hôm_qua săn sale 8.8 4 đơn sáng hôm sau thấy đơn hàng bị huỷ bởi shopee do cảm_thấy hành_vi giao_dịch bất_thường ? ? ? , cũng không nên tự_ý huỷ đơn của người khác chỉ vì cảm_thấy như v chứ ? ? , hết sale rồi lấy cái gì săn nữa ? ? , cần lời giải_thích từ shopee",0
Máy của tôi không lắp được simcó số điện_thoại mà trong khi đó có một cái bát người ta ghi là 0 đồng nhưng khi ấn vào lại 60 nghìn một cái,0
app hay dễ dùng,1
ước nó cho tôi 100 mã 100k,1
đợi đơn hàng này lâu vậy,1
Đi đâu cũng thấy quảng_cáo ( đang xem YouTube hoặc chơi game cũng thấy quảng_cáo của shopee ) . mong nhà phát_hành tem tém quảng_cáo lại một_tí . ( không có quảng_cáo luôn thì càng tốt ),0
"shopee là tốt nhất giá rẻ nhất so với tiki , tiktok , lazada , .. phí vận_chuyển ổn nhất rất mong shopee tặng 1 voucher giảm 25k vào tài_khoản shopee được đăng_nhập bằng gmail này nếu được thì rất cảm_ơn shopee",1
đói đến mức quảng_cáo cx giả nút này giả nút kia thế à,0
"Tài_khoản mới thì tùm_lum ưu_đãi , còn tài_khoản củ mua hàng trước giờ không biết bnhiu tiền rồi thì ngày_càng cắt ưu_đãi . Chả hiểu kiểu gì tích _ cực ?",0
tôi không cần giảm âm_lượng,0
"đóng hàng cẩn_thận . giao hàng nhanh nhanh , shipper thân_thiện vui_vẻ ,",1
sử lý vấn_đề chỉ theo 1 hướng không biết nghe người tiêu_dùng nói,0
không xử_lý đúng yêu_cầu của khách_hàng,0
bán thì ko bán còn hàng đặt choqf mọt công mà ko thấy hành thì ngta mua rẻ ràu shop tự huỷ .,0
tạm_biệt shoppee tôi gắn_bó với shoppee hơn 5 năm là khách_hàng thân_thiết hạng kim_cương hàng tháng điều chi_tiêu vài chục triệu mà hàng đổi trả trong ngày không được đổi trả . giá_trị có 1tr2 thôi đối_với tôi không là gì cả . mà tôi tức_là shoppee không bảo_vệ được người mua nếu shoppee kiếm được người mua hàng như tôi phải nói là rất khó tôi mua máy_lạnh xe_điện các thứ có giá_trị cao tôi điều tin_tưởng mua trên shoppee nhưng bây_giờ tôi hỏi thử MN còn ai dám mua trên shoppee nữa không,0
xoá . tài_khoản đăng_nhập ko được,0
okok,1
Ứng_dụng lag và văng rất nhiều,0
"shopee tiện_lợi , rẻ , đổi trả nhanh_chóng mọi người nên sài nha.Đánh giá của tôi là trải_nghiệm rồi mới đánh_giá thật 100 phần_trăm",1
"cũng ổn , mong rằng có tính_năng hiển_thị thông_tin shipper giao hàng để tiện trao_đổi khi shipper ko biết chỗ giao huỷ đơn",1
cũng được nhưng nhiều khi mua hàng không giống như trong quảng_cáo,1
hack vào account tôi và quảng_cáo khi tôi không mở mạng và những game không có quảng_cáo,0
Mình rất hài_lòng khi mua hàng trên shoppee,1
sử_dụng rất tiện . Nên tải,1
thường_xuyên mua hàng đủ thứ của shopee hài_lòng,1
"nhân_viên CSKH xử_lý vấn_đề hoàn_trả hàng ko rõ_ràng , khi bị truy_vấn thì tắt tính_năng chat .",0
"mẹ chả hiểu sao được 4,2 sao",0
"đang xem quảng_cáo shoppe lúc hết thời_gian nó tự sang trang shoppe , rất phiền , lâu_lâu còn bị văng cả game , yêu_cầu bỏ ngay kiểu đó đi",0
shoppe tính đớp 24k xu của t hả ? hoàn hàng nhưng không thấy hoàn xu là sao ?,0
toits,1
rất nhiều thứ thú_vị tiện_nghi nhanh trống,1
tự_ý huỷ đơn mà không thông_báo,0
tệ điên,0
App vớ_vẩn . Tăng hạn_mức vay easy cho tôi 1 đống . Đến lúc tôi cần vay 1 phần 10 hạn_mức đó thì lại từ_chối . Ngáo ngơ thật_sự . Ai_mượn tăng hạn_mức chi rồi không cho vay,0
quảng_cáo lâu như chó quảng_cáo ko lâu là cho năm sao rồi,0
ai_mượn shoppe huỷ đơn hàng của t chi,0
ok 👍 ! ứng_dụng rất tiện_lợi cho việc mua_sắm hàng_hoá,1
lm ăn kiểu j k bt thấy đơn rẻ là tự huỷ của ngta đi v thì cho vouch có ý_nghĩa mẹ j nx,0
khá tốt 👍,1
"ko dùng đc mã giảm_giá , vô phần tìm_hiểu thì chỉ cách vẫn ko dùng đc",0
"mua được hàng mà bấm vào đơn hàng thì nó tự huỷ . với_lại mua 4 đơn có hàng giờ lại ko có tự huỷ . xin shopee lưu_ý hoàn lại mấy đơn hàng này chứ ko là tui sẽ phốt nhé . còn nữa khi đã có tài_khoản mới , có mã mới đều có 80000 đ , mua hàng được mà khi đặt_hàng thì nó bảo mã này đã sử_dụng , vui_lòng lấy mã khác . tôi ko biết làm thế_nào luôn mà hiện_tại có nhiều mã , bấm vào mã nào thì nó cũng ko được xin shopee lưu_ý mở hết mã và các đơn hàng của tui từng đã bị huỷđúng là app shopee này lừa đảotk",0
quảng_cáo dài,0
iu lém cho mã giảm_giá khủng_bố lun,1
Hàng giao nhanh_chóng đúng như quảng_cáo OK rất hài_lòng ..,1
"còn nhiều mặt_hàng giao , shop bán hàng giao hàng sai nhưng shopee không giải_quyết",0
để 0đ miễn_phí ship mà bấm thanh_toán thì lại để mấy chục - mấy trăm là sao ? ? ?,0
rất có nhiều đồ mình cần,1
Đặt 6-7 ngày rồi vẫn chờ lấy hàng như tiktok hàng đến tay luôn rồi,0
Dung_túng cho shop các shop dù đã gởi phản_ánh nhưng ko trả_lời,0
đặt_hàng dùng voucher thì app tự_động huỷ 1 sao,0
tự_nhiên săn đồ đc 0k cái huỷ đơn của t ?,0
ưng nha,1
"cứ thông_báo hoài , ai_mượn ?",0
cho mã giảm_giá 20k đến lúc dùng để mua hàng thì khoá tài_khoản vĩnh_viễn đùa nhau à thế_thì cho làm mẹ gì,0
quảng_cáo bất_chấp,0
"cứ lúc t cs cái mã giảm_giá thì đ cho t dùng , đặt_hàng thì ko thấy giao , vào app khc thì quảng_cáo hoài",0
app lừa_đảo,0
App hay huỷ đơn không rõ lý_do và tổng_đài không giải_quyết được,0
tui không đặc được,1
cay mấy cái vụ mất voucher lắm rồi . App giờ tao lao vc,0
mẹ tao đang chơi game mà shopee cứ làm quảng_cáo tao chơi dell dc,0
mẹ m quảng_cáo j lắm thế phiền vl,0
em mua mà síp về thấy gói hàng bị dậm nác béc🙏🙏😡,0
shipper có tình_trạng nuốt hàng . tình_trạng đơn hàng thì cập_nhật giao hàng thành_công nhưng mik ko nhận đc cuộc_gọi nào . mình báo chưa nhận đc hàng mới vội_vàng giao trả nhưng vs thái_độ lồi_lõm . khiếu_nại lên shopee thì nhân_viên trả_lời cho có . trong vòng chưa đầy chục ngày lại gặp phải bạn shipper này . xưng luôn là ông nội mik . không biết shopee thành ông mình từ bao_giờ luôn . khiếu_nại lên app thì đã hiểu sự bức_xúc và để đấy,0
qua tốt nhất cho người xứ dụng dụng ngon,1
"quá kém , săn mãi mới đơn hàng đóng tiền rồi , shope tự huỷ đơn vs lý_do giao_dịch bất_thường",0
game giật lag cầu_thủ ngơ_ngơ chuyền tầm_bậy game rác,0
"ko tôn_trọng khách_hàng , mất đạy.đăng nhập thì cứ ui lỗi thấy bực mik t sẽ bốc phốt ko bao h sử_dụng nữa😡😡😡😡 . Phải cho t 1 lời giải_thích nếu ko thì đợi lãnh hậu_quả",0
"tật , hoàn_trả tiền ko đc",0
sip pơ quá ngang_ngược,0
người dùng không khiếu_nại được nhân_viên giao hàng . nhân_viên giao hàng tự huỷ đơn hàng cho quay đầu . không có mục đánh_giá nhân_viên . hệ_thống này không phát_triển được chỉ có đi lùi,0
Sản_phẩm gia,1
đặt_hàng giao nhanh,1
đơn đầu giảm được 80k xong bị huỷ không có lí_do ? ? ? ?,0
mua đơn đầu_tiên áp mã giảm tiền thì bị huỷ không lí_do ? ? ? ? ?,0
đc tốt,1
"giá sảm phẩm càng_ngày_càng đắt , giờ những ngày sale toàn kiểu ghi tiêu_đề giảm 1 nửa mà giá sau voucher chẳng khác gì ngày thường , nói_chung chán đợi đến những ngày mega sale giá áp tất_cả các mã vào mà giá chẳng khác gì này thường thậm_chí 1 số sản_phẩm còn đắt hơn ngày thường lại phải mò qua lazada với tiktok cứ ghi tiêu_đề sale giảm mạnh này kia nhưng cái người ta quan_tâm là cái giá nó vẫn đắt so với những sàn khác",0
đạt 3 đơn r tự huỷ ht k hiểu lm ăn kiểu j mất ht voucher,0
"đa_số bán hàng dỏm , săn sale thì toàn lừa_đảo , đơn hàng săn sale 1000 k-10000 k thì mua 10 đơn bị huỷ 10 đơn.mắc công_thức săn sale .",0
"Đa_dạng , dễ đặt , giao nhanh ... tất_cả đều ok",1
"Tiện_lợi , nhanh_chóng , uy_tín",1
ứng_dụng tự_động cho tiếng bé người tai điếc không nghe thấy,0
"Bọn mày có tắt mẹ nó cái mục live đi không ? Tao không có nhu_cầu xem mà cứ mỗi lần mở app là nó hiện lên , đang xem giỏ hàng cũng có tiếng léo_nhéo rất khó_chịu . Mỗi lần mở app tao cần về trang_chủ chứ không phải mục live .",0
trả hàng có nhiều shop dễ_dàng lại có nhiều shop trả hàng rất khó_khăn trong khi hàng quá sấu,1
khá niche,1
Mọi người đừng tải về . có chứa quảng_cáo .,0
vừa vô app là bị chuyển sang live,0
"xem quảng_cáo hiện lên đã ko muốn vô mà cứ bị đẩy vô shoppe phiền vãi , mãi 1 sao vô_thời_hạn tích _ cực",0
quảng_cáo gì nhiều vl,0
quảng_cáo gây ức_chế nha shoppe,1
tốt nhanh gọn tiện_lợi còn mấy cái đánh_giá phía dưới xàm,1
Đặt_hàng toàn lỗi . Khiếu_nại shop thì kêu do hệ_thống shopee . CSKH thì kêu liên_hệ shop . Chân_thành khuyên mọi người qua Tiktokshop_CSKH tốt hơn .,0
"app dùng vẫn ổn . vấn_đề ở đây là quảng_cáo của app rất là phiền luôn , còn ko đc đẹp nx , dù nhấn thoát nhưng vẫn sẽ chuyển trang trước rồi mới quay lại thoát đc . nchung là phiền và phèn",0
"Không hiểu sao , mãi có mã thì mua đồ thì bị khoá tài_khoản vì lý_do lạm_dụng mã vch , chương_trình giảm_giá ? ? ? sau đó khiếu_nại thì mãi chưa có thông_báo hay tin nhắn gì . Mong shopee giúp t mở lại tk , t đã đk form r . Cảm_ơn",0
cứ mã mo2 so2 mà ko cho người ta đặt_hàng trong khi vẫn làm theo yêu_cầu của shoppe và shop bán,0
8/8 sinh_nhật t mà shoppee k bt chúc Tồi,0
tôi ko đặt được đơn hàng rất là khó_chịu với shoppe này,0
tệ vch,0
shopee rất tốt mong phát triên thêm,1
tot lam,1
Đào lửa,0
mua vip k rõ có lén cắt mã không mà không hiện mã như những tài_khoản khác,0
"dùng tài_khoản mới mua đồ xong bị hệ_thống huỷ , ko hiểu lms",0
"rất bực dùng mã trong lần đầu mua mà tự_nhiên bị huỷ , công_sức săn coi như cho chó ăn",0
đuj me shopee cứ tưởng shopee giàu lắm😏😏,0
ko bt s tự_nhiên mik lưu mã giảm_giá trên livestream rồi và đủ đk hết r mà ko áp mã đc shoppe ngày_càng tệ,0
ngày đôi qc rầm_rộ mã VIP 50% mà có thấy back đâu,0
"ok , rất tốt ....",1
mình rất bực_mình vì mình đã thức cả đêm săn sale giờ mau thì cứ bắt xác_minh mật_khẩu rất phiênf mong shoppe xoá xác_minh mật_khẩu và từ nay mình sẽ xoá shoppe qua dùng temu,0
đợi hàng lâu,0
app l ko sd dc voucher,0
thấy shopee dùng tốt mà ta giảm_giá vv . rất tốt ưu_đãi nữa= ) ) ) thấy dùng khá tốt có_điều giao hàng hơi lâu xíu mà khá oke,1
Mãi mới có điện_thoại để đặt_hàng r mà_lại cần thêm một_số đt nữa,0
Mua hàng mà được SPX giao hàng thì hài_lòng . còn GHN thực_tế có nhanh đâu ? Giao hàng thì lâu bỏ sừ thế_mà cũng chọn đi giao . tôi mua hàng từng bị shiper giao hàng nhanh giao cho đồ không đúng tôi đặt . shop tôi đặt họ nói shiper làm mất chẳng biết họ nói thật không ?,0
giao đúng hẹn không sai sản_phẩm,1
đang coi phim mà cứ quảng_cáo mất lịch_sự thật,0
"Shopee vip có voucher 50% , tạo ra nhưng sợ người mua xài hay sao đó , mấy tháng trước vẫn back mã theo khung giờ , bây_giờ thì chẳng thấy đâu",0
"Shopee is one of the best apps for online shopping . I like the large selection , attractive deals , and easy-to-use interface . The app is fast , convenient , and makes shopping enjoyable .",1
"Thông_báo rác quá nhiều , làm_phiền !",0
"shipper giao hàng mà lấy hình_ảnh giao hàng đơn khác bỏ vô giao thành_công là sao ? ? ? làm_ăn ẩu vậy trong khi tôi nhờ người khác nhận giúp đâu có biết giao đúng đơn của mình hay không , rồi còn cái kiểu làm sai người ta đánh_giá xong cái tự_ý huỷ đơn khác của người ta đem hoàn đơn về shop nữa",0
"quảng_cáo lừa người , coi qc play mà bị lừa bấm vào nút thoát cho_nên tui rất tức_giận nên 1 ⭐",0
rất tốt nên tải làm_việc rất chuyên_nghiệp,1
má voucher bị lag ? ? ? ?,0
"ứng_dụng ngáo vl , t áp_dụng giảm_giá thì lúc sau hoặc sau 1 ngày nó cứ tự huỷ đơn hàng kèm theo mã giảm_giá ( cứ lấy cái lí_do cc là lừa_đảo và sợ ship ko đúng , mm nx thế_là t ko đặt đc đồ )",0
tôi thấy shopee hay mua đồ trên live rẻ vãi có 75.000 đ thôi,1
"đề_xuất toàn cái linh_tinh , lừa_đảo",0
quá tệ shopee food . giao quá lâu . chào,0
đang chơi game mà cứ thông_báo tao cho 1 sao luôn,0
tốt . tiện_lợi .. dễ tiếp_cận ❤🤝,1
"Shopee rất hữu_dụng , tôi luôn tin_tưởng và mua hàng trên Shopee .",1
ko dùng đc mã giảm_giá,0
nhiều sp giá rẻ ok . tuy_nhiên đợt này hơi nhiều lừa_đảo . shoppe nên lọc kĩ hơn . nên có mục cho đổi phương_thức thanh_toán linh_hoạt nữa là ok,1
"10/10/2019 : Rất tệ , khó sử_dụng , không nạp được tiền vào ví , quay ra lấy mã OTP để nhập , quay lại app tự out khỏi phần nhập OTP . 18/08/2023 : Update - Vô_cùng tệ khi giao hàng cực_kỳ chậm và đổ lỗi cho người dùng là Giao hàng_không thành_công vì không liên_lạc được với người mua . Trong khi đó không thấy cuộc_gọi nào cả ( nhiều lần chứ không phải 1 lần ) 08/08/2026 : Shopee vô_cùng khốn_nạn và tồi_tệ khi không lấy hàng để giao cho người mua . Nếu có - vô_cực sao thì xứng_đáng .",0
thoát khỏi ứng_dụng mà nó vẫn còn quảng_cáo,0
tuyệt_vời _ chất_lượng và giá_cả hợp_lý _ vận_chuyển nhanh,1
"lúc đầu ok nhưng lúc sau thì thấy giao hàng lâu , đợi giao lúc đầu chỉ 2-3 ngày nhưng dùng gần 1 năm lại giao tới 4-5 ngày lận nhưng cx đc",1
"dùng sđt của t tạo acc , do chx có máy nên tạo bằng bố tôi ms mua có đơn hàng dư 1 đóng voicher xong nó xoá hết.Ko hài_lòng xíu nào .",0
Quá phiền,0
"Mua_sắm rất dễ_dàng và trả hàng cũng nhanh_chóng , rất hài_lòng ứng_dụng nầy Cảm_ơn",1
Tài_khoản mua hàng bị huỷ đơn liên_tục . Chăm_sóc khách_hàng không giải_quyết vấn_đề .,0
dùng voucher đặt_hàng xong thì bị tự huỷ đơn mua đó mà mua lại thì mất voucher nên cho app 1 *,0
phục_vụ tốt,1
tôi đặt nhưng lại huỷ đơn làm mất voucher 80của tôi,0
đặt 2 đơn k đc đơn nào . 1 đơn nữa k đc thì cuk và 1 *,0
nêu rõ và quay video bằng_chứng đầy_đủ vẫn nói là ko đủ chứng_cứ 😡👎,0
sử_dụng đc nhưng vẫn k quá hoàn_hảo để đc 5 sao,1
tự_ý huỷ đơn của khách_hàng săn sale,0
tôi có mã 80k đặt xong shopee huỷ hàng của tôi,0
"Hôm_nay 8/8 săn sale , cho mã độc_quyền Facebook 100k , thêm áp xu vào thì giá_thành rẻ là đúng . Đây tụi bây huỷ đơn vì lý_do bất_thường , tụi bây ko muốn khách_hàng mua_sắm thì cho Voucher làm cái gì . Hỏi thì tụi bây trả_lời chung_chung .",0
app của vua,1
"app bị làm_sao đấy ? Mua cái ốp đt áp voucher vì được chính shoppee gợi_ý xong bị khoá tài_khoản . Nó là cái ốp đt thôi đấy , có phân_biệt đc lạm_dụng voucher với được đưa cho voucher để dùng ko thế ?",0
"ngày_càng cảm_giác bị móc_túi .... Giá ngày_càng cao hơn , giá thay_đổi theo ngày , ưu_đãi theo giờ , supper sales giờ gần giống ngày thường",0
nhiều hàng . Nhưng gần đây bên giao hàng thường bỏ giao và không thấy liên_hệ với khách . Đơn chuyển hoàn về cho shop trong khi khách vẫn chờ hàng,0
"giao hàng rất chậm , không đúng hẹn , chả uy_tín cả",0
"sau một thời_gian sử_dụng tôi thấy app và hệ_thống hoạt_động rất tốt và hàng được giao tới không tự huỷ đơn , nhưng gần đây "" CÓ_LẼ "" shoppe đã hoạt_động không tốt đối_với hàng của tôi , shipper không giao tới trạng_thái luôn trong giao hàng sau đó là tự huỷ hàng , tôi rất thất_vọng về điều này , nếu hàng chậm có_thể gọi điện cho tôi báo trước nhưng tôi không nhận được bất_kỳ cuộc_gọi nào đến từ shipper , sau 5 năm gắn_bó tôi hoàn_toàn thất_vọng và mất niềm tin với app và hệ_thống làm_việc",0
lừa_đảo . trả hàng không duyệt . làm_khó khách_hàng . bắt quay clip,0
trước xài thì ok bây_giờ tải lại đăng_nhập cũng khó_khăn haizz xoá app nhé,0
rất là tiện cho con mình mua đồ_chơi hay là đồ_ăn năm sao chúc shopee một ngày vui_vẻ nha🤗,1
tài_khoản bị khoá chỉ vì sử_dụng mã ưu_đãi mà shoppe cung_cấp sẵn . cung_cấp cho khách_hàng mà ko cho dùng thì cùng cấp làm mẹ gì ?,0
đt kh có npc thì kh ck đc à tháng rồi còn ck đc mà hnay vào lại thông_báo thẻ không hợp_lệ rất kh thích nhé,0
Ở VN ai cũng dùng Shopee nhỉ ? Khá mass 🦐,1
xuống ngày cứ shopee ko bt ồn hả,0
giờ còn 93 ngàn mấy trăm đồng không lấy được,1
"tôi rất rất thích app shopee , từ khi biết đến app này thì cảm_thấy mua_sắm rất tiện_lợi , nhiều mặt_hàng lựa_chọn , nhiều chương_trình khuyến_mãi , chương_trình nhận xu ... Hy_vọng app tiếp_tục phát_huy và ngày_càng phát_triển . tks .",1
"quá tuyệt_vời , mua gì cũng có",1
hàng đã mua mình rất ưng_ý,1
shoppe làm_ăn chán thật mua hàng gửi hàng hư mà lúc hoàn tiền ko báo j shipper tới lấy,0
ok 👌,1
rất thích nha .,1
"Tệ , người_thân bị khoá tài_khoản không rõ lí_do .",0
dcu như lon,0
quy_trình đổi trả hàng quá phức_tạp,0
3 đơn không thấy shipper giao cho đánh_giá 1 sao,0
"ap rất hay , nên dùng nha",0
quàng cáo ít thôi,0
"không cho thanh_toán COD , xin hỗ_trợ cũng không giải_quyết được vấn_đề",0
trải_nghiệm rất tốt,1
ngáo,0
"tiện_dụng , dễ dùng",1
bỏ shoppe thôi toàn bị delay giao hàng,0
ok ! tốt,1
Săn đc giả rẻ mua toàn bị huỷ do vi_phạm tiêu_chuẩn,0
Mắc cm gì cứ cố_định cái lựa_chọn tủ đựng hàng vậy ? App cập_nhật riếc thua cái qq họ nữa .,0
ứng_dụng Shopee này khách mua hàng trên dòng điện_thoại A56 5G không cho mua hàng mua thì báo lỗi M1 gọi điện lên tổng_đài Shopee hỏi thì nói là bảo_mật không nói được vậy là dòng đt này không sử_dụng được mua hàng Shopee mà mua hàng trên sàn khác như Lazada_Tik_Tok tiki Sendo v.v thì ok . mua chứ có phải đi ăn_cướp đâu mà cấm trên dòng đt này đâu.ứng dụng khốn_nạn thật,0
app nên đưa ra các cuộc duyệt các shop bán trên app không biết là có khoản cửa sau hay không mà toi mua hàng ở shop mall tin_tưởng k quay mở_hàng nhưng nhận về lại là hàng giả quay vào đánh_giá shop thì ở ngoài shop đánh_giá rất cao hơn 4 chấm vào phần đánh_giá mục ít sao thì thấy cái j của shop đó phản_ánh cũng là hàng giả mà sau 3 tháng vào lại shop vẫn tồn_tại mà vẫn mác shop mall nên app cần chấn_chỉnh lại việc đưa shop mall và các shop bị phản_ánh hàng giả cần kiểm_duyệt lại,0
Rất thích rất thích,1
voucher hay lỗi ko dùng dc,0
"tiện_lợi , nhanh ....",1
mua lần nào cx uy_tín,1
đắt vãi,0
tệ đặt_hàng mà bị m02 xong còn bị huỷ đơn hàng k lí_do,0
"Lúc không thêm địa_chỉ thì để mã giảm_giá ác mới , còn lúc nhập địa_chỉ rồi thì thư hồi lại mã giảm_giá xứng_đáng 1sao",0
Mua hàng mà cứ báo lỗi d02 m02 ko đặt đc tức tht sự cần chỉnh lại lỗi này,0
đăng ma vo mua không có,1
"31.07.26 . Trả hàng , bảo đơn_vị lấy hàng THHT đến lấy . Mà khách_hàng lại không biết THHT là đơn_vị vận_chuyển nào không ai biết . Vì_vậy phải mang đến tận kho để trả .",0
rất oke nên tải về,1
ng ta áp dc cái mã 20k cho đơn 0d mà cứ huỷ đơn của ngta hoài mà ních dùng lâu r ngâm ac mới có ấy chứ dm shopee lon 20k tưởng đâu 20tr,0
đổi địa_chỉ mặc_định mới vẫn chọn địa_chỉ cũ cho đơn,0
rất tot,1
"mua hàng áp voucher cho rẻ rồi giao cho cái áo như nùi giẻ yêu_cầu coi lại mấy cái shop hãm l đó dùm , tkn !",0
dùng rất ok,1
iu tổng_tài cam lè của em,1
nói giảm còn 0 đồng nhưng đặt_hàng lại là 67 nghìn đồng,0
hàng mua trên đây có những đơn mua đồ mới gửi đồ cu ko giống hình giống mẫu luôn đó bên shop làm gian hay bên van van chuyển_đổi đơn.muon được biết rõ.that vọng trên san shoppe nhiều,0
"Đã vip còn cho free cho nhão cái mã giảm_giá , đề_nghị shopee xem_lại , phân_biệt tụi ăn_bám với người chấp_nhận bỏ tiền mua VIP , YÊU_CẦU KHÔNG ĐƯỢC FREE GÓI VIP * Cập_nhật , đề_nghị bổ_sung đánh_giá vận_chuyển bên khác như GHN chứ j mà nó muốn bao_lâu giao mặc_kệ , nhằm đơn bố_láo cập_nhật sai , muốn cho 1 * mà ko có chỗ đánh_giá vận_chuyển , dính shop tội shop .",0
qua tuyệt_vời,1
"chịu , h đặt_hàng giá_trị cao_áp mã toàn bị huỷ , k bt nói_gì",0
"loại lừa_đảo trắng_trợn , gian_dối không gì hơn",0
okii,1
"Shopee ko bảo_vệ người dùng mua cái điện_thoại bị lỗi màn nặng viền trắng xung_quanh bị nút nguồn bấm ko ăn trả hàng thì shop nó khiếu_nại lai là màn đẹp nút nguồn ăn , nhân_viên shopee điện lại bảo mình mua hàng cũ phải chấp_nhận chịu tích _ cực , phải nhận lại hàng ngậm_ngùi cho bạn 1 sao vì không bảo_vệ mình nha",0
app dở tệ,0
"Dùng được , ổn .",1
"giá thì mắc hơn mấy sàn khác , dùng thì bực",0
quản cáo lon mẹ qcao lâu_lắc còn thêm cái xài adr qcao ip nuwg à,0
chịu săn dc đơn 0đ lại huỷ của ng ta,0
Mua hàng cứ bị lỗi ( M 02 / D 02 ),0
Tôi chỉ đặt 1 đơn nhưng phần hiện thị chờ lấy hàng lại để 2 đơn là sao ? ? ?,0
mua hàng ko vi_phạm mà cứ huỷ của người ta xong lí_do cứ ghi vi phạm😠,0
"mua đơn hàng đầu_tiên bị shoppe huỷ sau đó không hoàn lại voucher khách_hàng mới , hỏi thì không giải_quyết cụ_thể",0
tôi thấy trải_nghiệm ổn,1
Shopee làm_việc kiểu gì vậy ? Ngày 8.8 ko có nổi 1 mã giảm phí vận chuyển🙂,0
"ê nha voucher bị lỗi hay gì á , tài_khoản tui k sài được cái nào lun , bình_thường vẫn sử_dụng này kia được nhưng mấy nay là k thấy cái nào lun",0
"chất_lượng , deal hời",1
"giấy dùng rất OK , chúng_tôi chọn posy đã lâu năm",1
"quảng_cáo lâu , nói 1 lần biết rồi ở đó nói nhiều",0
tra tên sản_phẩm 1 kiểu ra kết_quả linh_tinh chả liên_quan gì đến tìm_kiếm,0
tốt đó nha,1
khôg giao hàng mà tự đi trả hàng,0
"đang chơi mà cứ hiện thông_báo làm mất mini game , tức vcl",0
Mua_sắm trên app này thì ổn chỉ có_điều mỗi lần mở load hơi lâu .,1
Ứng_dụng Shopee tồi_tệ tôi tìm mua hàng cả đêm 2 3 ngày kiện hàng đã huỷ quá tòi tệ nhất Việt Nam.không gửi hàng cho tôi thì Shopee dừng lại đi,1
áp mã ko cho thì đừng hiển_thị,0
trên ứng_dụng có shop bán hàng lừa_đảo mua hàng size to nó giao size nhỏ liên_hệ với nó nó dạ dạ cho_qua còn app thì chính_sách đổi trả quá khó_khăn không như tiktok tuy không được kiểm_tra hàng trước nhưng đổi trả trong 5 phút là xong .... tôi xoá_bỏ app shoppee trước_đây mua_sắm trên shoppee chỉ mang đến cái cục tức và bực_mình,0
"shopee rất hữu_ích , tôi rất hài_lòng với shopee",1
quản cáo quá nhiều,0
"mua hàng trên shoppe nhanh , tiện_lợi , nhìu voucher",1
"giao hàng nhanh đúng hẹn , sản_phẩm ổn theo giá thị_trường .",1
rất phiền,0
má đang chơi tự_nhiên nhảy vô shoppe hoài,0
Áp quá tệ . Đơn hàng đặt bình thuờg lại huỷ vì hành_vi bất_thường . Thế_nào là bất_thường . Quá tệ .,0
đang chx thì cứ shopee thông_báo mẹ m,0
cho mã giảm_giá . canh đã_đời đặt xog báo huỷ vì hành_vi bất_thường . Sao lại là bất_thường ? tệ quá tệ . Thua_Lazada,0
quảng_cáo bẩn,0
"spam , bị gắn kèm linh sex quá nhiều xem sex cũng bị gắn spam link shoppe 😐",0
"trải_nghiệm dùng kh tệ . nhưng quảng_cáo quá tệ , hết dùng AI làm_sao lệch thông_tin sản_phẩm giờ còn quét nữa",0
"shopee làm_ăn ko đứng_đắn , mua hàng mà ko hoàn được hàng",0
quảng_cáo app rất phiền,0
"voucher ko sd được , văng lên văng xuống , dịch_vụ tệ vậy_mà qc người mới dc mã mà có áp được đâu toàn lý_do không đủ dkien , lỗi xác_thực số điện_thoại rồi thì ko mua được hàng báo lỗi bh sd tk khác nhập sdt thì bị kẹt lại tk cũ k bỏ ra được",0
huhu thích shopee lắm nhưng chxbh đc lm con cưng huhu . mnf tôi đã săn đc mã 50% shopee 888k,1
qc tràn_lan,0
"gọi tao mà nổ cái mã nhanh lên thằng ngu , mới xác_minh xong reset bắt xác_minh lại ?",0
không dùng dc bất_cứ voucher nào kể_cả freeship,0
"dùng thì chán , quảng_cáo thì lắm nào thì là sale 6/6,7/7,8/8 mẹ toàn lùa gà chả bằng cái tik tok shop nữa , bắt người ta lưu voucher canh giờ các thứ nhưng lúc áp voucher vô thì lại báo hết voucher trong khi đúng giờ k sai 1 giây , dù là có_thể là hết thật thì cũng chả hiểu bọn này làm_ăn kiểu gì mà quảng_cáo thì lố voucher thì ít , chán lắm nói_chung ko nên dùng",0
tự_nhiên huỷ đơn ?,0
"Cực_kì tệ_hại . Biết_bao ứng_dụng khác vẫn dùng bình_thường , đến Shoppe thì lại lag . Suốt ngày tự_ý mở ứng_dụng , vừa bật máy lên là màn_hình hiện đang trong ứng_dụng , quá_đáng hơn là đang xem ứng_dụng khác thì bỗng màn_hình đứng rồi tự_ý mở Shoppe lên . Bản_thân ứng_dụng thì cứ tệ_hại lag thường_xuyên lại còn tự_ý truy_cập . Muôn_đời không bao_giờ tốt lên được",0
"Chất_lượng tính_năng của ứng_dụng tốt , đáng 5 sao . Hình_thức chạy quảng_cáo 1 sao , quảng_cáo Shopee xuất_hiện liên_tục , dùng nút X giả để bẫy chuyển_tiếp và chặn cả nút báo_cáo ( ! ) .",0
"QC láo xứng_đáng 1 sao , hở cái qc tự mở app là ghét r . Bản_thân qc còn làm cái nút thoát lừa người dùng nhấn nữa",0
tự_động tăng thời_gian giao hàng,0
như lon t áp mã cho ng mới mà tự_nhiên nó huỷ đơn của t r nói cgi mà giao_dịch kh hợp_lệ huỷ cụ đơn của t nchug là như lonz,0
Nên cải_thiện ( nói vậy thì tự bt ),0
k giải_quyết đc vấn_đề của t nhắn CSKH thì lòng_vòng,0
Game sếp gạch không muốn cho người cho thắng,0
"tôi dùng tài_khoản mới nhưng lại ko cho mua hàng là sao , shopee bị gì ý 😡",0
nhưng nhớ sửa lỗi,1
"sân_chơi của bạn luật_chơi của bạn , huỷ đơn của người đặt , t không sử_dụng iPhone nên đừng có quảng_cáo iPhone cho t , có được không",0
"rất khó_chịu , không được nhận xu từ live tình_trạng này đã kéo_dài hơn 1 tháng rồi",0
tốt tốt tốt tốt ok ok ok ok ok,1
đặt đơn ghi 10h giao mà 9h30 đã giao r kh về kịp tan hết nước 😔,0
tệ đăng_nhập các tài_khoản khác rồi nhưng vẫn bị lỗi k dùng đc voucher,0
app như lol . Suốt ngày treo,0
"từ mấy tháng nay ms để_ý nhận xu live cứ bị mất xu cứ 1 lần về 1 lần mất là s thế hả app ? ? ? k cho thì_thôi , ngta nhận đc r còn k về là s hả trời",0
xem live nhận xu mà coi xong không thấy xu trong ví gì cả ? ? ?,0
nói_chung cũng cũng,1
dùng ok,1
nên tải shopee,1
quá tuyệt_vời ln,1
chơi mà lái,0
quản cáo lâu như CHÓ ! ! ! ! ! !,0
"mua hàng điện_tử trên sàn bị lỗi , hoàn tiền thì sàn kêu đem ra cửa_hàng ngoài thẩm_định 🤣🤣 trong khi sản_phẩm là mua trên sàn , sàn không tự thẩm_định . đúng hài_hước . 🤣 .",0
ko hỗ_trợ cho khách trả hàng . quá tệ,0
săn sell thui,1
"tiện_lợi , nhanh_chóng , rễ ràng , minh_bạch",1
"Làm_ăn thất trách , hoàn hàng không hỗ trợ.Bắt ép người ta lấy hàng hông ưng như đồ dẻ.Để rồi khách_hàng vừa bực_mình vừa_phải gánh chịu.Tôi mà không mua đồ giùm người ta thì đừng hồng tôi mua ở đây.Đợi bác tôi về Mỹ tôi xoá app.Good bye luôn á . Làm_ăn .... Đáng_ra không được 1 sao nào",0
nhiều khi tôi mua đc rất nhiều đơn 0₫,1
"Dịch_vụ chăm_sóc khách_hàng rất tệ . Việc trả_lời khiếu_nại một_cách công_nghiệp , văn mẫu và không xử_lý triệt_để cho khách_hàng",0
huỷ đơn mà ko đc hoàn vouchour,0
tôi chỉ . tải về để xem đảo hoa_hậu hoiiii,1
"đồ thì đẹp mà sao mỗi lần xem quảng_cáo cứ tự_ý nhảy trang hoài thế , đợi lúc người ta rảnh muốn vào lúc_nào thì vào lúc_nào thì vào chứ shopee như đang điều khuyển khách_hàng vậy",0
"làm game rác , khó chơi , block black khó chơi , mọi game đều khó chơi",0
t săn đc đơn 0đ luôn á bây ơi app tốt lứm tải dề đii💩,1
"tốt , giá_cả chăng ,",1
thích nhưng phải có nhiều đồ 0₫ mới thích,1
ứng_dụng này tuyệt_vời hơn mong_đợi mong sống bền lâu trường_tồn cùng thời_gian nhé,1
ngt mua đồ ok hay 2-3 thì để hạn_chế k cho mua nói sử_dụng cái gây hại đến shopping,0
nhiều mặc hàng đa_dạng,1
"đặt_hàng mà cứ bị shoope tự huỷ , ngu à",0
"tạo tk mới cho mã giảm_giá 80 k , sau khi đặt thì shoppe tự phép huỷ hàng vì lí_do giao_dịch bất_thường ? ? ? , thế tặng mã giảm_giá làm gì ? ? ?",0
Mua đồ,1
"giao thì siêu lâu , shipper bên này thif chả ra gì , sàn này vứt",0
ứng_dụng thì ok đấy mà phần qc có khắp mọi nơi khó_chịu vl,0
"t là ng mới , có voucher giảm 80k nhưng khi t đặt lại huỷ đơn của t và bảo là có hành_vi giao_dịch bất_thường ? ? ? kph 1 lần mà 2 lần rồi nhé , chả hiểu sao luôn í ? khó_chịu vcl",0
Mua hàng hoả_tốc giao nhanh_chóng,1
bị họ lấy thông_tin và đơn hàng không phải của mình mà bắt nhận,0
"dễ dùng , bắt_mắt , không quá logic , như các sàn khác",1
Shopee muốn trở_thành bá_chủ tại Việt_Nam nên rất lộng_quyền và xem_thường người tiêu_dùng,0
"Nhiều hàng , dễ mua .",1
ok ko gì để nói,1
tôi muốn để âm sao,0
hàng thì fake bấm trả thì cứ huỷ khiếu_nại hàng quốc_tế thì lại hạn_chế trả hàng t lạy 🙏🙏 bay đống tiền,0
số điện_thoại chính chủ tạo tài_khoản thì yêu_cầu xác_minh . xác_minh thì có tài_khoản người khác tạo rồi . khôi_phục thì yêu cấu xác_minh thêm email . email của người ta sao mà biết để xác_minh ? ? ? . làm bảo mât nguuuuuuu,0
mua hàng xong không hỗ_trợ khách . kiểu lừa_đảo,0
"shoppe có những ưu_đãi tốt cho người dùng , hỗ_trợ ng mua tốt",1
nó lag kinh_khủng má ơi,0
"sử_dụng mã giãm giá mua hàng được 1 món rẽ , ai dè nhân_viên giao hàng chưa liên_hệ vs giao hàng nhưng trên ap đã ghi_nhận đã giao , khiếu_nại thì đưa hình_ảnh chụp tại nhà ai lạ_hoắc hazz , a_giao hàng ?",0
Mua hàng này kia ổn . Nhưng rất ghét tình_trạng xử_lý đơn hàng bị thiếu thì phải bỏ phí ship các thứ . Rồi khi mua hàng săn sale một voucher giới_hạn trên sàn không phải thứ “ thích thì săn lại lúc_nào cũng được ” đã khó rồi mà shop bị gì thì yêu_cầu người dùng huỷ mất cã voucher mất_trắng luôn mà ko thể đánh_giá shop đó hay gì cã . Mong ah shoppe hãy vì quyền_lợi người tiêu_dùng mà nâng cao giá_trị trãi nghiệm giùm em ạ .,0
tài_khoản bị mất,0
Một_số shop làm thiếu trách nhiệm.Một số hàng kém chất lượng.Cần có phương_án quản_lý chặt_chẽ và kịp_thời hơn ....,1
ít mã giảm,1
10 đ vì shoppe,1
"shopee 8,8 chuẩn",1
có nhiều đồ_vật rất rẻ và có vài trò_chơi trong đó,1
"đặt gần về đến_nơi r lại huỷ , hoàn về ng bán",0
Tự_ý huỷ đơn hàng của người dùng,0
"hầu_như có tất_cả mọi thứ , rất tiện_lợi",1
"dùng được , uy_tín",1
rẻ toàn mấy đơn 0đ,1
Hy_vọng shopee và shopee food có_thể thêm thanh_toán bằng ví điện_tử như Zalopay ạ,1
giá ship hợp_lý,1
dat chen giao tô giao hhang noi chuyện thô_lỗ tao cho 0 sao luon,0
sao tôi đặc hàng đưa tiền_mặt ko đc vậy shop mong shop khắc_phục lỗi,0
shoppee khong xử_lý dc shipper tự huỷ không giao hàng,1
"nhiều ưu_đãi , tốt",1
"Mới mua nó giảm_giá rất nhiều nha , mình mới vừa mua áo mà chỉ với 39k . Iuu shopee .",1
"cho mã để ng nội_bộ hoặc ng nhà pee dùng ko , khách ko bao h dùng đc mấy mã ngon bịp_bợm",0
toàn hàng dởm đã qua sử_dụng hoàn hàng thì ko gửi đc lỗi lỗi app như l,0
"Trời_ơi làm_ơn bỏ ngây cái tính_năng quảng_cáo ấn nút "" x "" rồi còn nhẩy thẳng qua ứng_dụng dùm một cái , chúng_tôi muốn vô ứng_dụng thì vô chứ mắc cái mớ gì cứ bắt chúng_tôi ấn cái rồi chuyển thẳng sang ứng_dụng",0
tích _ cực ) shopee ok lắm nhé,1
"Chính_sách không chuẩn_mực , đơn hàng giá_trị cao không được đồng kiểm thì cũng ok thôi . Nhưng không cho trả hàng thì khác_nào ép người tiêu_dùng phải mua và phải chịu trách_nhiệm sau khi đồng_ý bỏ 1 khoản tiền ra đánh_cược vào việc nhận hàng",0
ung ý,1
"app đụt k hoàn hàng đc , cứ để sdt nào ý",0
tốt giao đúng hẹn,1
rất thông_minh,1
"app kiểu gì vậy , tại_sao tôi không dùng được voucher trong khi người khác dùng được ? ? thử lại rất nhiều lần nhưng vẫn báo như_vậy , tức thật_sự luôn ấy ?",0
"nhiều voucher giảm_giá , miễn_phí vận_chuyển , toàn hàng 0-10 k siêu rẻ ♥️♥️♥️♥️♥️ iu shoppee",1
giao hàng ngày_càng lâu xưa từ tp HCM tới An_Giang đặt lúc sáng hôm trước thì trưa hôm sau đã giao r h đặt gần cả tuần chưa giao,0
người mới được voucher 60-80 k nh khi dùng lại tự í huỷ đơn còn bị đánh vi_phạm 1 sao còn kh đáng,0
? ? ? ? ? ? ? qc nhu cuc,0
quảng_cáo lag cả máy 🤬😡,0
"shipper có thái_độ dao rất tệ , voucher và mã giảm_giá rất ít , nói_chung 1 sao",0
shoppe quá tuyệt_vời,1
"phong_phú , đa_dạng , tiện_dụng nhưng đôi_khi cũng phải cẩn_thận khi mua hàng tránh bị mua phải hàng kém chất_lượng , hàng giả bởi những kẻ lừa_đảo",1
mới làm dc nick mới khó lắm mới dc giảm 100k mà shoppe cũng tự huỷ là sao tôi đã bom hàng bgio đâu chán ghê ấy,0
như căk đặt_hàng cứ bị huỷ,0
làm gì cũng chậm,0
hòi đã mạnh r còn gì,0
Mua_bán ok nhưng team hỗ_trợ vấn_đề xử_lý máy_móc như AI,0
mong shopee sửa lại việt thông_báo trên đt vì làm_vậy gây khó chiệu hoặc đang làm_việc quan_trọng thì lờ bắm nhằm vào thông_báo khiến mất đi việc đang làm tui mong bạn sữa,0
"Bỏ cái kiểu vừa vào app đã nhảy ngay sang live với video đi nhé , trải_nghiệm bực_mình lắm ! Với_lại tự_nhiên bây_giờ điện_thoại mình đang để im nó rất hay tự bật app Shopee lên , rất là phiền và khó_chịu , chả hiểu cái app này làm gì với điện_thoại người dùng nữa !",0
"siêu sale nhưng đẩy giá gốc gấp đôi ngày thường , đồ thì toàn đồ tàu = ) ) ) )",0
Dịch_vụ rất tốt,1
"Bên vận_chuyển hãy xem_lại mình , đơn đặt của người ta mà lấy lí_do mưa quá cái tự huỷ đơn hàng",0
Khá chuyên_nghiệp,1
toàn bị M02 acc mới cx M02 nếu 1 mã del nói đây tất_cả các mã đều bị thế del đứa nào chịu đc,0
đặt_hàng thi ko giao nói_chung là ko nên tải,0
đặt đơn mà k giao,0
tại_sao tôi không_thể chọn phương_thức thanh_toán khi nhận hàng vậy ? app bị lỗi à ?,1
cần đặt_hàng app mã giảm_giá vô mà đặt ko đổi nhiều tài_khoản cũng đc,0
"App lừa_đảo người dùng , shipper nhiều lần trộm đơn hàng , phản_ánh lên shopee , shopee không thèm giải_quyết , làm_ăn vô_trách_nhiệm",0
"quảng_cáo shoppe tràn_lan , dùng app j cx thấy QC shopee , bớt qc dùm",0
cái gắp thú săn xu bịp,0
ứng_dụng này rất tiện_ích,1
"ứng_dụng dùng tốt , quảng_cáo mang tính_chất dối_trá , tự_động chuyển trang , nút bỏ_qua qc giả , sợi tóc giả ... có cần_thiết đến vậy không ?",0
"ủa ê sử_dụng voucher cho ng mới cái bị khoá ạc , lên Tik thấy ngta nói né voucher cho ng mới ra , ủa vậy tôi hỏi thật Shoppe này Shoppe tạo mã voucher làm gì mà không cho ngta sử_dụng ? tạo mã voucher cho đã ngta sử_dụng thì lại khoá ạc ? chán thật_sự luôn ấy .",0
"Quy_định lắt_léo để lừa người dùng , shipper thì vô_trách_nhiệm tự_động huỷ đơn của khách khi chưa có sự đồng_ý .",0
tự huỷ đơn hàng vô_lí do,0
"Tiện_ích , tiện_lợi , an_toàn , giá_cả tốt khi hỗ_trợ vouchers có giá_trị , free ship nữa chứ , hài_lòng 🤪 , mong sẽ săn nhiều hàng giá tốt hơn 👌🤩",1
"gọi chăm_sóc khách_hàng không được , vấn_đề không được giải_quyết , đơn hàng hoàn ship không tới lấy , trải_nghiệm cực_kỳ không tốt sau 4 năm sử_dụng",0
oce la,1
hàng 0đ ít khi nhân_viên giao,0
cập_nhật thời_gian ngày 06/08/2026 shoppe xử_lý hoàn tiền chậm . shoppe đã khoá tài_khoản bên bán mà trả_lời là đợi bên bán thao_tác xác_nhận nên lâu ? ? ?,0
làm_ơn bỏ mấy cái thuật_toán lựa khách_hàng dùm cái lọc hết cái này tới cái khác cập_nhật xong delay tùm_lum chả săn được gì,0
"rất tiện_dụng , có_thể tìm mua rất nhiều loại sp với giá_thành rẻ mà ko cần phải ra cửa_hàng tìm mua , giao hàng tận nơi với chi_phí thấp",1
đang đặt đơn thành_công rồi vào phần chờ xác_nhận lại thấy bị shoppee tự huỷ đơn của t mất vé 0đ cũng khg hoàn vé lại cho t,0
mình đặt_hàng mà tiền ít là nó tự huỷ mà tiền nhiều là nó không có huỷ những món đồ mà mình thức khuya là nó tự_động huỷ vậy mấy bạn thấy hay sao đúng không,0
ê đặt_hàng bth tn cái bị khoá ạc má ? là sao nữa vậy shoppe ? làm_ăn kiểu gì vậy ? hỏi thật ?,0
"app mua hàng mà bắt nhập cả đống thông_tin k liên_quan , chịu",0
tại_sao lạo tự_ý huỷ đơn hàng của tôi với lý_do vô_lý,0
shoppe không bảo_vệ người tiêu_dùng,0
Lagggg,0
"Shopee ngày_càng coi_thường khách_hàng . Những đơn hàng shopee xử_lý gói rất cẩu_thả , cũng không tiếp_nhận báo_cáo của khách_hàng . Mình đã cảnh_báo trước ở mục liên_hệ là trời mưa , các đơn gần đây của mình đặt khi nhận về vị ướt , ẩm . Nhưng shopee không giải_quyết . Vẫn tiếp_tục bị ướt . Lạm_dụng AI , thiếu sự quản_lý hiệu_quả . Mình áp mã và thuosngf thanh_toán trước , ghi đơn 0₫ không có nghĩa là mình đi xin_xỏ gì ai , trả sòng_phẳng trước đấy rồi và đổi lại là các đơn hàng ướt . Tệ !",0
áo đẹp,1
Shopee sắp_xếp công_việc giao hàng rất khoa_học .,1
great 很喜欢,1
"ko cho tôi đặt_hàng , shoppy bị gì vậy",0
đặt_hàng giao o đúng,0
hàng đa_số kém chất_lượng hoàn tiền thì ko sài được khó_khăn loàng ngoàng,0
cũng được mà đang chơi game quảng_cáo shope nhảy lên cái bị văng game lun,1
mình không_thể liên_kết tài_khoản ngân_hàng với shoppe để rút_tiền từ số_dư shoppe nên cảm_thấy trải_nghiệm không được tốt và giờ mình vẫn chưa rút được nếu shoppe đọc được có_thể đưa ra giải_pháp được không ạ,1
lắm quảng_cáo rất phiền,0
trải_nghiệm tệ vô_cùng,0
cái app lol đổi địa_chỉ bấm xác_nhận nó vẩn giao ở đỉa chỉ củ,0
Ứng_dụng có_thể giảm độ sáng màn_hình và âm_lượng của điện_thoại mặc_dù người dùng không cấp phép bất_cứ quyền ứng_dụng nào .,0
ok nhé,1
săn có nhiều đơn 0 đồng,1
tôi có thích hay mua đồ không mất thời_gian,1
cứ bắt xác_minh sdt xong mình xác_minh thì bảo lỗi,0
thích hơn cả siêu_thị . quá tiện_dụng . shopee có đủ mọi loại mặt_hàng cho tất_cả người dùng cần . rầt cảm_ơn nhà_phát_triển shopee .,1
good nice 💥 nhưng_mà quảng_cáo ở tất_cả game nhiều,1
mấy thk Ship bơ mất_dạy ko giao hàng toàn hoàn hàng,0
app rác huỷ đơn vô_lý k hoàn voucher bị mấy acc luôn .,0
"chăm_sóc khách_hàng kém mấy lần rồi shipper giao hàng mà không gọi , làm mất đơn của khách khiếu_nại lên thì app báo sẽ giục ship giao lại cuối_cùng chả thấy đâu",0
nhân_viên giao hàng thân_thiện hơn tiktok với nhận ưu_đãi nhiều mà dễ đặt nữa,1
"săn mãi mới được 0₫ mà app huỷ đơn 1 cách vô_lý , bảo là giao_dịch bất_thường . cho hỏi là app dựa vào căn_cứ nào mà nói như_vậy ? hay_là thấy người dùng đặt hành được miễn_phí nên tự_ý huỷ ? mà không_chỉ 1 mà tận 3 lần huỷ đơn 0₫ , app làm_ăn như_vậy là không được rồi .",0
ki dùng đc mã,0
ko dùng được mã giảm_giá đã nhờgiups hỗ_trợ,0
"bọn nhân_viên , hàng nhỏ quá kh giao tự huỷ , cho nhiều voucher giảm_giá nhiều quá thấy tiền ít kh giao",0
mỗi lần đặt cứ bị huỷ r là giao_dịch bất_thường có lm cái j đâu mà giao_dịch bất_thường dme cs kiểm_tra chx mà biết giao_dịch bất_thường lm ơn shoppe kiễm tra dùm tk tên là : 1rws5gyddw,0
chán lắm rồi,0
tải bị lag,0
"giao thì chậm , còn tự_ý huỷ đơn hàng",0
Cũng ổn lắm . có nhiều khuyến_mãi và free ship,1
"Độc_tài cho khách_hàng voucher mua xong khoá nick , cho lưu xu rồi lưu nhiều quá cũng giới_hạn , giờ còn giới_hạn cả lưu voucher .",0
OK và nhiều ưu_đãi,1
làm_ăn kém giao hàng rất rất lâu,0
ok lắm lâu_lâu cho xu nhiều mọi ng nên tải thử đặt_hàng ở đây rất rẻ rẻ hơn ở ngoài 🥰,1
vật_dụng rất ok,1
okkk quá okk,1
được nhưng nhiều khi voucher mới không mua được,1
Giới_hạn giỏ hàng bị ít ấy . Thấy 275 món trong giỏ là không cho bỏ thêm nữa . Xưa là 300 xong cứ giảm riết giảm riết gây khó_chịu vô_cùng . Với gì mà 1 con game hiện 20 cái ad hết 18 cái là nó cmnr . Làm_ăn như konkac mà quảng_cáo thì lắm .,0
"quảng_cáo không sai nhưng toàn làm t nhảy qua app shoppe phiền vãi l ,_son khóc 🥀💔",0
tk mới nm bị mã m 02 ? ?,0
"tôi tin_tưởng shopee . rất tốt , shiper rất thân_thiện và nhiệt_tình .",1
hàng về lâu,1
"Đơn đến kho mà giữ đơn , không giao , không điều_phối , quá tệ",0
"đặt_hàng thì dễ , đến lúc hoàn lại 1 mớ lằng_nhằng đánh_giá sản_phẩm cũng khó",0
"Đặt_hàng thì không ai gọi giao hàng , app báo giao , khi chiều về lại hoàn về người gửi .",0
ý là nhiều đò đẹp mà rẻ nữa 😍,1
Bịp mã của t,0
tự_ý hoàn hàng,0
đồ chó tuất,0
cái shopee food rất ngu . đã để số điện_thoại và tên khác rõ_ràng trên đơn rồi . vẫn đi gọi số cũ,0
mua đồ của shopee rẻ mà sài tốt lắm 👍👍👍,1
"shoppee có bảo_mật thông_tin khách_hàng không vậy ? , để cho mấy thằng lừa_đảo nó lấy địa_chỉ nhà t nó đặt đồ tầm_bậy ( cụ_thể là bcs ) . Làm_ơn tạo cảm_giác an_toàn cho khách_hàng khi mua đồ tí dk . T bị nhiều lần lắm r nhma lần này t chịu hết_nổi ph lên đây đánh_giá 1 sao á 🙂",0
đặt đồ này giao đồ khác,0
app tốt mà cứ lúc không canh thì lại có mã ngon,1
"rất không hài_lòng , khi chọn hoàn hàng và yêu_cầu hoàn tiền thù hệ_thống tự chọn hoàn tiền vào ví shopee và không thay_đổi được lựa_chọn , khi chọn rút_tiền từ số_dư tài_khoản thù xác_thực khuôn_mặt rất nhiều lần nhưng không được , khi gọi cho tổng_đài hỗ_trợ tư_vấn thù không bật được mic ? ? ? ? ? ? ? ? ? ? ? ? 😡😡😡😡 rất điên_tiết",0
quá giảm_giá,1
tao đang chs game mà nhắn cái đell j,0
hàng rất ok nhanh nhẹ,1
"ê t thấy mấy đứa bl 1 sao bị j v , đó cx chỉ là app th , v mà cx bị bm chỉ_trích , hãm , app nào chả có quảng_cáo , app nào chả có sai_lầm , cứ bày_đặt này_nọ này kia",1
"viết giá_thành chênh_lệch nhiều , trong giỏ hàng 1 đường đặt_hàng 1 nẻo",0
"thạt tệ , tốc_độ load chậm , thường bị lỗi , và có gì đó k bình_thường ở vòng quay freeship",0
shope giá ổn nhưng có cái shipe giao hk tới tay mik,1
lâu_lâu săn đc hàng giá tốt mà bị huỷ 😡,0
"mình rất thích dùng shopee vì có vocher người mới giảm 80k luôn rất tuyệt_vời , shopee giao hàng nhanh thân_thiện dễ dùng lắm cho 5 * nhé",1
rất phức_tạp,0
rẻ đẹp chất_lượng uy_tín,1
"Shopee_OK , mua gì cũng có , còn có voucher giảm_giá nữa thật là tuyệt .",1
đang chơi game mà cứ bị văng vào shope,0
"đặt_hàng mà cứ bị lỗi M 02 , D 02 mong shopee khắc_phục lỗi này",0
tự_ý huỷ hàng mà k có lí_do lúc báo lên hệ_thống hỏi vi_phạm j mà huỷ thì lạu bảo k thể tiết_lộ app như lừa_đảo,0
voucher đã lưu tự bị xoá,0
Tại_sao t chỉ đơn_giản là áp voucher mà Shopee có sẵn rồi sau đó thanh_toán bình_thường thôi mà cũng bị huỷ đơn vì phát_hiện giao_dịch bất_thường vậy ? Thế_thì ngay từ đầu sao không để trạng_thái của voucher đấy là không khả_dụng đi để đỡ mất_công t áp vào xong không cho dùng ? Chịu,0
Ngon,1
"ổn , đặt nhanh",1
"1 / về thời_gian nhận hàng : gần như ép_buộc khách phải nhận khi ship gọi ( ship thì thích gọi lúc_nào gọi , không có thời_gian cụ_thể ) . 2 / về dịch_vụ : khách yêu_cầu dời theo thời_gian nhận thì treo đơn khách , tự_ý chuyển thời_gian giao sang ngày khác ( dù là đơn hoả_tốc cần rata gấp ) . 3 / không có cách nào liên_hệ khi treo đơi để khách xử_lý . - > thành_thật mà nói , APP tiện_lợi nhưng dịch_vụ cần cải_thiện và nâng_cấp phù_hợp nhu_cầu khách .",0
"quảng_cáo ít thôi , đm đi đâu cũng gặp",0
nice,1
huỷ đơn với lý_do vớ_vẩn,0
"giao hàng thì không gọi khác hàng_xách nhận đã nhận chưa , đã có vị_trí rồi còn giao nhầm rồi không phản_hồi gì shoppe quá tệ",0
"Khách_hàng từ lâu mà phải đánh_giá thấp vì trải_nghiệm buồn . Hoàn hàng ko ai lấy , phải tự trả và giờ mất hàng , bằng_chứng ko có vì lúc gửi họ cũng chỉ_bảo để vào giỏ .",0
đặt nó cứ tự huỷ,0
oki la đồ tốt giá ship rẻ,1
kh đặt_hàng người khác mạo_danh vẫn giao ?,0
"Quảng_cáo gì lắm nút thoát vậy , ý là bị khó_chịu á , quảng_cáo bình_thường khó lắm hay gì ? ?",0
"Gắp thú quà bị rơi liên_tục , giỡn mặt hả ?",0
đặt đơn cứ huỷ của ngươid ta hoài shopee tuất,0
thường không mất phí vận_chuyển nên tôi có_thể mua mọi thứ dù nhiều dù ít,1
xử_lý trả hàng kém mất tiền của khách_hàng,0
"hữu_ích , giao nhanh",1
cũg đc nè,1
"tóm_tắt , Ép xạc minh độ tuổi , tự_ý đưa người chơi vào Roblox select , AI của Roblox quét sai và ban nhầm ngườI chơi , không lắng_nghe người chơi , tài_khoản 5-8 tuổi là vào select và không có một game nào , mặt 18+ nói 13 + , AI quét nhầm , tự quảng_cáo tự xoá game , cấm chat , cấm game , cấm mic , thấy gì xoá đó , avatar 500rb không bao_giờ hoàn lại khi vật_phẩm bị chính Roblox xoá , ép người chơi qua khuôn_mặt dynamic , tăng robux tự_ý , tắt vpn dù đã cho từ 2024 , ép người chơi quốc_tế khi qua vng sẽ kẹt ! ! !",0
tôi mới mua sim và đăng_ký chính chủ rồi dùng đăng_ký shoppe thì báo tài_khoản bị khoá là sao ? sim mới mua và đang đăng_ký tài_khoản thôi chưa mua gì mà ?,0
Dịch_vụ ok,1
đề_nghị shoppe ra nhiều mã voucher giảm_giá hơn😀chứ k có mã😀,1
như c á Dell cho trả hàng dẹp mom đi hàng thì dell đúng theo yêu_cầu khách_hàng,0
quá tệ thật_sự muốn tạo tài_khoản khác để có voucher nhưng khi để địa_chỉ cũ thì nó vẫn như_vậy và k có voucher ng mới nào cả,0
hay vaizz,1
"Nhân_viên tự_ý huỷ đơn hàng của khách . Không nhiệt_tình khi giao hàng vào những năm trước . Mình mới quay lại Shopee mấy tháng gần đây , shoppee cải_thiện rất tốt mình rất hài_lòng .",1
đặt_hàng ép voucher giá thì ko cho cứ lỗi ko cho ép voucher vào đúng nghĩ cho mã mà ko cho sài,0
tự_ý huỷ đơn của khách không đền_bù vouch,0
"F01 vô_tội_vạ , lưu vc sợ người dùng nên Ăn câu lạm_dụng ?",0
"Tôi đã trái nghiệm và đông hành cùng Shop này hơn 10 năm rồi , nói_chung cũng có cái tốt và cũng có_mặt xấu và tích_cực , tuy_nhiên tôi không_thể năm bắt hết được những điều đó vi mỗi thời mỗi khác , tôi chỉ biết mình phải cần nhiều thời_gian tìm_hiểu và năm bắt rõ rang trứơc khi hành_động .",1
lên mã shopee cho mình xài xong qua_ngày hôm sau khoá tài_khoản vậy thì đừng có cho . Chịu thật,0
Tuyệt_vời - cảm_ơn .,1
rất tốt lúc khởi_đầu cho 700 xu,1
Gần đây có những shop đăng bán với giá rẻ hơn nơi khác nhưng 2-3 ngày không giao cho ĐVVC rồi đơn_phương huỷ với lý_do hết hàng mặc_dù khi đặt_hàng hệ_thống cho biết còn hàng trăm sản_phẩm . Đề_nghị Shopee có biện_pháp với những nhà bán hàng này . Cảm_ơn Shoppe !,1
mua hàng shopee yên_tâm với chính_sách bảo_vệ khách_hàng,1
"rẻ , đồ quần_áo ko chất_lượng lắm",1
ghép đơn shopee food nên giao cực lâu,0
"Sd ứng_dụng Shopee để mua_sắm là một trải_nghiệm tồi_tệ đối_với tôi . Khi sử_dụng dịch_vụ hoàn hàng trả tiền bên mình , tôi đã bị mất_trắng số tiền hoàn do lỗi hệ_thống của chính shoppee và bh tôi phải chịu thiệt_hại mất tiền do chính sai_lầm vận_hành của họ . Sau đó tôi đã liên_hệ qua nhiều nviên htro nhưg vẫn ko gquyet đc vđe . Qua đó tôi có_thể thấy dịch_vụ bên mình không đủ uy_tín và đáng tin_cậy để tôi có_thể yên_tâm sử_dụng . MONG TỔNG_ĐÀI CÓ_THỂ SỚM PHẢN_HỒI VÀ CHO TÔI LỜI_GIẢI THIK HỢP_LÍ",0
Đi đâu cũng thấy QC thế_là gỡ app,0
"Cứ đặt_hàng là bị huỷ không rõ lý_do , rất nhiều người phản_ánh nhưng vẫn cứ tiếp_diễn , đội_ngũ không hề lắng_nghe người dùng , chỉ giỏi hốc tiền trên sàn",0
"đặc nhưng không giao , tệ",0
shoppe tự huỷ đơn hàng nhiều lần .,0
mua_sắm tiện,1
"rất tốt và chuyên_nghiệp , có rất nhiều chương_trình khuyến_mãi , và làm rất nhanh yêu_cầu của khách_hàng",1
"tôi thích shopee nhưng quá nhiều hàng nhái kém chất_lượng ,",1
"Ban_đầu ngày nhận để là ngày 5 . Xong dời thành 7 , sáng nay kiểm trả thì dời thành ngày 9 ?",0
Quảng_cáo giải_quyết hoàn tiền nhanh cho cố dô đang xử_lí tới mai,0
shopee tự huỷ hàng của mình,0
"Thức đến sáng săn sell , nhận được voucher giảm_giá rồi nhưng shoppe lại lỗi không xài được voucher dẫn tới mất đơn hàng . Hỗ_trợ chăm_sóc khách_hàng thì cho_dù có nhắn như_thế_nào cũng chỉ có 1 mẫu tin duy_nhất ( tiền đầu_tư AI bị hao_hụt nhiều thế à ? )",0
toàn mã giảm lừa_đảo kêu mã 100% tối_đa 100k xong xíu vô kiếm lại ko thấy chịu,0
bịp,0
"mua hàng chủ_yếu tại đây , shop chậm nhận đơn , shop giao thiếu hàng dẫn đến phải tự huỷ , hoàn đơn . hệ_thống cắt mọi mã giảm_giá , khỏi dùng ứng_dụng 8/2026",0
áp mã vô_thanh toán thì báo lỗi app ngooloz,0
ứng_dụng hay giảm_giá nhìu nhưng mik hay dùng tk momo ý mà shoppe ko có liên_kết tiếc quá khóc,1
hèn chèn quảng_cáo vào ứng_dụng khác,0
quảng_cáo quá nhiều rất phiền,0
ok nơi mua_bán gất tiện_lợi khi bận việc ra chợ,1
"chạy qc quá nhiều ở các app khác , phiền vl ra",0
đặt_hàng mà ko có tiền nhận mong khắc_phục lỗi này,0
dùng tốt và có nhiều mã giảm_giá nên cho 5 sao,1
nhiều voucher và nhiều đồ,1
shipper giao rất bố_láo hàng của người ta chụp rồi lấy luôn không thèm gọi,0
Mọi thứ điều tốt,1
"Toàn tự huỷ đơn của khách , app lừa_đảo",0
Ko liên_kết tài_khoản ngân_hàng . dc,0
mong cho 1k nhiều hơn,1
bạn mới mà ko dùng đc voucher,0
lần đầu mua hàng cảm giá khá ok,1
giao hàng ko đúng trên hình .,1
sdt của t mà mắc j k cho đặt_hàng ? vô_lý ? ? ?,0
mua hàng mà shopee tự huỷ mấ voucher người mới tích _ cực,0
hệ_thống hơi nghiêm_ngặt,0
xoá tài_khoản ko đc,0
"ý là shoppe ơi mình coi thế_nào mà làm_việc lại được không , đặt hơn 10 đơn bên shope không giao shiper không điện giao hàng rồi tự_ý trả về người gửi luôn nhắn nói giải_quyết rồi đặt_hàng vẫn vậy cũng không thấy giao đâu . Cái hôm_qua đặt đồ_ăn qua shoppefood bị lỗi bên ngân_hàng thì trừ tiền rồi còn bên shope food lại báo lỗi , nhắn hỗ_trợ mới nhắn được câu cái bị lỗi thoát ra không vô_lại được luôn ...",0
"Rất tuyệt_vời , mọi người nên mua_sắm ở đây !",1
rất uy_tín,1
"ghép vãi , ngày_xưa mua chẳng bh pk xác_minh sdt mới , xong h vừa pk smsdt mới , nik mới dc cho mã , mua thì huỷ , có_khi bị d 02 , m 02 . cải_thiện lại đi má ơi , khó_chịu vãi luôn ấy 😡😡😡😡😡😡😡😡😡",0
rất tuyệt_vời 👍,1
"đang áp mã check giá thì mất luôn voucher ? ? hour nhân_viên tư_vấn thì kh giải_quyết đc vấn_đề , quá tệ_hại",0
"xoá tk mà cứ hiện lỗi , đặt_hàng cũng k đc",1
"tiện_dụng , giá_cả tốt",1
oki nên thử tải về,1
nhiều mặt_hàng ưa_chuộng,1
ăn cái mã 35% cũng huỷ trong khi tôi ăn có 1 mã duy_nhất trong khi người khác ăn một lần mấy chục mã,0
đặt đc 0đ thiên tự huỷ không uy_tín nói chug là không oki,0
Quảng_cáo gây phiền_toái,0
k cho dùng mã là sao ?,0
Khi có voucher 80k tôi dùng để mua 1 đơn 135k thì còn lại 55k thì shoppee lại huỷ ? Trải_nghiệm rất tệ,0
rát tốt,1
ăn tận 6 cái mã 80k ngon thí,1
không đu điêu khiên đê nhâp ve,0
shope làm mình quá thất_vọng tk thật chi_tiêu nhìu tiền vậy rồi mà xem live nhận xu có 500 1000xu cái bị báo là tk ảo bộ hok có bộ_phận check tk có chi_tiêu hok hay gì Chán,0
"shopee đa_dạng hàng_hoá , chăm_sóc khách_hàng nhiệt_tình , đổi trả hàng nhanh gọn , giao hàng chuyên_nghiệp .",1
mình trải_nghiệm mua_sắm tốt chúc aqp càng ngày phát_triển tốt nhá .,1
app rất tốt mỗi vấn_đề là mình đặt_hàng về tới nơi mà ko có tên và số điện_thoại người giao hàng cho mình,1
cảm_ơn shop nhé,1
"hay quảng_cáo nhiều , video nào cũng quảng_cáo",0
Tệ quá tệ nâng_giá cao voucher ko có lỗi mã quá nhiều . Lỗi m02 đến giờ vẫn ko sửa chịu ấy đặt_hàng mà làm tụt hứng mua ngoài cho nhanh.Shopee rất khinh khách_hàng nhé ko bao h nghe góp_ý cải_thiện mà thích thì cứ nâg giá lên tận trời,0
voucher không cho dùng còn huỷ đơn là sao nữa ? ? ?,0
0đ thiệt 10đ .,1
"rất tiện_lợi tiết_kiệm thời_gian tiết_kiệm công_sức giá_cả hợp_lý , đôi_khi còn mua được giá rẻ do shopee khuyến_mại",1
nhưcc tự huỷ đơn hàng cần phickvl,0
mua_sắm tại shope tôi rất hài_lòng giá rẻ đẹp chất_lượng cao luôn ủng_hộ shope,1
rất tốt . giá rẻ hơn mấy sàn khác . mà trải_nghiệm 1 lần đổi hàng hơi bất_công .,1
"quản cáo hoài shipper thì nói_chuyện bên vận_chuyển của shoppe nói_chuyện cọc cằn ghim đúng địa_chỉ ko đúng tên đường còn bị chửi , quản cáo loll j quản cáo hoài còn nút x thoát quản cáo thì nhỏ_xíu còn có nút giả nx chứ bấm dell đc",0
tuất dái,0
"Tốt , được tích_hợp điểm , áp mã giảm_giá , miễn_phí ship nhiều mặt_hàng , xử_lý hoàn hàng hợp_lý , nơi mua_sắm đáng tin_cậy",1
không bảo_mật,0
làm_ăn ko ra gi ship ko giao hàng mà tự_ý hoàn đơn khách nói_chuyện thì như chửi mong mọi nguời đặt_hàng thì qua lazada hoac tiktok cho an_tâm chứ shope là bye rồi,0
rất tốt 👍 rất thích 👍,1
săn mãi mới đc hàng 0đ thì bị nó huỷ,0
"mua hàng trên sàn này quá phổ_biến , uy_tín r🥰 , ai mua hàng nhớ check kĩ đánh_giá r những đặt , tránh bị gửi hàng láo hàng kém chất_lượng nhaa ! 🥰😚 .",1
shipper spx quá khùng,0
okê thích nhiều,1
địa_chỉ khách_hàng thì bị lộ . shipper k chịu ktra mà đã khó_chịu,0
Rẻ,1
rât OK,1
"giao đồ_ăn đúng giờ , đồ_ăn ngon nữa cho 5 sao ko có nhưng j hết",1
godd app,1
biết cách sử_dụng và chọn đúng shop là ok,1
"giao lâu vãi 4,5 ngày chx có",0
voucher cho ng mới mà shoppe tự huỷ 2 acc rồi . áp vô thì huỷ đơn của người ta vậy cho làm gì nữa.không hoàn lại voucher luôn .,0
phien qua,0
nhiều sale ngon lắm luôn,1
quảng_cáo nhiều lúc_nào cũng dẫn ra app ( khó_chịu nên cho 1 sao ),0
"Muốn đặt COD mà cứ thông_báo lỗi hoặc chờ sau 24 tiếng , chờ 3 ngày rồi nè má chưa hết cái thông_báo đó nữa",0
"App bịp_bợm , lừa_đảo",0
ok mà hay bị m 02 / d 02,1
"tắt ngay tính_năng vừa vào shopee đã nhảy vào shopee video đi , khó_chịu cực_kỳ , vô cái là tự độ giảm âm_lượng của máy liền .",0
cứ đặt hoả_tốc là bị dời ngày ? đặt hoả_tốc mà nó k giao xong đên lúc nhận hàng là đã mấy ngày sau r . vậy bỏ tiền ra cho hoả_tốc lmj ?,0
rứa tốt,1
"ghép đơn quá ác , thời_gian dự_kiến dời liên_tục .",0
"rất tốt , giao nhanh , nhiều event , đơn đầu có voucher rất xịn",1
làm rất nhiều chi_tiết,0
tốt rất hài_lòng,1
tiện nhưng hơi mắc,1
tự_nhiên đang có voucher giảm tiền đặt đơn 0₫ thì nó tự_động huỷ rồi mất luôn voucher hàng về thì không đúng yêu_cầu nhắn shop hoàn tiền thì không được đúng là shoppe rác mua tiktok uy_tín và hàng chất_lượng hơn nhiều đúng là shoppe lừa_đảo,0
bé iu của tui,1
"Shipper lấy hàng 0 ₫ cứ thấy hàng không đồng của tôi là không giao và tôi thề tôi chx bao_giờ bom hàng , tôi cảm_thấy rất ức_chế vì bị lấy hàng không một lí_do",0
canh nữa tháng mới có mã giảm đặt song lại bị xoá mất,0
đặc hàng mà phải kêu xác_minh số điện_thoại lại là bực mik rồi,0
"có voucher mà k cho dùng , toàn bảo bị lỗi này_nọ . Chối .",0
Ngon thí,1
Tự huỷ hàng làm mất voucher mà lý_do do đưa ra là do shop chuẩn_bị hàng chậm,0
trải_nghiệm tệ thì th nhé hàng giao chậm shipper cọc rồi còn tự_ý lm mất tài_khoản của mình th chắc mình k hợp shopee,0
"tiện_lợi , giá rẻ",1
ok tot,1
giao hàng nhanh tróng tiện_lợi,1
giá để 0đ mà vô có tiền,0
áp voucher vào toàn bị huỷ,0
Nên tải về giao hành nhanh trả_lời cập_nhật hành thường xuyên,1
"tôi đổi điện_thoại sau đó đăng_nhập vào không thành_công , không lấy lại được số điện_thoại sau đó tài_khoản bị khoá vì lí_do bất_thường",0
giảm mã 80đ cho người mới mà Chẵng thấy đâu mua toàn về giá gốc dánha giá thế_là đúng rồi,0
"Hôm_qua mua 1 khoen tai được voucher của Shopee thanh_toán nên mình không tốn tiền , tuy chỉ 6k nhưng mình thấy rất vui ! Cảm_ơn Shopee nhiều !",1
nhanh và chất_lượng,1
tự_nhiên huỷ đơn hàng của khách 😡😡😡,0
mua đơn 1k xong thì bị huỷ,0
dạo này giá cứ ảo ảo sao ấy,0
"chẳng có gì giảm_giá , tăng_giá 50% rồi thông_báo khuyến_mại 20% vậy vẫn bán_chạy và lãi hơn thôi",0
lúc_nào cũng m02 làm_ăn như lôn,0
giao hàng nát hết,0
trải_nghiệm tốt . luôn mua trên shoppe . trả hàng de dàng hoàn tiền nhanh luôn đc miễn_phí vận_chuyển . lại có nhiều voucher .,1
"Đăng_ký VIP mà đa_số đơn bị huỷ hoặc giao trễ , xong thì cho cái voucher để qua chuyện . Vậy đăng_ký VIP chi tốn tiền",0
mong rằng các sản_phẩm đều tốt,1
"giao hàng lâu , làm mất tgian của chúng_tôi",0
"có những nhà bán hàng giảm_giá sản_phẩm khi đặt_hàng thì không giao , có những sản_phẩm đăng bán thấy giá rẻ hơn thị_trường khi đặt_hàng thì cao gấp đôi . shope cần chỉnh chu lại",1
tyyvv ty các b😋ạn tjr😛rẻ yêu,1
"à shoppe ơi cho mình hỏi vấn_đề shipper ko giao hàng nhưng lại bị huỷ ạ ? mình bị 2,3 lần rồi ấy ạ ?",1
"uy_tín , đúng hẹn , đúng số_lượng và giá tiền thanh_toán . luôn ủng_hộ shopee ! !",1
tôi mua giống đơn đỏ,0
shopee như L vào đặt_hàng ko đc ko cho đặt j hết,0
Lên kim_cương + mua vip = cắt hết mã giảm_giá . Scam vl,0
cái mã giảm_giá của vòng quay hẳn ngày ko dùng đc,0
"các shop phía bắc gửi hàng_không tin_tưởng , shopee nên loại_bỏ những thành_phần này vì làm ảnh_hưởng thanh_danh của shopee ♥️",1
"quảng_cáo lắm dấu x vl , dell bt tắt quảng_cáo chỗ nào",0
giao hàng nhanh_chóng không phí vận_chuyển,1
quá đẳng_cấp,1
"ok , giá rẻ bình_dân",1
đặt_hàng thì mã lỗi trong khi đó mã vẵn còn hạn luôn bị bạn ko đủ điều_kiện chả biết là điều_kiện .,0
cùi bắp,0
giao hàng tệ vl thông_báo hàng đã tới chạm kêu là giao trong 12 h nữa xong coi thì lại chở hàn của t đi đâu là sao,0
shopee lừa_đảo vừa đặt xong đơn hàng của người mới thì sắp bị tự huỷ đơn rồi cũng chả thấy vâu chờ đâu,0
khá được,1
mẹ đanh chơi thì bị chuyển trang khác mất_dạy,0
"chưa tải nhưng quảng_cáo app này lắm vcl , đã lâu rồi lại còn có kiểu lừa lừa để người khác ấn nhầm vào là bị chuyển sang ch play😡😡😡",0
không bảo_vệ khách_hàng,0
"không bao_giờ mua nữa , app ăn_gian xu lnv",0
khổ vì Shopee quảng_cáo quá nhiều chèn kín muốn xoá_bỏ Shopee vĩnh_viễn . hãy giúp tôi,0
như lôn chx mua cái gì thì đã bị mất cái mã đầu xong tạo nick mới vẫn thế,0
ứng_dụng như j á tối_ngày quảng_cáo hàng giảm_giá trong khi ko cần vs lúc đang chs game thì bị quảng_cáo lm thua nói_chung ứng_dụng mà quảng_cáo t thêm đúng 1 lần t xoá ko sài tới m,0
"hoàn_trả tiền bên shoppy pay cực tệ , 🤬",0
shipper không gọi không giao đã r tự huỷ đơn của ngta,0
"dùng voucher đặt_hàng xong thì đơn tự_động huỷ , đã vậy còn không hoàn lại voucher . App 1 sao , xoá đi",0
đang đọc truyện gay thì chuyển trang,0
cực ok nên tải không là tiếc đứt_ruột,1
"làm chặt vãi , h mua j rẻ là lại tự huỷ",0
kh thanh táon bằng ngân_hàng hay momo mà phải có shoppee pay 😞 ? ép hã,0
lừa mua đồ 0đ,0
"Rất dễ_chịu , k giống như tiktok shop",1
"tôi có phản_ánh về anh shipper vì gian_lận trạng_thái giao hàng trên tồng đài Shopee và họ nói sẽ xử_lý vi_phạm , và đơn tiếp_theo tình_trạng đó lặp lại , chứng_tỏ Shopee không xử_lí anh shipper đó nên anh shipper đó không sợ và giờ có thái_độ chậm_trễ giao hàng không muốn giao cho tôi luôn , chả hiểu nhân_viên vi_phạm rành_rành ra đó không dám xử_lý , .. giờ Tôi thấy Shopee không còn uy_tín nữa , TÔI sẽ xem_xét lại nên mua hàng trên sàn Shopee nữa hay không",0
mua đc đồ xinh_xắn,1
Thức đêm săn đồ 1k xg bị shop huỷ đơn gọi CSKH ko phản_hồi còn bị shop chặn ko cho vào đánh_giá sản_phẩm,0
khoá tài_khoản vô_cớ thật chứ tôi mất tk tạo lại cái mới nó bảo lạm_dụng mã giảm_giá,0
cho mã dùng xong khoá tk ko ấy cũng huỷ,0
tôi thấy ap này đặt_hàng tốt nhưng có mấy lần tôi không đặt được vì M 02 / D 02 rất không thích ap này lắm,0
rất ok 👌,1
quảng_cáo lắm + lâu nx,0
"app gì mà gửi thông_báo giả quài vậy , phiền người dùng lắm luôn .",0
Tạo mã giảm_giá cho người mới xong lại bị mã m 02 / d 02 là sao nhỉ ? Thực_sự rất là bực_mình luôn á .,0
mn tránh bị lừa khi mua số_lượng nha.chọn số_lượng thì mức giá 14.333 khi bấm mua thì mức giá lên 17.999 ( giá 1 sản_phẩm ),0
Phải chăng.giá tốt .,1
"đc nha , nhm có những món đồ_ăn đắt hơn ngoài tiệm.Đồ chất_lượng , shipper thân_thiện",1
giao hàng tiện_lợi,1
"mua hàng chất_lượng , chất_lượng cao nhưng đang mua thì hết pin",1
dạo gần đây thanh_toán trực_tuyến đều không được,0
"giao hàng siêu lâu luôn í , đợt này chả phải dịp lễ hay sale gì mà hàng về tới kho từ ngày 1/8 , dự_kiến giao cũng là 1/8 mà tới ngày 4/8 vẫn ch thấy giao gì . giục 2 lần thì cứ hối shipper giao 200% r nha , ủa là hối ch , hối ở đâu v ? ? ?",0
Pòi bình,1
okok Sài êm,1
spam qc lắm thế ?,0
Toàn MO2 mà rõ_ràng chưa làm gì cả rất chán,0
"rõ đã xác_minh sdt từ trước , giờ muốn đặt_hàng lại bắt nhập sdt , nhập xong lại bắt lấy lại sdt",0
kh đặt_hàng nhưng lại ship về đề_nghị shopee để_ý đến vấn_đề này,0
Không_thể đăng_nhập bất_kì tài_khoản nào,1
ứng_dụng xài ok,1
"món ăn ngon , giao tới nơi bánh vẫn còn nóng_hổi .",1
app sài như gì v á,0
thiết_lập 2-3 tài_khoản thì ko đặt_hàng đc,1
"nhờ bà chị đặt_hàng giùm gặp hàng si cà que , đã v hoàn tiền trong app xong thì dùng tiền đó giảm_giá kh đc , ns là bị lỗi kh thành_công alo chấm_hỏi . xong thấy v thì qua acc mk ms tải để đặt thì phải cs zalo để xác_nhận sđt mà t lm j cs zalo . yêu_cầu sờ be sửa lại thành đổi bằng tiền mặc "" lm mất 200 mấy của t r huhuhu "" khóc 😡🤬",0
tiện_lợi tôi đước xếp khách_hàng level bạc đang phấn_đấu lên hạng vàng keke,1
"uy tính , giá_cả hợp_lí và có nhiều lựa_chọn",1
đặt đơn nhưng ko giao,0
rẻ mà ok,1
"shopee làm_ăn chán không ra gì , mình vào rút xu bth thì tự_nhiên hệ_thống từ_chối , vậy là mất_trắng 20k xu , tích mệt muốn xỉu chứ có_dễ dàng gì đâu mà nói huỷ là huỷ , liên_hệ CSKH thì không được_việc , spam mãi câu trả_lời là do hệ_thống quét , vi_phạm tiêu_chuẩn cộng_đồng ( nma k chỉ rõ vi_phạm ntn ) , vậy là mình mất_trắng 20k xu và không được bồi_thường / xử_lí thích_đáng , vừa mất thời_gian vừa rước bực vào người , đã vậy còn gặp NV CSKH thái_độ hời_hợt nữa chứ , mong shopee làm_ăn tử_tế hơn",0
người bán than nhưng người mua khá ổn,1
"hơn một tháng mới mua , mua vẫn bị khoá nick . chịu",0
Shopee đáng tin_cậy . dễ mua đồ . đổi trả hàng hoàn tiền minh_bạch . Xứng_đáng 5 sao,1
Huỷ liên_kết với Apple không đc là s ? ? . Không huỷ đc thì tao huỷ mày,0
"Tệ , cực_kì tệ , đơn chưa liên_lạc đã hoàn , quét đơn vô_cớ",0
""" Tôi rất không hài_lòng về quy_tắc ưu_đãi và hệ_thống . Dù đã đổi tài_khoản khác , không chọn bất_kỳ ưu_đãi nào nhưng liên_tục báo lỗi M 02 / D 02 , không_thể đặt_hàng bình_thường . Quy_trình nhận_dạng thiết_bị quá cứng_nhắc , không minh_bạch và gây nhiều phiền_phức , thất_vọng cho người dùng . "" tôi yêu_cầu sửa lại hành_vi quá_đáng của mik",0
"giao hàng nhanh , chuyên_nghiệp , mình thường_xuyên mua hàng trực_tuyến trên shopee , thấy yên_tâm",1
cũng ổn đi tích _ cực ),1
Một shop thương_mại_điện_tử tuyệt_vời không_chỉ cho việc mua_sắm mà_còn là một sân_chơi trãi nghiệm chất_lượng của cuộc_sống,1
tới ngày quảng_cáo chơi game mệt thấy mẹ cha chơi play,0
shopee xem_xét trả hàng hoàn tiền rất lâu,0
rất chất_lượng,1
"giao nhanh , dan viên de thương , giáo hàng vv",1
"khoá ko cho mua hàng , mã giảm_giá thì ko cho dùng , ko bt shopee làm_ăn kiểu gì",0
rất tót đơn hàng giao nhanh,1
load chậm,0
"app chất_lượng đến không ngờ , mình gửi yêu_cầu hoàn hàng là shop chuyển tiền lại luôn trong khi hàng vẫn còn ở chổ mình , quá yên_tâm đặt shoppee chả bao h cần kiểm hàng hết , chất_lượng tuyệt_đối .",1
"Trải_nghiệm tốt , luôn ủng_hộ và sẽ giới_thiệu cho người_thân , đồng_nghiệp , bạn_bè biết đến",1
k đặt_hàng cũng giao đm làm t mất tiền oan,0
"bọn nhân_viên giao hàng rất bố_láo , mất dậy.Hàng nhỏ gọn thì nó giao , thỉnh_thoảng có đơn to thì nó tự huỷ đơn , hoàn hàng",0
qc hay lắm,0
"hàng giao nhanh , đóng_gói cẩn_thận , giá tốt ...",1
Quang cao qua nhieu,0
shoppe như L. hoàn tiền về đ.é.o. dùng đc . phí tiền,0
quảng_cáo làm nút giả tắt làm văng game,0
quảng_cáo nhiều thấy mẹ vs cs nút tắt giả t bấm vô là vô shopee nx t yêu_cầu xoá hết nút tắt,0
mua gì cx bắt xác_minh mà xác_minh xg ko cho mua,0
"mở app là nhảy thẳng vào live , lag hết máy",0
tự_ý mua hàng,0
"toàn shop treo đầu dê bán thịt chó , để giá sản_phẩm không đúng với hình_ảnh mô_tả , giao hàng chậm , shiper thờ_ơ",0
_nguyên,1
tệ . đặt_hàng ngày_càng mất thời_gian kéo_dài 6-8 ngày . shipper thì giữ hàng 3-4 day so với trên hệ_thống . chờ lấy hàng lâu mòn_mỏi shop có thái_độ phục_vụ tệ .,0
Quá tệ tôi lở chuyển sang tài_khoản mới do nghĩ sẽ mua hàng rẻ hơn nhưng lại báo vi_phạm và khoá tài_khoản vĩnh_viễn và không_thể tái_sử_dụng số điện_thoại ít_nhất cũng cảnh_báo cho người ta cơ_hội sửa_chữa sai_lầm chứ nếu vi_phạm nhiều lần mới khoá nhưng đây chỉ có 1 lần làm_ăn quá tệ tôi quá thất_vọng vì đã đồng_hành nhiều năm trên nền_tảng tạm_biệt và không bao_giờ gặp lại,0
ứng_dụng tuyệt_vời_dảnh cho người Việt,1
1 * vì mặc_định vào mở live luôn,0
mất tiền đki shoppe vip mà dùng đc mấy ngày xong giá lại về như bạn đầu chả khác gì shoppe thường,0
cứ có cái đăng_nhập số điện_thoại,0
khinh_thường khách_hàng,0
"quản cáo trên các ứng_dụng khác nhiều , cảm_thấy rất phiền vì điều này 😡",0
"chơi game hay app nào cũng thấy quảng_cáo nó , khó_chịu vô_cùng , 1 sao là đáng",0
tệ đăng_nhập acc khác không đc,0
giờ không thấy shopee video mở xem video nhận thưởng,0
sài nhiều lần và khá tốt có_điều hơi lag nhẹ,1
Nền_tảng quá tệ . Nhân_viên làm_việc thiếu chuyên_nghiệp . Không giải_quyết được vấn_đề cho khách_hàng . Làm mất thời_gian của khách,0
"Lâu_lâu kh cho dùng mã giảm giá.Dùng ổn , đc cái kh có phần tìm tên shop",1
"rất tệ , muốn khoá là khoá , 2 điện_thoại 2 tài_khoản mà đặt là khoá cả 2 , t xin , t lạy , t chịu r đấy , biết_bao_nhiêu xu của t xem cả mấy năm , đ cho đặt thì bảo , đừng làm_ăn kiểu đấy ! ! tệ rất rất rất tệ ! !",0
Tôi không biết làm cái gì mà dạo này đặt_hàng ngoài Bắc giao vào Nam toàn bị dừng giao xong báo huỷ ?,0
tiện_ích đc phục_vụ theo nhu_cầu,1
tot nhanh chat,1
"mất_công cày_cuốc cả tháng không rút_tiền hoa_hồng được shopee trả tiền hoàn_trả hàng cho tôi , không thêm được thẻ ngân_hàng app Shopee báo vì lý_do bảo_mật nên không thêm được thẻ , dù đã liên_kết thẻ_thanh_toán nhưng vẫn không rút được tiền hoàn_trả về atm . chương_trình đối_tác cập_nhật 3 lần thông_tin thuế mà vẫn không được chấp_nhận dù đã gửi đúng thông_tin , chỉ có mấy chục ngàn mà vẫn phải khai thuế mới được thanh_toán . app rác , mình đã xoá app và từ_bỏ nền_tảng mua_sắm này nhé mọi người",0
"tuyệt_vời , giá_cả hợp_lý",1
"nhân_viên ko hỗ_trợ , hỗ_trợ qua_loa ko giải_quyết đc vấn_đề lỗi của ứng_dụng . Nói_chung là lỗi tk thì đừng hỗ_trợ lgi vừa mất tg lại thêm bực vào ng",0
hoàn tiền rắc_rối tao lấy được tiền tao xoá,0
ship hoả_tốc cũng như ko hàng dởm kém chất_lượng lừa_đảo khác hàng,0
người lần dầu dùng thì đc mua không 0đ tuỳ món rất rẻ,1
đặt_hàng thì lừa_đảo bảo đặt áo mà ra quần ? ? ? ?,0
TUYỆT_VỜI 👍👍👍,1
lúc tải rất lâu nhưng có rất nhiều mã giảm_giá,1
Shop giao sai mẫu ốp so với mẫu tôi đã đặt trong đơn hàng . Tôi đã liên_hệ và chia_sẻ vấn_đề với nhân_viên Shopee nhưng được thông_báo không có mục hỗ_trợ đổi hàng . Mong Shopee xem_xét và hỗ_trợ trường_hợp này vì đây là lỗi giao sai sản_phẩm từ phía shop .,0
"Shopee giao hàng nhanh , chuyên_nghiệp , giá rẻ , đúng chất_lượng mô_tả . Có dịp sẽ ủng_hộ tiếp .",1
"cũng 9 năm rồi mới cài lại app shopee nhưng_mà mua hàng ở đây shiper không mấy nhiệt_tình giao được vài lần thì nói là xa quá không ship nữa , trong khi mua ở sàn khác vẫn bình_thường , nhà tôi cách quốc_lộ 4km",0
"mong shoppe bỏ ngay kiểu vừa vào app đã nhảy vào mục live nhé , bực cả mình , điện_thoại đã lag thì chớ còn phải nghe live , thứ tôi cần là tìm sản_phẩm chứ không phải xem mấy cái live đấy tích _ cực Làm_ơn thứ đầu_tiên xuất_hiện khi vào app là trang_chủ chưa không phải live hay video tích _ cực",0
đồ rẻ ngon ok,1
không gọi báo gì cả tự hoàn về người gửi là thế ếu nào,0
"Tôi ht tiền nên kh mua đc hàng , yều cầu sửa lỗi",0
mua hàng áp mã roi tự_nhiên bị huỷ kh cho thây đổi sđt nữa làm_ăn kì_cục,0
app dùng đc nhưng qc có tận 4 nút tắt r còn cả sợi tóc giả nên cho 1 sao,0
dễ tìm các vật_phẩm để mua hàng,1
hay quá hay quá hay quá hay quá,1
Tôi đã đặt và thanh_toán trước 3 đơn hàng nhưng 1 đơn shipper đã cố_tình giao sai địa_chỉ nhưng Shopee cố_tình không giải_quyết dù_cho tôi gửi tin nhắn mà shipper đã xác_nhận chưa giao hàng nhưng Shopee không xem và giải_quyết yêu_cầu trả hàng của tôi mà chỉ đưa tin nhắn đã qua chỉnh_sửa của shipper làm bằng chứng . Shopee cũng đã tự_động thay_đổi trạng_thái đơn của tôi thành đã nhận . Đây là xâm_phạm quyền_lợi của khách_hàng nhưng tôi đã gửi yêu_cầu 2 lần mà không được giải_quyết,0
giao hang nhanh,1
tự_ý hoàng hàng rất nhiều lần😡 shipơ ko giao hàng như dự kiếm shope ko giải_quyết vấn_đề rất tệ hại😡,0
mua được nhiều thứ,1
shipper bịp hàng ko giao nm báo_cáo thì ko đc,0
Lúc_nào đặt cx về nhưng chú shipper của t toàn chê t t tức ko lmj đc☹️,1
ngon vãi I,1
Nên có thêm tính_năng lọc nhà bán hàng có xuất hoá_đơn VAT .,1
hàng chất_lượng,1
mã giảm_giá của tôi quay được thì phải cho tôi dùng chứ tại_sao lại cho mọi người tất_cả dùng chung mọi người xanh xong Bây_giờ tôi đang cần có việc gấp thì tôi mới cố_gắng là tôi quay được xong rồi Tự_nhiên bây_giờ cho dùng chung thì tao không chấp_nhận lời để mà em giá của ai quay được thì là của người đó tôi cũng không cần mạng giảm_giá của ai hết Tại_sao lại có_thể mà cho người ta dùng những mã giảm_giá của tôi được tôi không có chấp_nhận ok,0
chất_lượng shopee ngày_càng tốt . cám_ơn shopee,1
"shopee đã không xử_lí đơn trả hàng của tôi , từ_chối yêu_cầu trả hàng của tôi dù tôi đã cung_cấp đủ bằng_chứng",0
những hàng kg giống trong hình,0
kh rút_tiền đc😇,0
shipper tự_ý huỷ đơn,0
qcao nhiều phiền vl,0
"ngày_xưa muốn mua gì chạy kiếm chỗ bán , có shopee chỉ cần gõ món đồ lên là có ko cần đi đâu hết .",1
chẳng được như ý muốn của mùng,0
"mua card wifi về để kết_nối vào pc mà sóng thì bắt còn thua sài 4g trên điện_thoại cắm qua , tốn thêm tiền mua mesh rồi dây để đi dây xong bấm trã card thì kêu tài_khoản không đủ điều_kiện trã . Rồi hàng không dùng được thì để làm gì trong khi không cho trã , mấy đứa e thì đặt cả chục đơn khui sài tè le xong bấm trã vẫn nhận , lí_do nó nêu còn tào_lao hơn là sài chán rồi không thích vẫn nhận , chắc tài_khoản có cấp bật đúng xàm . Ae nào có ý_định dùng shope thì nên cân_nhắc kỹ . Giờ TMĐT cũng nhiều lắm",0
khi áp voucher giảm_giá để đặt_hàng xong lại bị shoppe huỷ do giao_dịch bất_thường chả hiểu shoppe làm_ăn kiểu gì,0
đói lắm à ? mà là giả nút đóng QC,0
"mình đặt đồ nhưng vì đi có việc nên ĐÃ ĐỔI SỐ NHẬN , không hiểu sao shipper vẫn gọi vào số hiện_tại và thông_báo chưa giao hàng .",0
làm_ăn kiểu gì vậy sửa lại số điện_thoại tùm_lum cuối_cùng vô_lại số điện_thoại vẫn cũ làm 5 6 lần vẫn vậy làm_ăn như cái tã què,0
tải lâu vl,1
mua gì cũng tiện_lợi và nhanh_chóng,1
thuế quá cao,0
"đag coi cứ qc hoài , nhấn x thì đô cm app luôn",0
mã giám giá hơi ít toàn mã giả ít giảm nhìu lên nhiều mã ngon vào,1
biết vậy t đặt tiktok cho_rồi moe cục pin laptop để tập_huấn kẹt ở kho hà_nội 2 ngày liền nay 3/8 r 4 tây t cần phải đem laptop nx ít_ra tiktok nó lấy ship nhưng thái_độ phục_vụ tốt hơn cái giẻ rách như mày .,0
app rất phiền quảng_cáo liên_tục,0
"Khiếu_nại 3 lần về việc không nhận được xu live và vẫn không có động_thái gì . Đội_ngũ CSKH quá tệ , không giúp được gì cho khách_hàng .",0
"sd voucher nào với voucher shoppe vip cũng bị lỗi M 02 , đặt mì cay thanh_toán rồi nhưng huỷ đặt cái khác vẫn không hoàn tiền lại",0
mấy cái giang hàng ảo nên khoá vĩnh_viễn luôn đi . cứ để mua hàng rồi tự_ý huỷ đơn hàng của khách_hàng hoài .,1
ncc cho cái mã giảm 50k đặt xong bị huỷ vì bất_thường ?,0
hàng_hoá đát tôi không đủ tiền để mua,1
có nhiều voucher,1
vuýp,1
hàng đúng như mẫu nhưng nick ms thì bị lỗi mã 02,1
shoppe tuất không hiểu kiểu j mà không lm gì cũng bị giao_dịch bất_thường nhiều lần rồi chứ không phải 1 lần nữa,0
lỗi M 01 / D 01 dell thể_nào xử_lý dc,0
"Quảng_cáo lắm , đi đâu cũng gặp , đang ở trang này bắt sang shoppe",0
"shipper gọi điện_thoại hết pin , không nói nhiều 1 sao thẳng tiến",0
rất nhiều ưu_đãi,1
giao hàng nhanh . sản_phẩm tốt . rất hài_lòng .,1
nếu thgian giao quá dự_kiến thì tặng voucher mà shopper nó huỷ mẹ đơn r thì tặng vocher kiểu j ?,0
hàng kẹt ở kho quá lâu 4-5 ngày mà vẫn ở kho đấy r tự huỷ đơn luôn,0
tài_khoản đang mua bình thg thì bị khoá vĩnh_viễn 1sao châm trước đồ thì đắt hơn tik tok may còn cho một sao đó,0
săn đc rất nhiều đơn 0 đ,1
Vừa đặt_hàng đầu_tiên xong shopee tự_ý huỷ đơn hàng của tôi và mất hết giảm_giá Cho tôi lời giải_thích,0
"Chính_sách trả hàng hoàn tiền không rõ_ràng , gây mất tiền cho người mua .",0
"thích , tiện ính cho cuộc_sống",1
tự_ý huỷ đơn hàng yêu_cầu hoàn_trả voucher thì không hoàn_trả,0
top 1 ứng_dụng tôi luôn tin_tưởng tích _ cực,1
tệ_hại,0
giảm hơi ít,0
coi yt bị quảng_cáo quài là t con shopee,0
không đang nhập vào shop Pee,0
tốt rất ưng_ý Sẽ ủng_hộ nhiều hơn nếu rẻ,1
bỏ chức_năng vay tiền SEasy đi trời_ơi để Spay later thui là đủ rồi cái gì đâu 2 cái dữ vậy nè tui thì không có tài_khoản shopee nào nhấn liên_kết shopee pay hết nhân_viên thì nói chưa đăng_ký thông_tin và không quét sinh trắc học mà tự đăng_ký sđt người ta vào shopee pay là sao ủa alo ? nếu có chức_năng tự liên_kết sđt vào shopee pay thì bỏ lun cái đó lun đi tự đăng_ký sđt người ta à không hiểu luôn chừng nào người ta muốn liên_kết thì người ta liên_kết chứ .,0
làm_ăn kì_cục lâu_lâu đặt 1 đơn hàng cũng khoá cho đc còn k đưa ra đc lý_do khoá cụ_thể chứ,0
Đặt đc cái áo baby doll 0đ mà shopee tự_ý huỷ tôi bị huỷ gần 5 đơn rồi đấy mong shopee đừng vô_ý_thức như vy,0
đặt_hàng gần đến shopee nó tự huỷ hàng,0
"hoàn thì ko hoàn , ko đủ bằng_chứng",0
đặt_hàng xong rồi lại bị huỷ trả hiểu kiểu gì luân đúng là dạo này shopee giờ làm_việc cái kiểu gì ko bt luân,0
"đặt_hàng về , dự_kiến 22/7-23/7 tới mà đến nay chưa thấy , hỏi cửa_hàng thì bảo ship nhát giao",0
dùng mã giảm_giá cx k đc,0
nó tự huỷ hàng,0
"khi dùng shopee t có rất nhiều voucher giảm_giá nên mua đc rất nhiều đồ , khi là người mới còn có voucher giảm 60-80 k",1
App cui bap mua hang no k cho tra được dau nem tron app khác di,0
"Trước giờ bình_thường thì để vậy đi , cập_nhật trắc sinh_học gì đó , phiền . Không thanh_toán được . Vui_lòng cập_nhật lại app !",0
"chịu luôn quên mật_khẩu là khỏi đăng_nhập , rõ là khôi_phục tài_khoản bằng mã gửi qua sdt rồi mà vẫn bắt nhập mk là sao ?",0
Rất là tốt toàn đồ 0đ,1
Quảng_cáo lắm bực_mình,0
rất oki . mua thuận_lợi .,1
"bán hàng ko trung_thực , giao hàng kém chất_lượng",0
"shipper không liên_hệ với tôi bất_kỳ 1 cuộc_gọi nào vào báo là giao hàng_không thành_công và tự huỷ đơn hàng của tôi , tôi bị trường_hợp này rất nhiều lần rồi",0
Shipper lm vc thái_độ rất 💩 ạ . Đã v còn giới_hạn COD . Thúi địch lắm nhé app iu,0
"rút xu ở shopee live về thì báo bị lỗi , xong trừ tiền , không thấy hoàn tiền trả . cả tháng săn xu giờ shopee đớp hết à . tệ_hại . kêu_gọi mọi người sẽ k tải app shopee nữa cho sập luôn đi .",0
mua hàng giảm_giá thôi mà làm_khó nhau quá,0
chưa xài voucher đã ghi quá lần sử_dụng ?,0
tuyệt_vời . Chính_sách bảo_vệ khách_hàng tốt nhất .,1
12h đêm thông_báo nhắc đánh_giá đơn hàng . bộ mắc đánh_giá lắm hả ?,0
ăn quá dày,0
Đăng_kí vip xong k đc bn mã hết cảm_thấy rất phí tiền vì bỏ tiền ra mà mã cũng như lúc ch đk có_khi mã giảm còn k sâu bằng nữa,0
qc rất nhiều gây khó_chịu,0
như lồnnnnn,0
"Phiên_bản mới xấu , khó xài",1
del đặt dc,0
"sơ_hở là f02 trong khi mua hàng bth🙂 chịu pee , báo thì ko xử_lí cho ra_trò",0
vừa_mới dùng đã bị f02 chưa đặt_hàng bao_giờ luôn ấy🤡,0
"Tung mã giảm_giá nhưng giống không cho người dùng sử_dụng . Lưu mã áp mã như bình_thường ấn đặt liền khoá F 02 . Mình bị mấy tài_khoản rồi . Một tài_khoản thì lưu được mã nhưng đặt là huỷ đặt là huỷ do giao_dịch bất_thường trong khi quy_trình đặt_hàng của mình không hề vi_phạm . Báo với CSKH thì giải_quyết không ra_hồn , vấn_đề vẫn cứ tiếp_diễn",0
"suốt ngày quảng với chả cáo , đi đâu cũng gặp quảng_cáo shopee cũng đến chịu , cái voucher người mới ý là chưa đc xài nữa , tới khúc đặt xoá hết voucher là sao nữa vậy , rất là thất_đức âm phước ấy",0
yêu shopeee,1
tại_sao tui rút xu live mà bị từ_chối là sao ( v 01 ) ý là đưa ra lý_do hong hỉu nổi gọi nhân_viên CSKH thì bảo ko làm được do shopee tưởng số đt có vấn_đề đổi sử_dụng số khác cũng y_chang vậy mặc_dù mới sử_dụng tài_khoản làm_ăn mà ko đưa ra được lý_do đầy_đủ báo lỗi do khách_hàng vậy kêu khách_hàng khiếu_nại làm gì xoá lun khỏi mua nữa qua tiktok cho rùi đỡ bực,0
"Shopee hiện là nền_tảng thương_mại_điện_tử phổ_biến nhất tại Việt_Nam nhờ giao_diện trực_quan , danh_mục hàng_hoá đa_dạng và hệ_thống mã giảm_giá phong_phú . Ứng_dụng đáp_ứng tốt nhu_cầu mua_sắm từ bình_dân đến cao_cấp , tuy_nhiên vẫn còn một_số điểm trừ về khâu kiểm_soát chất_lượng sản_phẩm và dịch_vụ chăm_sóc khách_hàng .",1
rẻ đến_nỗi mức_độ thì thôi,1
như đb hàng thì mua lúc_nào cx bị huỷ,0
đơn bị chủ shop tự huỷ nếu không bán thì đừng đăng,0
đkí sdt mới lần đầu_tiên để sd mã giảm . mà đkí trong cùng 1 máy . mua cái báo hành_vi không đúng gì r huỷ đơn người ta mua . nói vi_phạm sử_dụng mã giảm_giá . ủa chứ choã giảm chi người ta đkí sd cái đủ lý_do hết á . làm như có sdt đkí mới dễ lắm z . r như 10 sdt cái có đủ 10 cái đt để đkí mới được à . trong khi 1 đt để đăng_nhập được 3 tài_khoản . tức đủ thứ,0
Quá rắc_rối,0
"acc hay xỉu , nói free ship là free ship",1
thông_báo mã giảm_giá thì liên_tục nhưng vào thì dell có với ko đặt_hàng gì nhưng vẫn thông_báo đang vận_chuyển thì cũng đến ạ thông_báo nhiều vcc,0
tốt nhất chất_lượng,1
như lônf,0
"lúc mua deal thì ko ghi rõ bao_nhiêu km , mua xong rồi bảo ngoài phạm_vi giao 800m . Hãm cũng vừa thôi chứ shopee",0
"Shipper_SPX_Phan_Bá Phúc ăn_chặn đơn hàng ko giao , đứng trc cửa chụp xong bấm lên app giao thành_công nhưng hỏi thì bảo để ở bàn nhưng khi KH bảo xin hình_ảnh shipper để ở bàn thì lại ko đưa ra đc . Hỗ_Trợ SPX Thanh_Mai thì hỗ_trợ hời hợi , kiểu ăn đc rồi giờ làm cho có . == > > Mn đặt đơn thì nhận đc đơn hãy trả tiền chứ gặp như mình thì Toang .",0
"hơi lag một_chút , shopee nên kiểm_tra lại những shop k uy_tín",1
"tạo app mua_bán trên sàn thì toàn khá nick , quét nick vớ_vẩn , huỷ đơn vô_lý , k cho lưu voucher . xoá app sang sàn khác mua cho đỡ bực_mình",0
đặt 0đ bị huỷ vô_lý,0
rất rẻ còn 0đ,1
"lúc giao lúc không giao là sao , đặt rồi cũng như không vậy , shipper muốn huỷ là huỷ muốn giao là giao , cần cái đó mà nó không giao , rồi còn nhiều lúc shipper thấy đường xa với lười vào , không gọi không hỏi xong tự_ý huỷ hàng , nói thiệt nha nó khác 1 trời 1 vực với bên tiktok shop á , tiktok shop vừa rẻ vừa giao vừa xem đầy_đủ thông_tin shipper , trải_nghiệm của khách_hàng đầu , còn shoppe thì hết nói nổi , khách đặt thiệt mà làm như đặt chơi vậy shoppe , quản shipper lại đi , phạt nặng vào cho đỡ lười",0
"chuyên_gia gửi thông_báo linh_tinh ko liên_quan , rất phiền",0
tôi thanh_toán thì nó lại bảo là cần phải xác_minh số điện_thoại tôi xác_minh rồi mà nó không cho đặt shopee ảo thế nick khác cũng thế,0
như tuyệt_vời,1
không đáng một sao đặt_hàng không giao mà tự huỷ của khách_hàng,0
free ship + x2 giá ?,0
"shoppe hỗ_trợ hoàn_trả rất kém , đơn hoàn_trả báo lấy hàng trước 31/7 bjo 2/8 rồi vẫn chưa thấy ship tới lấy !",0
Mua_sắm rất tốt .,1
gửi khiếu_nại nhưng không xử_lí làm tôi mất oan 100k,0
giao lâi,0
hàng 0đ cho người mới mà đặt_hàng thì kh đc nói là tk kh đủ điều_kiện mặc_dù tk của tôi chưa bao_giờ đặt_hàng,0
"quá tệ , giá cao thích thì huỷ đơn",0
sau có phần đánh_giá shipper dùm ? giao hàng gọi mãi k trả ăn luôn hàng của khách,0
"khoá tk ko lý_do , hỏi CSKH ko ai trả_lời",0
săn seo được bao_nhiêu đơn thì huỷ hết bấy_nhiêu đơn,0
không săn đc 0 đ,0
giao hàng cực_kì chậm đặt từ t2 mà cn vẫn chx nhận dc dù đã đến bưu_cục hôm t67 ship gọi bảo mai mà mà bẫn chx thấy giao,0
dm đang trong web cứ tự_động chuyển trang phiền vl,0
shiper rất chậm .,0
shopee lm ăn kì_cục sản_phẩm trên sàn đặt voucher có trong ví mà bị khoá acc f02 chả hiểu nếu k cho đặt thì loại_bỏ số vocuher đi chứ ta đặt mà bị đặt r ai dám đặt,0
"mua hàng thì nhanh , hoàn_trả hàng thì nhiêu_khê . 1 sao",0
đặc dễ_dàng giao hành nhanh,1
"đặt đơn nào cx bị thông_báo sẽ hoàn_trả về người gửi rồi chả nhận đc đơn nào trg khi tôi ko hề ấn huỷ hay gì , mất hết cả mã giảm_giá , đành phải sang tiktok shop mua hàng chứ đặt_hàng ở đây ko thấy gửi luôn",0
"đã huỷ đơn nhưng vẫn giao , bán toàn đồ giả giỏm , mua ko giao , yêu_cầu hoàn tiền ko cho",0
hay _ _,1
sinh ra chỉ để cập nhập à,0
mua hàng rẻ giao hàng nhanh liên_hệ phản_hồi trả_lời nhanh xử_lý mọi thứ đều ổn hàng_hoá đa_dạng phong_phú,1
"phiền , cứ lướt web 1 tý là qc shopee , đã thế còn tự nhảy trang , hiện thị 2 nút thoát giả , nchung siêu phiền",0
"các shipper đang có chiêu trò găm đơn của khách cho tự huỷ vì lười hoặc đường quá cồng_kềnh làm biến vô đúng không nếu vậy sao không điện cho người ta ra lấy , và định gps của shipper cứ đứng yên một chỗ mưu_đồ bặt xong treo để tránh bị app phạt shipper điện thì nói để mai đưa cho người khác giao rồi biệt_tích làm cho tài_khoản có_thể bị khoá vô_cớ nên xem_lại hệ_thống giao hàng ngay bây_giờ nếu đường quá cồng_kềnh ảnh_hưởng thì có_thể điện để tự chạy ra lấy",0
app đầu B mua hàng cứ huỷ huỷ m làm_ăn chán ko muốn nói đơn to 6m cũng huỷ đơn bé 10k cũng huỷ cái mã cha nó,0
đa_dạng hàng_hoá . gì cũng có .,1
"Tôi nhận hàng rồi , đóng_gói cẩn_thận , đúng mẫu ... cảm_ơn shop.chúc shop được nhiều khách ủng_hộ ... ! ! !",1
Ngu như lon,0
cha nơ đê cư coang cáo,0
hàng không giao đến,0
quảng_cáo quá lâu khiến trải_nghiệm kh tốt,0
1th8 vẫn chưa có hàng hôm_nay vẫn chưa có hàng,0
tôi cho 2sao vì shoppe người mới giảm 60k nhưng gi số điện_thoại vào thì k có giảm một đồng nào từ shoppe,0
tại_sao tài_khoản của tôi không đặt_hàng được ?,0
"giảm_giá thật nhưng giao ko đúng nơi , đến ko đúng địa_chỉ mình ghi",1
"shopee , có nhiều ưu_đãi , mã giảm_giá , phí vận_chuyển , Giao hàng tận nhà nhanh_chóng",1
"mục trả hàng kém lắm luôn ý thua tất_cả các sàn mua_sắm khác , lằng_nhằng xong thêm cái shoppe pay nữa",0
cho mã giảm_giá mà k cho người dùng đặt . tự_ý huỷ đơn của người dùng . quá tệ,0
gooddd,1
"đặt đồ từ 08/07/2026 app báo 11/07/2026 sẽ về mà 12/07/2026 không thấy tăm_hơi mà_còn âm_thầm đẩy hạn lên 14/07/2026 . Ít_nhất app cũng phải thông_báo từ trước chứ , vô tắc trách.Chó cắn áo rách 😡",0
"chờ_đợi đơn đặt_hàng đồ_ăn quá lâu , đã phải chờ hơn 45p mà ko cho huỷ đơn . 😡😡😡",0
mã nhiều,1
"good , tuyệt_vời",1
"Ứng_dụng tốt để tìm_kiếm mua_sắm những thứ mình cần , tiện_lợi và có nhiều ưu_đãi",1
khoá tk trong khi mới đặt một đơn bị f02 ngay_lập_tức mã 18% cũng bị khoá nữa hả .,0
mua hàng k hợp cũng k cho trả hàng,0
"suốt ngày quảng_cáo , làm nút tắt giả , app rác",0
mua hàng đúng như giới_thiệu ok hơn mua trên tiktok nhiều ae nên mua trên đây nhé gê vừa túi_tiền phíhip nữa,1
huỷ đơn vô_cớ,0
vó thể mua hàng ở đây nhuêuf mẫu_mã lắm luôn ấy,1
ddung fix tool ng moi nua xin day,1
"kbt trc thì bình_thường nhm bây_giờ cứ sao sao ấy ? điên lắm r đấy shoppe càng ngày vàng k ra làm_sao , ấn vào giỏ hàng để mua hàng áp voucher thì thoát ra miết ? ? lúc tìm_kiếm cx vậy thoát ra hoài rất bực khắc_phục dùm đi k thấy tiện đâu nhé ?",0
"tại_sao voucher dành cho đơn đầu_tiên của tôi cứ bị huỷ vô_cớ vậy ? ? ? tôi vừa_mới đặt một đơn hàng đầu_tiên và bị shopee huy đơn vô_cớ vs cái lí_do là "" giao_dịch bất_thường "" nên cho hỏi là bất_thường ở chỗ nào , mà trong khi ấy vẫn là đơn hàng đấy đặt vs 0 voucher thì lại được ? ? hay shopee chỉ cho cái mã giảm_giá đấy chỉ để lừa_dối ng tiêu_dùng ? hả ? ? ?",0
đổi máy đăng_nhập tài_khoản xác_minh khuôn_mặt toàn báo lỗi,0
"tốt dễ trả hàng , nhiều mẫu_mã , giá_cả hợp_lí",1
Đơn hàng đến ngày giao cho người nhận rồi hệ_thống mới huỷ sao lúc đặt không huỷ luôn đi mất thời_gian của khách_hàng,0
từ khi biết đến shopping ngày nào cũng dặt,1
mình đặt_hàng mà chưa mua được gì trên này . thấy thất_vọng .,0
voucher tôi quay ra mà cũng có lượt giới_hạn vừa có hiệu_lực cái là hết lượt chẳng dùng được gì,1
"Hàng tiêu_chuẩn , shope tuyệt_vời ! Chăm_sóc khách_hàng tốt luôn ủng_hộ shope !",1
"quảng_cáo giá này , bấm vào mua giá khác . tăng ép_giá người bán tăng_giá người mua . khốn_nạn vậy , app hơi sv nha",0
có lúc tôi muốn đặt_hàng nhưng ko đặt được,0
cc quảng_cáo j nhiều vậy,0
"Trải_nghiệm tệ , mua càng nhiều càng_ngày_càng không giảm mà bán mắc hơn , shipper thì tự huỷ đơn",0
"oke , đáp_ứng đc các nhu_cầu mua hàng của mình",1
cần bổ_sung nhiều hơn_nữa giải_quyết các vấn_đề về hàng hoàn chưa được,0
ok luon,1
tự_dưng bị huỷ đơn do giao_dịch bất_thường ? ? ?,0
xịn,1
"Rất tiện_ích . Kích_cỡ chữ nhỏ quá , muốn tăng tăng cỡ chữ to lên một_chút nhưng không biết làm thế_nào , ai biết giúp tôi với .",1
"đm qc hiện lắm vãi l 🥰 1 ngày t xem đc hơn tỷ cái qc shoppee chs hay xem app nào cũng phải chục hơn trăm cái qc shoppee đập thẳng vào mắt lại còn đợi lâu vcl 😔 ê ý là nó cứ bị phiền ý mà_lại còn lừa như sợi tóc giả , báo hết pin , nút giả xong rồi cộng cả nút nhỏ hơn cả bụi hụt phát vào trang mé thề t bực muốn ỉa một bãi vào người làm qc shoppee 💔",0
vẫnn ngon như ngày nào,1
k thíc,0
quảng_cáo ít thôi cái gì mà quảng_cáo lắm thế xem phim cũng quảng_cáo nghe nhạc cũng quảng_cáo,0
trải_nghiệm shopee như ngày_xưa và thấy vẫn thích hơn các nền_tảng XH khác luôn Đồng_hành cùng Shopee dễ mua dễ kiểm_soát chất_lượng và giá_cả mãi yêu,0
ngày_trước từng đánh_giá shopee là đỉnh nhất . nhưng bây_giờ ghét nhất_là shopee,0
"quá tệ , t vừa tạo tk lần đầu bằng sđt mà không cho mua",0
giao hàng tận nơi,1
"đặt_hàng xog tự hoàn về r báo kh liên_lạc đc , trong khi đó sdt vẫn dùng đc và kh có 1 số nào gọi đến để nhận hàng . Dù đặt trên máy khác và sdt khác vẫn v",0
shopeepay tự chuyển tiền thanh_toán giao_dịch ko đc mình cho_phép qua liên_kết ngân_hàng nha mọi ng ko nên tải ứng_dụng để bị mất tiền oan ạ liên_kết ngân_hàng mà shopeepay thanh_toán qua thông_báo mà lúc đó tui chx vô ứng_dụng ngân_hàng để xác_nhận chỉ thấy tài_khoản tự_nhiên bị chừ tiền mặc_dù mình ko xác_minh giao_dịch để chuyển tiền t sẽ đánh_giá 1 sao đến khi đc hoàn tiền và đc giải_thích tại_sao lại bị mất tiền mặc_dù t chx đồng_ý,0
"Trãi nghiệm thật tệ khi mua hàng đã lâu và nhiều lần trên Sàn , để rồi nhận được cái âm_thầm cắt Svip trong khi vẫn hiệu_lực , hỏi CSKH thì trả_lời không trọng_tâm , cứ đổ lỗi cho KH trong khi thời_gian gần đây tôi đã hạn_chế mua hàng lại thì lấy gì có gian_lận , có nghi_vấn , quét tài_khoản tầm_bậy_tầm_bạ rồi đổ cho tội cho KH hết , KH Kim_Cương nhưng giờ ưu_đãi thua tài_khoản mới vậy nên nhờ Sàn xoá hộ cái gọi là KH thân_thiết giúp , tôi không dám nhận thân_thiết và mua hàng trên sàn nữa Xin cảm_ơn",0
mới tải shoppe đăng_nhập nó tặng mã thì k mua hàng được là sao vậy shoppe làm_ăn kiểu này thì chịu r,0
cứ xác_minh số đt phiền VC 2 trở lên ko xác_minh đc ? ? ?,0
sao điện_thoại e vào shoppe không được vậy ad ?,1
khánh hàng mới giảm 80k mà bấm vô kêu hết hạn,0
"Quá xứng_đáng 1 ⭐vì càng_ngày_càng tệ , ban_đầu t thấy shoppe lúc trước bth mà_còn dùng oke nx , mà t tạo nik mới có voucher cho ng mới mà chx thèm đụng vô 1 tý j mới lưu về thôi mới nhập sđt vô để định đặt_hàng mà cái voucher hết hạn . t hoang_mang vì đầu tháng ng mới sẽ có voucher mới và t là ng mới mới ngày 1 mà đã thế . t bực lắm r đấy , nếu có 0 ⭐ thì t cho luôn k ⭐ vì shoppe làm_ăn càng_ngày_càng tệ luôn , bực thật đấy .",0
"vận_chuyển hàng quá lâu so với dự_kiến khi đặt_hàng , nhỡ hết việc",0
gian_hàng bán sai đơn hàng nhiều,0
tôt theo tâm giá . giao không đúng hàng,1
app dùng rất tốt,1
thấy cập nhập xog bị j á tự_nhiên đặt_hàng mua đồ bth mà cứ hiện lên là đơn hàng của bn bị huỷ do có hành_vi giao_dịch bất_thường chấm_hỏi thật_sự lun t,0
cần lời giải_thích từ shopee tôi đã mua một món hàng với voucher 100k khi tôi mua thì bỗng_nhiên lại huỷ đơn hàng của tôi và tôi cũng bị mất voucher là sao cần lời giải_thích phù_hợp tôi chỉ cần lời giải_thích shopee chơi mất_dạy vãi chưởng,0
ko áp đc mã,0
ở ngoài 0₫ bấm vô mấy chục nghìn . lừa_đảo à ? ?,0
rất là tốt và người sip pơ cũng trang_bị chỉnh chu quần_áo,1
"ko hài_lòng vì tài_khoản bị cảnh_báo có hoạt_động bất_thường nhưng ko cho biết đó là hoạt_động gì , hỏi thì chỉ cách xem như ko chỉ , chẳng bt mình có hđ gì để khắc_phục",0
"nói_chung là OK giao hàng nhanh gọn lẹ , người giao hàng nhanh gọn lẹ nhiệt_tình vui_vẻ .",1
Đơn_vị vận_chuyển không chịu lấy hàng thì làm_ơn đổi đơn_vị khác mắc_mớ gì bắt tôi phải đợi . Lúc_nào cskh shoppe cũng nói là liên_hệ với bộ_phận liên_quan nhưng hơn 1 tháng không xong . Khi tôi viết bình_luận này vẫn chưa xong . Tại_sao không đổi đơn_vị vận_chuyển khác hay sao . Không xử_lý được đơn_vị đối_tác của mình thì làm_ăn gì được Nói_chung là rất tệ,0
bỏ cái shopeefood đi,0
"shipper nhưng cái quần què để thì giao hàng thành_công mà hôm sau mới giao . có lần t thấy Giao hàng thành_công là tới 2,3 ngày sau mới giao là sao nữa , ý là tôi dùng mã miễn_phí vận_chuyển mà vẫn tốn 12.000 phí vận_chuyển là sao ta dùng mã miễn_phí vận_chuyển là 25.000 cái đó có 15.000 à xong rồi đó phải không đồng nhưng_mà nó vẫn dư ra 12k là sao nữa giải_thích coi lúc trước thì có 3.000 người ta chấp_nhận được nhưng giờ lại tăng_giá lên 12k .",0
đừng bgio đặt đồ_ăn trên này nhé mn,0
yyuk,1
tôtd,1
không đặt được hàng chịu shop luôn,0
tải về để xem thôi chứ ko mua tích _ cực ),1
tôi thích mua hàng trên shoppe . bên shoppe cho bên vận_chuyển SPX tôi thấy ko hài_lòng . hàng hôm_nay về ko giao để mai giao mà giao lúc 12:00,0
"Giao hàng siêu lâu , giao muộn tăngn 1 voucher thực_sự không thoả . Hơn_nữa bộ_phận cskh thì quá mất_dạy , khách chưa khiếu_nại đơn hàng xong đã tự kết_thúc , giá thì cao mà sàn làm_ăn mất_dạy không khác gì lừa_đảo .",0
dịch_vụ quá tệ đặt 10 lần may_ra nó giao 1 lần nhất_là hàng cồng_kềnh thì mơ nó giao phản_ánh lên tổng_đài cũng vậy,0
dùng như căk,0
đag chơi game thì thông_báo vô_duyên vãi c,0
"chán thật chứ , xác_minh tài_khoản mà cứ lỗi miết",0
tốt_đẹp,1
như L,0
"có mã nhưng không cho dùng , chưa kể tự_nhiên bị khoá acc , dù không làm gì , là 1 ng mua hàng bth mình nghĩ shopee nên cải_thiện phần quét acc , tự_nhiên bị dính nghi_ngờ gì đó . khiếu_nại gọi cskh chỉ ừ ừ rồi cho_qua không giải_quyết , nói là gửi mail về nhưng không gửi gì , acc shopee hạng vàng đến cái mã freeship cũng kh có , lại còn khoá vô_lí , không giải_quyết , tạm_biệt mua hàng onl",0
"Đăng_nhập ngày 3 lần để nhận nước tưới cây , mà suốt 3 ngày đăng_nhập đầy_đủ rồi nhận được nước mà_lại không tưới cây cho là sao , làm nhiệm_vụ goy nhận được mà_lại không có là sao , vcl hay lắm shopee",0
mặc_dù hàng lổi . nhưng sop vẩn đổi trả dể dàng uy_tín,1
Lắm lỗi,0
Shiper không shiper hàng,0
30 lần gặp qc có_khi qc tận 1phut,0
"yêu_cầu trả hàng nhưng liên_tục bị trì_hoãn 3-4 ngày liên_tiếp , nhắn cho bên c.sóc khách_hàng cx ko giải_quyết được vấn_đề . Lần nào trả hàng cx vậy có lần ko đến lấy luôn tôi bị 3 lần r",0
"liên_tục tự huỷ đơn hàng , dù chưa thông_báo hay hỏi ý_kiến tôi một tiếng , huỷ đơn xong khi bấm vào đơn hàng thì hiện "" người nhận đã huỷ đơn hàng "" ? tôi huỷ hồi nào ?",0
quảng_cáo đi đâu cũng gặp rất khó_chịu,0
khoá tk k lí_do,0
"Chính_sách ngày_càng thắt chặt , không bảo_vệ quyền_lợi khách_hàng , làm_việc cứng_nhắc , ko lẵng nghe khách_hàng , giải_quyết khiếu_nại cho_xong chuyện .",0
khóc khóc khóc khóc,1
ok đó = 3,1
good deal but need some improvement especially in live and discount coupon giving out .,1
đăng chơi ff thì thông_báo lag máy nên mất top 1 ? ? ?,0
trải_nghiệm rất hài_lòng,1
Tuyệt vời,1
"đặt nhiều đồ với giá rẻ quá nên bị khoá tài_khoản , thất_vọng cực , ko hiểu luôn",0
toàn giao không đúng ngày dự_kiến trong ap báo,0
không hoàn tiền được= <,0
bị khoá tại khoản vô_cớ nói là vi_phạm công đông mà ko có vi_phạm ko mua những thứ_bảy bả ko nói j thô_tục,0
đơn 0₫ mà bấm vào xem hoá_đơn thanh_toán 89k vl tht,0
đánh_giá mà ko quay vd đc mất100 xu ?,0
mẹ xem game có chứa qc nào cũng bị văng vào shoppe ap l,0
cho voucher rồi lúc dùng thì bảo tài_khoản bạn chưa đủ điều_kiện,0
"tệ vãiiii , thế mà còn có người mua nữa .",0
t ghét qc shoppe moẹ cứ dụ ấn vô : / nên lm ăn có liêm_sỉ hơn chứ lm thế chả ai ấn vào đâu,0
"đơn hàng suốt ngày tự_động huỷ , gây ức_chế",0
trả hàng quá nhiều yêu_cầu,0
khiếu_nại shoppe không giải_quyết,0
"app quần què gì nói tặng vocher 80k người mới mà vào thì hết mã trong khi ngày đầu tháng 1/8 , lừa đão thu_hút khách_hàng thôi , xoá app qua tiktok ok hơn",0
Trung_tâm hỗ_trợ nhg lên hỏi ko giúp đc cái j . huỷ đơn vô_cớ . ko giao hàng bị huỷ ko lý_do,0
ko có freeship,0
tiện_ích .,1
Trải_nghiệm tốt,1
tự_dưng huỷ đơn mà acc t có làm gì đâu mà bất_thường chịu luôn càng ngày xấu đi,0
Đặt_hàng bình_thường mà shoppe huỷ,0
ko tải dc,0
mẹ mua hàng nhìu cũng khoá tk ....,0
Đạt hàng mà tự nhiễn bị huỷ,0
tuỵt,1
"tuyển_dụng mua_sắm online , giá rẻ đa_dạng các mặt_hàng ... ! Tôi hài_lòng khi mua_sắm ở shopee 👍💗💗💗🍀🍀🍀⭐⭐⭐⭐⭐ . / .",1
app như L đánh_giá đúng r còn ẩn lý_do đánh_giá k đúng vs sản_phẩm vốn_dĩ ns đã như L r còn đòi giống qc m sủa z mà coi đc à não m k đủ nhăn để bt qc k giống vs thực_tế à,0
app càng_ngày_càng rác .. shop gửi toàn hàng hỏng .. hoàn lại đánh_giá 1 sao thì bị ẩn bình_luận . khoá luôn tk .. mà mình cũng mua trên sp 10 năm nay rồi .. có tiền mua đâu chả được .. shopee giờ càng_ngày_càng càng rác .. chuyển qua tt mua cho lành ..,0
cx đc á mà hàng nhìn đẹp giao về mắc 6 : /,1
giá_cả rẻ,1
mua hàng tự_dưng nó cứ bị huỷ😡,0
"Ưu_Đãi Siêu_Khủng_Sập_Sàn , Deal_Quá_Rẻ , Đổi_Trả_Hàng_Dễ Dàng_Nhưng_Tôi_Yêu_Cầu Dev Của_Shopee_Thêm Số_Dư Của Shopee_Để_Thanh_Toán Món_Hàng",1
"rẻ , tuỳ mặt_hàng loại dỏm hay cao_cấp nhưn tôi kh hài_lòng về giá vì nó hơi đắt",1
"được tốt , cho 1 sao vì lòng yêu nước , 5 sao tung quốc nên thôi ạ💗💗",0
tốt .,1
QUẢNG_CÁO PHIỀN VL,0
"app rác_rưởi , quảng_cáo tặng vocher người mới 80k , vào thì đã hết mà ngayf đầu tháng 1-8 luôn mà hết , đúng là lừa_đảo , mọi người né dùm đỡ mất thời_gian",0
ban acc vì người dùng sử_dụng tính_năng đăng 3 tài_khoản có sẳn trên,0
qc nhiều vc chs cj xem cj đều gặp qc shopee khó_chịu vl,0
"nhận đúng đơn hàng , shop đóng_gói cẩn_thận ok . .",1
Đg ngồi dùng app khác mà cứ tự nhảy quảng_cáo shopee lên . Khi xem QC ở game khác thì toàn bị chuyển trang,0
"shop tự huỷ đơn hàng = mất voucher ? ? , chịu shop đấy",0
"tiện_lợi , hiệu_quả , miễn_phí , thân_thiện , nhanh_chóng",1
"MÀY LỪA TAO À ? cái thằng shopee này nó để đăng_nhập spay nó cho 35000 xu , xong tao đăng_nhập cái quay ra mất mục nhận luôn , nó không cho cái gì luôn á ? SÚC_VẬT LỪA_ĐẢO",0
tốt dễ sử_dụng,1
"Cung_cấp đủ bằng_chứng hoàn hàng mà cứ bảo không hợp_lệ , hỏi không hợp_lệ ở đâu thì nín không trả_lời . Cho_phép lừa_đảo khách_hàng công_khai à ?",0
"dịch_vụ ship quá lâu , shipper thì txuyên ăn_trộm hàng",0
tôi mua 1 đơn hàng bị lỏi do nhà_sản_xuất tôi hoàn_trả đến nay 14 ngày chưa ai đến lấy hàng shopy thì trả_lời như không 14 ngày hệ_thống tự huỷ 2 lần nay đến lần thứ 3 còn phải chờ quá mất nhiều thời_gian của khách_hàng,0
ummmmm,1
Quảng_cáo quá nhiều gây ức_chế,0
giao hàng uy_tín hoàn tiền vừa_lòng khách_hàng,1
Cho mã khuyến_mãi người mới nhưng khi sử_dụng thì nói vi_phạm . Hỏi vi_phạm gì thì ko nói . Tệ vô_cùng,0
"Cứ bảo ưu_đãi 0đ này 0 đc , ko áp_dụng đc chán",0
ý là đăng_kí shopee vip để có mã nhưng_mà đăng_kí rồi mà_còn phải tranh slot mã nữa hã tích _ cực ) ) ),0
"tuy có vài chủ shop giao hàng ko đúng mô_tả , khó đổi trả , còn lại đa_số đều giao hàng như_ý , shiper nhiệt_tình tặng shope 5 sao",1
ship cute thân_thiện,1
mấy đơn săn 0đ hay 1 2k đều bị huỷ là sao vậy 🙃,0
ko giải_quyết được vấn đề.dịch vụ kém,0
từ khi mua hàng tại shopper tôi thấy mọi thứ trong nhà như đc đổi_mới,1
"giao_diện quê_mùa , không hiểu từ đời_nào cũng không cho nổi darkmode . rồi điền sai giới_tính lại đ * * được sửa .",0
Tốt hàng về nhanh chất_lượng khá tốt,1
"Hiểu nghĩa của săn sale là gì không , săn sale mà đẻ ra 11 bước mới cho hoàn_tất đơn .",0
tuyệt_vời 🥰🥳🥳🥳,1
tự_dưng không cho nhận xu nữa ? ?,0
có mã 80k mà toàn hết hạn là sao,0
chà dm có vuocher kh cho sài là sao nữa ? ? ? ?,0
"Trước mình k đổi được số điện_thoại , giờ đổi_mới số được rồi nhưng khi mở ví shopee thì vẫn mặc_định hiện số cũ , k thể liên_kết được tài_khoản ngân_hàng , mong bộ_phận IT sớm khắc_phục ! ! !",0
I ' m having trouble with the Shopee_Live coin redemption section . The option to redeem coins is no longer showing up . Everything else is working fine ! Thank you .,1
Giá niêm_yết không đúng nhưng khi bấm thanh_toán nếu không để_ý thì giá đẫ đội cao hơn nhiều . Mà shopee bây_giờ giá thường cao hơn tictok shop .,0
đang tin_cậy,1
rat ok va tien dung,1
chất_lượng mua thì ổn nhưng quảng_cáo làm văng game ép người khác vào Apple mk mà ko đc bị cáu ý,0
đặt_hàng mà shoppee cứ tự huỷ đơn hàng,0
"rất tệ , app đối_xử với khách_hàng thân_thiết rất tệ , vô_cớ khoá khả_năng nhận và rút xu từ shopee live & video",0
sao cứ mua là nó cứ báo lỗi MO2 là sao 😠 nay shopee ko cho dùng voucher,0
mua hàng đơn hàng 1056k mà hoàng lại có 352k hỏi shop và ng bán điều k hổ trợ trong khi trả đủ hàng,0
xem video lúc được xu lúc không . cho xu kiểu kì_cục,0
k đăng_nhập duoc bất_kì tk nào trên shoppe,0
chơi game không cho nước mất_dạy,0
"quảng_cáo rất rất là nhiều , khó tắt , khó_chịu , bộ ế lắm hay gì mà quảng_cáo dữ vậy",0
trong phần shopee live và shopee video không hiện phần xem video 1 phút để nhận xu và phần rút xu khônng có phần xen video 60 phút hoặc 90 phút để nhận xu rất khó_chịu 😠😠😠,0
quay voucher 20 lần toàn ra rất tiếc ko hiểu,0
đặt_hàng huỷ đúng tuất,0
quảng_cáo thấy mệt,0
"k sài đc , gõ trà sữa hay gì cũng không ra",0
duma qcao ít thôi dùng ứng_dụng nào cgx có qcao shoppee xong tự_động nhảy lung_tung cả,0
rất tiện_lợi cho mình và mọi người trong mua_bán hàng,1
"thực_ra thì cũng kh rẻ hơn ở ngoài bnh đâu , nhm dc cái tiện vca cgi cx có , nhiều lúc hơi khó_chịu vì sp cứ lag r giao chậm , nhm nch là cx oke",1
không gọi mà hoàn đơn người ta về,0
đặt_hàng cứ lỗi,0
"nhận hàng từ 18/7 và yêu_cầu trả hàng / hoàn tiền luôn do máy hỏng , lỗi không hoạt_động . thúc_giục mãi vẫn chưa có shipper đến lấy hàng lỗi . để người ta đợi lâu như_thế mà không có lời giải_thích nào . đến hôm_nay hết ngày 31/7 vẫn chưa có người đến lấy hàng , giục mãi và nhắn_tin thắc_mắc vẫn không giải_quyết ra_hồn . 1 sao",0
tôi rất thù_địch ...... trả hàng thì ... không được ... mất hết tiền người ta ! ! !,0
"có 100 xu cũng keo nx shop , ngày 5 lượt gắp tôi gắp 5 ngày 25 lượt mà có cái món cuối toàn rớt . giao hàng thì ok nhưng vì keo hay lỗi nên 1 ★ thôi .",0
ứng_dụng khốn_nạn nhất tôi từng thấy,0
Tuyệt lém nho,1
"ê bọn bây thích quản cáo tràng lang k , giờ đến chó còn đc chủ mua cho đồ shppe , trẻ_em còn đi săn sale cả ng già còn ngồi săn xu thì quản cáo tràn_lan lm j , có ai k biết_đâu , ai cũng biết mà quản cáo tràn_lan chi , phiền vl chỉ muốn xoá_bỏ cho xong.hỏi cả trời lẫn đất còn ai k bt shoppe k mà quảng_cáo , có quản cáo thì TINH_TẾ TÍ , LINK CHUYỂN VÔ SHOPPE QUÀI , PHIỀN",0
"ứng_dụng hay , nhưng làm toàn máy_cái quảng_cáo matday như nút thoát giả , tự nhảy trang v.v nên 1 sao cho được 0 sao là t cho 0 sao r",0
mua 1 đồ mất hết tất_cả má giảm_giá ứng_dụng kid,0
suốt ngày khoá tài_khoản không có lý_do,0
đặt shopee food cứ bắt xác_thực số điện_thoại lắp lại không cho đặt,0
"Suốt ngày quảng_cáo nút X giả , điều hướng trang lung_tung mấy cái logo lắc_lắc bấm x chuẩn cỡ nào cũng nhảy trang càng_ngày_càng ghét sàn này",0
làm_ơn hãy bỏ cái tab mặc_định video cái phiền_phức vãi ra,0
okay tốt lắm,1
cungx ok đấy,1
minh thich mua do tren shopee j cho khach kim han,1
huỷ đơn xong lấy luôn voucher,0
tải 10p chưa xong ? ?,0
"Đặt_hàng thì yêu_cầu sđt mới , xác_nhận mã otp xong thì mất đơn hàng và voucher ? làm_ăn kiểu gì vậy ?",0
quá ngon ☺️☺️☺️☺️☺️☺️☺️,1
Chiếc tính_năng ghép đơn tài_xế siêu lỏd khi đặt đơn hơn tiếng rồi mà vẫn không được . Thật_sự vô_cùng tốn thời_gian mà không đem lại bất_cứ giá_trị gì . chưa kể tới việc thời_gian cho phần đi chợ hộ trên app dư quá nhiều thời_gian khiến các shipper luôn trì_hoãn .,0
"bữa mua gói vip trên sàn nó nuốt 29k mà không có gói nào kích_hoạt , nay hoàn hàng còn hoàn vô ví shoppe pay khiến tao không rút về bank được , bộ muốn nuốt tiền của khách_hàng lắm hay gì ?",0
"quảng_cáo hiện ra màn_hình quá nhiều , rất phiền",0
"cho 1 sao t còn tiếc , quảng cào cái l , đg chs game mà cứ xem quảng_cáo là bị nhảy sang cái ap hãm c của cmay .",0
xưa còn thấy nhiều voucher giảm_giá nay ít vãiii,0
đặt_hàng mà shipper gọi đúng 1 cuộc r gọi lại thì kh bắt máy r tự_động huỷ đơn_từ hôm_qua tới h hàng trong kho r app lại để hàng của bn sắp đc giao tới đợi nguyên ngày kh thấy gọi r h 18:49 r vô app thì thấy về lại kho là ý j ?,0
không dùng đuợc mà không cho hoàn ? ?,0
chơi game gặp quảng_cáo dài vl bình_thường chỉ cần tắt 1 lần đây phải tắt hẳn 3 lần ! bực kinh_khủng,0
nhân_viên giao hàng ở Đại_Yên quá tệ không giao lại hàng lại còn ăn_nói láo_toét,0
ok . good,1
lỗi M02 cái mã bố nhà mày ko cho dùng thì vứt cmm đi còn dell đổi đc sđt còn đánh_giá thì bị lỗi sever ?,0
ngonnn,1
shoppe không có hiện xu thưởng từ 100 trở lên mạc dù tài_khoản tôi mới lập mong khắc_phục,0
người bán huỷ đơn hàng thì app không hoàn lại voucher dành cho người mới,0
Shop này rất ổn .,1
"Đội_ngũ giao hàng chuyên_nghiệp , thân_thiện",1
"Mua máy_lạnh , đã chọn miễn_phí lắp_đặt bên ngoài chỗ bấm nút đặt_hàng , xong vào trang mua thì xoá luôn . Quá tệ . Lúc liên_hệ thì bảo 1,2 ngày làm_việc sẽ liện hệ lại nhưng đợi cả tuần không thấy gọi",0
tự_nhiên khoá acc,0
"km cho mua 0đ , chọn mua xong khoá tk",0
"tự_nhiên bị dính F02 vô_cớ , chịu shoppe lm ăn chán",0
"Very good , interesting , and effective .",1
làm_ăn thiếu uy_tín lúc cần nt hỏi thì shopee chỉ nhắn chung_chung mà k giải_quyết cho khác hàng,0
đặt_hàng rồi xong lại bị huỷ,0
làm_ăn chán.tặng cái mã giảm 60k đơn 0₫ ngta đặt thì lấy hàng thất_bại đúng bọn bịp,0
app giúp mình có trải_nghiệm mua hàng rất vui,1
"kh gửi mã hay gì đó về zalo để xác_minh tài_khoản ngân_hàng , t thua",0
tại_sao phải shopee tại_sao lúc_nào tôi tải ứng_dụng nào về có quảng_cáo thì cũng về Quảng_cáo shopee vậy sao bạn có_thể có_mặt mọi lúc ở các ứng_dụng vậy lúc_nào tôi chơi thì cũng có có quảng_cáo của bạn đấy tôi thật_sự rất phiền bạn không lừa được ai đâu nhé cần có cả dấu x ( thoát ) giả 😍🤗🔥🦋😡😡,1
"Mình đã từng mua 1 tablet Huawei giá 8tr ( ko có bút gen 3 ) nên mình muốn hoàn tiền nhưng khi hoàn tiền thì Shoppee ko cho hoàn tiền lại cho bên Viettel , làm khó_dễ . 1 sao nhé",0
bán hàng mang về ko dùng đc hoàn hàng mãi ko ai tới lấy,1
"mua hàng thả ga đủ mọi thứ , nhiều khi có sự_kiện được sale mua hàng không cần nhìn giá lun , tuy rẻ nhưng hàng rất chất_lượng 💯💯💯💯",1
OK 5 sao,1
"tại_sao huỷ đơn , qua tít tót mua là vừa",0
goat mảng mua_sắm onl,1
khá tiện_lợi,1
"Lúc này sope giao hàng chậm quá , hoàn tiền đổi trả quá lâu . Nhiều lúc đơn hàng cứ nằm yên 1 chỗ hoài . Nhiều lúc đâu phải lỗi do người mua , mà xem_xét hoàn tiền đổi trả quá lâu . ĐVVC GHN làm_việc quá chậm , có đơn hoàn tiền hơn 3 ngày Không đến lấy , bên GHN rất tệ , J & T và SPX shipper rất là ok . Shoppe nên dừng hợp_tác GHN . GHN bị chê nhiều nhất .",1
mua quần_áo oki,1
I like it,1
"huỷ đơn vô_duyên vc mất hết voucher , mấy đơn dưới vài ngàn vài chục không huỷ đâu cái đến lúc cần mua manga đặt điện_thoại do có mã giảm giả là bị huỷ , cứ đơn trên 1 triệu là huỷ miết không biết làm_ăn kiểu gì . Mua biết_bao_nhiêu đơn rồi cứ "" phát_hiện bất_thường "" áp mã giảm_giá là bất_thường hả ? ?",0
không áp voucher cho người mới ! ?,0
App_Shopee tôi gỡ ra xong cài lại thì ko được . Cài được 35% rồi đứng im đó luôn . App đang bị lỗi hay sao vậy ?,0
"voucher 60k dành cho người mới còn ko cho sử_dụng , tiền ship thì cao chót_vót lúc_nào cũng bảo tiền ship 0k thật_ra tiền ship hơn 40k ai mà mua nổi với_lại bảo giao trong vòng ba ngày thì mới về . Thế_mà qua_ngày thứ ba rồi nhưng vẫn chưa thấy hàng về giống như phải đi ba vòng trái_đất vậy ! . Shipper cũng chẳng thân_thiện ít nào.Ko biết shopper bán hàng kiểu gì nữa hàng ko tồn_tại mà cũng đem ra bán được mình cũng ko hiểu được họ làm_ăn kiểu gì luôn ý.Đặt hàng rẻ thì nói "" giao_dịch bất_thường "" t k",0
"shopee ơi shopee mỗi lần vào app là vô mục live với video và tự_động giảm âm_lượng đt về mức nhỏ nhất không nghe được gì luôn á , shopee hãy cho khi mở app sẽ vô được trang_chủ đi , làm mình mắc_công tăng_âm lượng đt nữa 😞",1
"mua hàng mà toàn tự huỷ đơn ko huỷ kiểu gì đặt 2 lần cứ tự huỷ đi đơn của người ta , cho mã giảm_giá mua hàng đến lúc đặt thì tự huỷ",0
Tốt ! ! !,1
Hay,1
shopee mạnh thí,1
rất hữu_dụng,1
rất có_lý,1
lỗi ko đặt đc hàng còn khoá_số điện_thoại của người ta lại lúc_nào cũng lỗi,0
hiện_tại rất hài_lòng cảm_ơn shop,1
"rõ_ràng bảo ng mới đc giảm 80k mà toàn kô có , đã thế đặt đc đơn rẻ toàn bị mất hoặc huỷ vô_cớ",0
"giá tốt , giao hàng nhanh",1
mẹ đã k cho đặt_hàng rr còn lắm qq,0
dùng rất ok la lá lô,1
khá hay,1
"Giao hàng nhanh , ( đầy_đủ đồ tha_hồ mà lựa , có nhiều mẫu hot trend ) nhưng có vài vấn_đề",1
"dùng đc , nma quảng_cáo quá nhiều , đi đâu cx quảng_cáo , gặp đâu cũng shoppe , bực",0
đặt_hàng toàn giao chỗ khác,0
tự_ý huỷ đơn dù bỏ tiền ra mua shoppee vip . hỏi thì chính_sách abc . hoàn tiền thì ko . sắp qua thành ĐÀO LỬA rồi đó,0
"dùng mã giảm_giá mà app ko cho cứ báo lỗi ko đủ điều_kiện , thử bao_nhiêu nick và sđt khác vx ko đc , xứng_đáng 1 sao",0
shoppe uy_tín lâu_lâu lỗi tích _ cực,1
tốt nhất hiện_nay,1
"Mua_sắm thả ga , thật tuyệt_vời",1
chơi game gì cũng có shoppi,0
tôi đã chờ hàng rất lâu rồi nhận lại câu đơn hàng bị hoàn_trả lại cho người bán ? ? ? là sao vậy ? ? ? tại_sao lại tự_ý huỷ đơn hàng của tôi ? ? trải_nghiệm tệ,0
lừa_đảo vãi bảo liên_kết shoppe pay thì nhận đc 60k xu liên_kết xog mất luôn chẳng nhận đc j,0
ngon rẻ,1
"quảng_cáo đăng_nhập shopeepay tặng 30k xu mà đăng_nhập xong app không tặng phần nhận 30k xu mất_tích không giấu vết , chịu mấy app quảng_cáo láo như này",0
có nên xoá app không . shoppee bỏ bùa t rồi . lương 5tr mà 1 tháng tiêu vào shoppee gần 7 triệu . t phải xoá app . sossssss🤧😑,1
đang xem tiktok thì chuyển qua shoppe ? ? ? ?,0
"ap lớn rồi mà quảng_cáo lắm thế , đọc truyện online thôi mà link quảng_cáo toàn của shoppe với trang cá_độ , tưởng đâu ngang_hàng không á .",0
ung_dung hay,0
Shopee is very good 👍👏,1
nhiều hàng kém chất_lượng,0
"shopee rất thuận_tiện cho cuộc_sống , shopee bảo_vệ người tiêu_dùng quá tuyệt_vời",1
"Shopee xử_lí rất thoả_đáng cho người tiêu_dùng , rất trân_trọng shopee , sẽ ủng họ shopee mãi_mãi",1
"App chứa_chấp lũ gian_thương bán đồ giả , chê thì giãy đành_đạch lên ban acc",0
"1 / tôi phản_đối ứng_dụng Shopee , tự_động giảm âm_lượng điện_thoại khi vào app .. thật quá phiền_phức , tại_sao lại phải làm như_vậy .. 2 / khi vào ứng_dụng , âm_thanh của các clip quảng_cáo cứ tự_động phát mặc_dù tôi không muốn xem , không mở clip .. đề_nghị Shopee cải_thiện",1
Ứng_dụng rất tốt có nhiều mã giảm_giá ưu_đãi,1
oke á có nhiều mã giảm_giá,1
ra không g tế u,1
Nick bị khoá liên_tục mà không hiểu lí_do,0
quay đc cái mã giảm_giá nó kiu tới 12h tối sài đc tôi đợi tới đó cái nó xoá mất > = ( (,0
ứng_dụng quá tốt,1
Voucher giảm_giá ghi hết hạn lúc 00h mà mới 23h50 đã không cho đặt,0
giao hàng hơi chậm tí,1
"tài_khoản cứ bị f02 vô_cớ , bị khoá tài_khoản rồi yêu_cầu mở lại , mở lại xong bị a02 chịu luôn , ko mua đc gì nữa",0
hoàn tiền rường rà vl kh như tiktok,0
mua dễ dính hàng fake nhưng iu vẫn iêu shoppe nhất,1
"voucher ng mới lỡ ấn huỷ là mất luôn ? ? ? Tệ , trong khi m vừa đặt đã huỷ chứ k phải đợi shop đi đơn mới huỷ thì khách_hàng vi_phạm điều gì mà shopee không hỗ_trợ hoàn voucher.Quy định_kì cục thật_sự Shop thì mất thêm 1 đơn , Khách thì mất voucher.Shopee cung_cấp dịch_vụ đáp_ứng nhu_cầu mà quy_định càng_ngày_càng gắt_gao ? M không biết việc huỷ vậy là ảnh_hưởng tới quy_mô của shop à ? shop mất 1 đơn k nhận được đồng nào hay sao ? ? ? Hay shopee phá_sản vậy ạ",0
chăm_sóc khách_hàng như lonnn,0
"Chương_trình khuyến_mãi thì tung ra cho cố xong rồi dùng hệ_thống quét ảo để huỷ đơn hàng_loạt của khách . Đặt thành_công , shop chuẩn_bị vận_chuyển đến bưu_cục hết rồi shopee mới huỷ với lý_do ngớ_ngẩn . Trải_nghiệm mua_sắm tệ nhất từng thấy trên sàn !",0
"đặt_hàng , bên giao hàng không giao tự hẹn giao lại , nhá máy , rồi gửi ngược_lại shop .",0
rất hữa ích,1
"mẹ thiệt á chớ cứ lúc xem phim hay chơi game trên web là quảng_cáo hiện ra , nút tắt còn bé tí nữa",0
mình trả hàng vì shop dùng ảnh AI chứ có pk khiếu_nại vì t k có nnhu cầu đâu chán vl,0
Đăng_ký shopeevip được vài ngày đã khoá voucher không cho lưu . Giá thì cao mà k cho áp mã thì khác j không cho mua nx,0
"Mua , trả hàng thuận_lợi . Ok tốt",1
ngon cứ cho thêm vocher tài_khoản phancuong59 là cứ 5 sao đều hehe,1
"Sao qua nay mình không tải app về được vậy shoppe ơi , nó kêu lỗi gì á",1
"điên mất ? ? ? ? nvien thì cứ kêu thử lại sau 24h r 3ngày là sao ? ? ? ? hỗ_trợ thì k hỗ_trợ thái_độ lấc_cấc , đã gửi yêu_cầu rất nhiều lần mà k lần nào hài_lòng , khoá tài_khoản ng dùng là sao nữa , k thee thoát số điện_thoại giờ k dùng dc nữa",0
sao lại không cho tải shopee để mua hàng nữa vậy,1
spam app quá nhiều,0
"người mới tạo nink để mua hàng , có mã giảm_giá cho người mới áp vô để đặt_hàng mà đặt là cứ tự bị huỷ.đúng là shoppe lừa_đảo",0
Lúc trước app chất_lượng kém bây_giờ càng_ngày_càng cải_tiến hơn rồi đó 👍,1
"qc rát nhiều vl , rất phiền",0
Huỷ đơn người dùng ko lí_do,1
vip quá,1
rẽ và phisip nữa,1
cho mã mà cứ mo2 thì cho làm_gì,0
rất là hữu_ích với mình,1
Sao cái voucher người mới ko xài đc v,0
shipper lấy thêm tiền của khách không trả,0
"rất tiện_lợi , nhiều ưu_đãi",1
đang chơi game bị văng,0
"app thì lag , qc thì phiền 🙂",0
"linh_hoạt , có hỗ_trợ người tiêu_dùng",1
rất tiện và linh_hoạt,1
dc hàng 1đ thì lại không cho đặt,0
"Thuật_toán chống gian_lận ngớ_ngẩn nhất từng thấy . Đơn hàng người ta mua chân_chính , vừa tới bưu_cục thì tự_động huỷ rồi đổi thành ' giao hàng thất_bại ' để phủi trách_nhiệm . Vừa hại khách , hại shop vừa hại cả shipper . Quá thất_vọng !",0
tốt chuyên_nghiệp,1
"Dễ_dàng mua_sắm , giá_cả hợp_lý",1
"wifi mạnh mà lần nào vô phần xu cũng để lỗi kết_nối , lướt thì bth",0
"đặt_hàng r Tài_khoản bị khoá chả hiểu s luon , không làm gì mà tài khoảng cx bị khoá , khoảng vài ngày thì đăng_nhập vào đc mà cả 2 đơn đặt trước đó đều bị huỷ , khó lắm ms săn đc mà tự huỷ đơn luôn , tệ !",0
Địa_chỉ đúng tự_nhiên bắt xác_minh địa_chỉ lại đặt_hàng bắt xác mik đúng địa_chỉ xong đặt vẫn bắt xác_minh tiếp đặt đi đặt lại vẫn bắt xác_minh trong khi xác_minh rồi có bị đao không vậy shoppe 🙏,0
okie,1
tệ nêu địa_chỉ rồi mà cứ đòi nhập gì để bảo_quản thành_công,0
lâu_lâu hơi lag nhẹ,1
shopee gì mà chơi gì cũng có quản có shopee bộ mắc quả cáo hay gì v,0
khách mới thì ko dùng đc vouncher hàng bị lạc mất thì ko hoàn lại vouncher hay gì đó,0
sao tài_khoản mới của tui không có mã freeship nào hết vậy tui không mua được gì hết vậy_mà nói gì cũng freeship,0
"mua áo về ko vừa mà ko cho đổi , h dục đi chứ mặc j dc",0
không giải_quyết được vấn_đề cho khách,0
thấy người ta mua cái gì đẹp lên shopee là có ngay,1
mình nghĩ shopee nên thêm cái giao_diện nền tối .,1
ước được đơn nào cũng ko đồng,1
ko đat đươc hàng,1
"shipper rất tệ , nhiều đơn cả chục ngày di_chuyển đi về trên bưu_cục ko giao thành_công trong khi ko thấy gọi điện hayphản hồi j , phản_ảnh cũng ko giải_quyết đc .",0
đang chat sếch s m cứ hiện lên xong nhảy app của t v shoppe ?,0
chịu app,0
tuần này có shopee mua đồ điện_lạnh tôi chỉ cần ngồi yên một chỗ đặt_hàng tôi thấy hàng ở shop diều sáo suốt chiều suối Đông là uy_tín nhất hàng chất_lượng chiều bay cao bay ngang thì khoẻ bạn nào có nhu_cầu chơi diều sáo lồng có nhu_cầu mua Lan về tự làm thì hãy nêu sự giống mua nha siêu uy_tín luôn,1
"bán toàn hàng đểu , kém chất lg , hở ra là marketing mà chả kiểm_duyệt khắt khe.Mua về mất tiền chứ đc cái vẹo j.T mua đồ mà là hàng tái_sử_dụng , bực vc.Uy tín : 1 sao",0
qc khó_chịu,0
"shopee làm_ăn bố_láo , trả hàng nhưng không hoàn tiền",0
nó cứ Quảng_cáo hoài_á,0
"Nhân_viên Minh_Vũ rất vô_dụng , có 1 vấn_đề hoàn hàng xử_lý 10 ngày ko xong , shipper thì gian_dối ko đến lấy hàng mà dám báo 2 lần khách ko nghe dt , cả ekip làm_việc vớ_vẩn như nhau , mn hãy qua sàn khác mua cho đỡ bực 😡😡😡",0
lướt tik nghe nhạc mà 10 vid thì 9 vid quảng_cáo shoppe ? ? ý là bị nhiều qus í hiểu ko,0
tai ko dc tưc vaio,0
"Sản_phẩm 0đ , đặt về nhưng không nhận được , Shipper chụp hàng đã nhận nhưng không ở địa_chỉ giao hàng , vậy thì tạo sản_phẩm 0đ làm gì cho shipper cay rồi không giao hàng cho khách ? Yêu_cầu cần có trách_nhiệm và làm đúng quy_trình chứ không phải hàng 0đ cứ thế lấy là lấy_rồi không thèm giao đến cho khách dù hàng là khách đặt . Ngoài_ra nếu không được hãy làm_việc gắt hơn với shipper , đây không phải lần đầu xảy ra trường_hợp này . Ngày giao hàng bị đổi vô_cớ dù không gặp bất_cứ vấn_đề gì .",0
"shipper Shopee dạo này giao hàng_không liên_lạc trước , chất_lượng dịch giao hàng kém , không nên thanh_toán trước khi mua hàng",0
chất lựợng ngày_càng đi xuống .,0
shoppe tự_ý huỷ hàng của khách là sao ? ?,0
"nhiều voucher free ship , giảm_giá",1
khoá tài_khoản vô_cớ cho mã dùng thì nói là lạm_dụng ?,0
shipper tệ,0
tìm sp mà cứ bắt xác_minh bực lắm r đấy,0
đơn_giản vì nó 1 sao thôi k cần thắc_mắc 😂😂😂,0
chính_sách rườm_rà . không minh_bạch,0
"mẹ cm đọc truyện cũng chèn quảng_cáo sang ứng_dụng ý là khó_chịu vch ý , 1 đống người mua hàng vẫn đell chịu đc à , ảnh_hưởng ngta sử_dụng đt vãi ra , xoá mẹ đi cho r , phiền vl",0
số đthoai nhập vào ko dc,0
nồi ngta đặt 5lit shop 1lip2 trả hàng lại shoppe kh xem_xét nói đúng sản_phẩm ngta đặt 5lit giao 1lit2 mà đúng cái gì,0
đặt_hàng mà tự huỷ hàng của khách mất luôn mã giảm cho 1 sao,0
"shipper tự_ý huỷ hàng của khách mà không gọi điện , khách phải đợi hàng rất lâu , mình rất thất_vọng",0
"quảng_cáo tự nhảy trang , làm giả cọng tóc , hiện pin yếu mà lúc đang đầy pin , rất tệ khi quảng_cáo , nút bấm giả làm cho người dùng ấn nhầm",0
bt sử dụg là app nào cx tốt cười _ tươi,1
tôi rất tin_tưởng và thường_xuyên mua hàng,1
shipper thái_độ tệ liên_hệ bộ_phận hỗ_trợ không được,0
"xử_lí những đơn hàng ok ,",1
raats hay,1
tiện_lợi có_thể nạp geme,1
sử_dụng quảng_cáo có dấu tắt quảng_cáo giả,0
không đáng,0
rất tốt và đáng tin_cậy,1
đặt 2 đơn bị huỷ ht,0
trừ tiền mua hàng rất nhanh mà hoàn tiền thì 7-14 ngày,0
k bảo giờ tải lại app này để mua hàng . ship k giao hàng mqf báo người ta k nhận rồi tự_động hoàn tiền trả hàng,0
tự_nhiên cho mã xog đặt_hàng lại huỷ,0
"bên vận_chuyển còn hờ_hững không có số của shipper để liên_lạc đơn hàng chưa giao cho người nhận shipper chỉ cần chụp hình đơn hàng xong để đã giao cái lấy mất đơn luôn , voucher cho người mới thì đặt xong đợi 1 tuần đơn không giao cái app tự_động huỷ đơn cái mất voucher 60k app làm_ăn tệ vãi",0
"sự_tích luỹ tại_sao bị mất.shop không nên làm_vậy , su phải làm nhiệm_vụ nhiều ngày mới tích_luỹ , mới hôm_qua 9400 nay còn 6900 là sao để nghị xem_lại",0
"Tôi muốn mua meo trồng nấm , gói có tăng kèm rơm , có_thể sẽ mua lâu_dài , trồng để ăn ,",1
trả hàng thì trả luôn cái mã giảm_giá điiiiii,0
rất hài_lòng với những gì shoppe đem đến cho tôi . mong rằng shoppe sẽ quản_lý người bán đúng hàng đúng chất_lượng,1
đặt 10 đơn huỷ hết làm mất mã,0
dich vụ giao hàng của SPX là tê nhất . trạm_trưởng Thạnh_Xuân q12 Không bố_trí người giao cho khách . goi tổng_đài thì không giải_quyết . dịch vu ngày_càng kém,0
vừa có_thể mua hàng vừa có_thể chới những trò_chơi rất là hay,1
làm j cx quảng_cáo diien thật 1 phút quảng_cáo 1 lần bộ thiếu lắm à,0
thích_hợp cho nhu_cầu mua_sắm của tôi,1
"tệ ! ! thứ 1 : trả hàng hoàn tiền làm_ăn kh có trách nghiệm , cskh là chat box AI kh giải_quyết đc vấn_đề thứ 2 : shipper kh tới lấy hàng và cx kh gọi mà tự_ý cập_nhật lên hệ_thống là kh liên_hệ đc và khách hẹn ngày khác thứ 3 : tổng_đài vận_chuyển cúp máy ngang khi đag nghe khiếu_nại của khách ( vì mình đã gọi đến lần thứ 2 cách lần thứ 1 3 ngày nên chắc kh muốn giải_quyết cho mình )",0
tự huỷ đơn hàng tại người mua được voucher tốt ? ? ? = ) ) ),0
"quá xịn xò , ở nhà ngại ra đường thì ghé shopee.Đúng là gì cũng có mua hết ở shopee🤩",1
đặt_hàng thì tự_nhiên huỷ đơn xong lấy luôn vochr,0
"Đã sử_dụng shopee , cảm_thấy hài lòng.Tuyệt vời đánh_giá bổ_sung sau 3 năm vẫn cảm_thấy rất tuyệt_vời",1
huy don hang voi ly do vo ly,0
quảng_cáo rất phiền nha ! !,0
như đầu buòii,0
như l nhé,0
chưa thấy sàn nào ép khách mua hàng như_vậy . hàng không ok ngta trả cứ tự_ý huỷ yêu_cầu trả hàng . làm_ăn trơ_tráo . qa tik Tok mua còn ok hơn,0
hiện thị nhiều mục quá .. phiền_phức,0
rất tốt k còn j để chê,1
rat hai_long,1
qcao quài k thấy phiền hả má,0
vận_chuyển tự huỷ chuyến ko giao hàng ko gọi điện luôn,0
tại_sao khoá tk Shopee k cho dùng là sao,0
"k giải_quyết được vấn_đề giao hàng và nhận hàng , shop đóng_gói xong hết , hối lấy hàng mà đvvc SPX k chịu lấy , bắt tôi phải chờ lâu thì tôi cho 1 sao",0
ok quá tuyệt,1
ap dthw,1
"đang đặt_hàng thì hết pin điện_thoại , mong shopee khắc_phục : 》",0
tuất quảng_cáo bẩn,0
"⭐ 1 sao Mã “ đơn đầu_tiên ” chưa dùng lần nào mà đã hết hạn 🙂 Vậy ưu_đãi cho người mới để làm gì ạ ? T bực vl ấy , kì vừa thôi ? ? ? ? ? ? ? ? ? ? ? ? ?",0
"Mình thấy Shopee rất đa_dạng về các mặt_hàng , tuy_nhiên có cả hàng tốt và hàng xấu . Mặt_khác Shopee đã bảo_vệ quyền_lợi của khách_hàng , khi mua hàng kém chất_lượng có_thể hoàn_trả . Điểm này của Shopee giúp khách_hàng yên_tâm khi mua_sắm các sản_phẩm",1
tệ . Không có nhu_cầu nữa không cho trả hàng,0
"tự_ý huỷ đơn vì nghi_ngờ giao_dịch bất_thường nhưng tôi lm giao_dịch như bth ko có lm j bất_thường , tôi yêu_cầu bù lại voucher thì họ ko bù lại cho tôi . bt là cần an_ninh r nhưng cũng phải kiểm_tra kĩ r hẵng huỷ đơn của ng dùng sau đc ko .",0
""" ( M 02 / D 02 ) : Rất tiếc , ưu_đãi này hiện chưa_thể áp_dụng cho tài_khoản của bạn . Vui_lòng chọn ưu_đãi khác nhé "" . Voucher ưu_đãi người mới đấy à ?",0
Không hài_lòng tí nào,0
"miễn_phí ko thấy , tính tiền quá_trời",0
cảm_ơn shopee giúp tôi qua cơn đói,1
rất vui vì được dùng,1
lướt ảnh xem thông_tin sản_phẩm mà cứ thấy cái khung live bên phải chắn hết cái cần nhìn . khó_chịu và phiền dấu X để tắt cái live đi thì bé tí . phiền,0
"t bị run tay á ? đừng hiện quảng_cáo nhiều mà_còn cái nút nhỏ cíu nữa được không , khó_chịu vcl ?",0
ủa thấy okey mà,1
Đặt_hàng giao khá là nhanh,1
ất,0
rất ok men luôn,1
"App ổn sài tốt , nhưng đôi_khi bên khâu vận_chuyển đi hàng rất lâu",1
"tốt , đẹp , nhiều sản_phẩm đẹp hay",1
"giao hàng nhanh và thân_thiện vui_vẻ tuyệt_vời , bao_bì cẩn_thận rất tốt , có dịp là ông ngoại sẽ ủng_hộ tiếp cho shopee ngay",1
không có đồ 0đ,0
nếu đã k muốn giảm_giá thì đg có cho mã r tự huỷ hàng,0
dạo này đặt_hàng toàn bị huỷ thôi,0
bắt phải nhập số điện_thoại mới mà tôi lại không có,0
"quảng_cáo lắm r còn tự văng vô luôn phiền vcl , ghét nên xoá cmnr",0
dit me chs game gì cx có quảng_cáo sho brre,0
sip thái_độ,0
vì shoppe nên mik mới đăt hàng đc còn cs mã vô chờ,1
"Shopee làm_ăn như_vậy càng_ngày_càng làm ng mua lẫn người bán thất_vọng . Biết là sân_chơi có quyền gì thì làm , nhưng ít_nhất khoá nick hay huỷ hàng người ta cũng phải có lí_do bằng_chứng chính_xác . 1 số người lạm_dụng lòi ra thì không sao còn người dùng trong_sạch thì bị khoá nick huỷ đơn . Tạo ra cái con Ai chẳng ra thể_thống cống_rãnh gì , hỏi vi_phạm cái gì thì không lí_do , không giải_thích không phản_hồi . Ăn đc mấy cái vote 1 sao cũng không sợ nên v , giờ chuyển qua laz với tiktokshop mua thôi .",0
khoá tài_khoản vô_cơ,0
hết voucher trước hạn r🥲,0
"giao hàng lâu vãi ra , đơn hàng cứ ở trong bưu_cục gần 4 ngày rồi , 3 ngày nữa là 1 tuần mẹ rồi mà vẫn đang ở bưu_cục . Không hiểu phân_chia đơn hàng như nào luôn í , lúc đầu đặt_hàng thấy gần tưởng sẽ giao nhanh tầm 1-2 ngày ai_ngờ tận 4-5 ngày rồi vẫn chưa giao",0
đặt những đơn ko đồng thì lại huỷ mất của ng ta shoppe nó tự huỷ á trời tự huỷ vô_cớ,0
qcao lắm 1s,0
tốt nhiều mã giảm_giá,0
đớp sâu đấy tích _ cực,0
"nhiều quảng_cáo , gây phiền",0
"Dùng thử gói shoppe vip nhưng bấm huỷ lại bị báo lỗi , rồi nó tự gia_hạn xong bị trừ tiền",0
ứn,0
"shope càng ngày , càng làm_ăn vớ_vẩn , bên giao hàng ẩu . làm hỏng hàng vỡ hàng . ko cho hoàn_trả . mất uy_tín ...",0
tự huỷ đơn khách_hàng ?,0
không có mã gì cho người mới,0
"mua shoppe vip r mà_còn phải dành giật nhau cái mã 35% , chán chả buồn nói",0
chê rất chê,0
"Quảng_cáo chán , 5sao",0
tặng nhiều ma giảm_giá nhưng không có bán quá nhiều cá_cảnh,1
tự_dưng hàng không gửi trả hàng về hoàn hàng r ship ko gọi gì hết là sao nữa,0
ko mùa đc hàng,0
đặt_hàng và giao hàng ok,1
thật tuyệt_vời mọi người ơi,1
"khá tốt ,",1
shipper tự huỷ đơn nhiều lần mà shoppe kh xử_lý !,0
"đăng_kí số điện_thoại mới luôn nha , cho mã rồi mới mua hai đơn hiện thông_báo vi_phạm lạm dũng mã thế cho mã làm gì ?",0
Hữu xạ tự_nhiên hương . Đừng rải quảng_cáo theo kiểu spam thì shopee sẽ được yêu_mến hơn_nữa .,1
nhanh là ok,1
"đặt mà cứ bị huỷ quài chc xoá shoppe lun quá , đặt r huỷ của ngt hg lý_do",0
hàng tốt mình thích mua cà_phê .,1
rẻ mà đẹp,1
giá_cả hơp lý mẫu nã đẹp ...,1
"cố_tình gian_lận trong trò_chơi ở shopee xu , ko muốn người khác thắng thì đừng có làm",0
mất luôn voucher mà ko nhận đc hàng,0
shopee có một đống voucher luôn Xài đã,1
khó sử_dụng,0
quá rẻ,1
mua hàng trên shope là một niềm vui vì tin tuyệt_đối chính_sách và chất_lượng sản_phẩm,1
mỗi khi tôi không cần đi tôi vẫn dùng cái này được,1
sao lại khoá ko ko tôi đặt,0
ngon v,1
"RẤT OK , , , RẤT ƯNG_Ý",1
cái gì cũng có những bước chân từ shoppe,1
"tạo nick mới thì sẽ được dùng mã thì vào dùng mã thì lại nói , rất tiếc , ưu_đãi chưa_thể áp_dụng ... ko đặt đc hàng",0
cho vocher nhưng ko xài còn bị khoá nữa mình cày cả 10 mấy năm nay rồi huhuhu,0
trang thương_mại_điện_tử tốt nhất tôi từng_trải nhmghieejm đến giờ,1
nhiều món đồ hay_ho,1
app ngày_càng giảm chất_lượng tự_động huỷ đơn đã đặt đã thế còn không_thể trả hàng,0
Ra sự_kiện về Manchester_United đi .,1
"k đặt đc hàng , shoppe bị ngáo",0
Quá vvo lý_do,0
Khoá tài_khoản vô_cớ,0
hàng về nhanh hơn 1 ngày.đúng như tôi dự_đoán,1
ứng_dụng mua_sắm rất tốt,1
"t yeu shopee , voucher ng mới siêu đã luon , đã v giá cũng mềm nua",1
Toàn lừa thôi ảnh mô_hình sai sự_thật ghi giá không rõ_ràng lúc thì 35 lúc thì 90,0
app tự_ý huỷ đơn khách . cứ đơn ưu_đãi huỷ vô lý_do . app lừa_đảo,0
"khốn thật , nhận xu cũng có vài trăm xu thôi , được bữa nhận nhiều hơn qua hôm sau chỉ được nhận 1 xu nếu xem video tích _ cực",0
tệ lắm đặt_hàng mà cứ cứ tự_động huỷ chịu luôn,0
t vào đây là vì cái quảng_cáo của shopee nó khó chệu,0
tự_ý huỷ đơn hàng người khác,0
quá ok luôn nè 😜,1
Mua hàng có rất nhiều mã giảm_giá frre ship và các mã giảm_giá tiền .,0
hay .. thiết thực,1
voucher thì nhật thì kêu kh đủ điều_kiện lúc áp dc rồi thì lại bảo lỗi khó_chịu vsoi cái app này lâu r kh nên tải lằm chi cho tốn dữ_liệu mn nhé,0
"trải_nghiệm mua_sắm trên shopee rất phong_phú về các mặt_hàng tiêu_dùng để lựa_chọn ,",1
"quá tệ , tận_cùng của sự tồi_tệ",0
vẫn tệ như mọi_khi nha mng,0
QC nhiều,0
mua hàng tiện_lợi nhưng phí ship luon cao . ko đc phi ship nhưng vẫn luon ủng_hộ shopee mong shopee phi ship cho e tích _ cực,1
"ổn , sàn mua_sắm khá uy_tín",1
"mê quá , mình đặt đơn nào shopee cũng tự_động huỷ",0
mua_sắm oki,1
quãng cáo nhiều vcl,0
xàm,0
"Nhiều hàng đặt rồi nhưng khi đến kho khu_vực lại ko thấy giao trg nhiều ngày rồi tự huỷ , rồi bị nhiều lần liên_tục và khoá luôn chức_năng thanh_toán khi nhận hàng , đợi rất lâu chưa thấy mở lại . Yêu_cầu xem_lại bên bán hàng và shiper đăc biệt là shiper .",0
qc ở udung khác nhiều quá hơi ghét . muốn đặt j đó á nó bắt xác_thực sdt mà nhập r thì báo lỗi ủa hỏi chấm,1
"Cái chợ màu cam này cũng không có gì đáng nói ngoài việc lắm mấy cái tính_năng linh_tinh với kiếm xu vãi ò gây nặng máy , giật lag , load chậm hay tách riêng ra App khác đi cho nó mượt = ) . Thêm nữa cái voucher vòng quay phế thật_sự sài không được giống y_chang cái voucher hàng về trễ , bốc đại một cái voucher khác còn ngon hơn 🤓",0
kêu cho sd bộ_nhớ_ngoài sao kh làm v ạ ?,1
mua trên đây rất đúng hàng không bị lừa,1
app cho nhiều ưu_đãi và nhiều sp hấp_dẫn,1
giá_cả hợp_lí 👍,1
mua được đồ 0 đồng ít quá ( ý_kiến riêng ),0
"voucher ít , có cái sài được cái k , toàn bán sp k đúng với hình_ảnh SP quảng_cáo trên shop",0
hàng trong này rẻ,1
Làm thêm giao diêni tối Darkmode đi,0
cái gì cũng có bán,1
"Tốt , mua hàng shopee chưa bao_giờ hối_hận",1
ứng_dụng uy_tín,1
hàng không có một cuộc_gọi đến mà_còn tự_động huỷ hàng tôi rất không hài_lòng,0
Trải_nghiệm tuyệt_vời nhoa ! ❤️❤️❤️,0
"cho hỏi là tống_tiền hay j vậy , hàng_hoá nghi là 5đồng - 26đồng mà khi vào lại lên tận 90,87 đắt thế ai mua mà có mỗi bộ_đồ cho búp_bê bánh gạo thôi mà đắt hơn cả búp_bê",0
"Mua hàng không hoàn được hàng , rõ_ràng hàng bị lỗi mà không cho hoàn , đã nêu rõ vấn_đề mà shoppe không xác_nhận cho hoàn",0
toàn điều thôi,0
tự_ý huỷ đơn của khách bảo vi_phạm . khách hỏi vi_phạm gì thì lại bảo bảo_mật thông_tin chỉ nói vi_phạm . trong khi tỷ_lệ mua hàng thành_công 100% . lại còn đang là khách_hàng ưu_tiên . đặt_hàng xong app tự huỷ đặt lại mất ưu_đãi . app này càng_ngày_càng vớ_vẩn . k nên dùng,0
"mua hàng mà cứ bắt đợi hàng tới , k mua liền được như tạp_hoá",0
có những chỗ hàng không đúng chất_lượng,1
quá sóc rồi,0
săn hàng toàn 1k,1
mần ăn_gian dối giao hàng chậm đưa bằng_chứng sai sự_thật giả,0
cho voucher cho khách_hàng mới mà shop tự_ý huỷ đơn làm_khách mất voucher,0
có những đơn hàng giao nhanh,1
lười đi xa ở gần ko bán hên có cái này ko là chả bt mua đâu,1
còn có cả nữa mà ở 0 đồng đặt vô rồi còn trả tiền cho mình nữa tức quá 😡😡,0
đặt_hàng mà cũng bắt phải xác_minh đủ thứ mệt,0
"sản_phẩm cần chất_lượng , Sop cần có hình_thức xử_lý một_số sản_phẩm ảo dụ khách_hàng mua rồi không gửi hàng .",1
cx oki lắm🏳️‍🌈,1
mua và nhận hàng rất bình_thường tự_dưng lỗi k cho thanh_toán,0
có shoppe mình tiêt kiêm dc rât như tìn,1
